{"credit":"By KeepMeow","texture_size":[64,64],"textures":{"0":"./pets/animation/bat_anim1_pet","1":"./pets/animation/bat_anim2_pet"},"elements":[{"from":[20,10,9.5],"to":[28,22,9.5],"faces":{"north":{"uv":[6.25,4.25,8.25,7.25],"texture":"#0"},"east":{"uv":[6,4.25,6.25,7.25],"texture":"#0"},"south":{"uv":[8.25,4.25,6.25,7.25],"texture":"#0"},"west":{"uv":[8.25,4.25,8.5,7.25],"texture":"#0"},"up":{"uv":[8.25,4.25,6.25,4],"texture":"#0"},"down":{"uv":[10.25,4,8.25,4.25],"texture":"#0"}}},{"from":[3,-8,9],"to":[13,8,9],"faces":{"north":{"uv":[0.25,8.75,2.75,12.75],"texture":"#0"},"east":{"uv":[0,8.75,0.25,12.75],"texture":"#0"},"south":{"uv":[2.75,8.75,0.25,12.75],"texture":"#0"},"west":{"uv":[2.75,8.75,3,12.75],"texture":"#0"},"up":{"uv":[2.75,8.75,0.25,8.5],"texture":"#0"},"down":{"uv":[5.25,8.5,2.75,8.75],"texture":"#0"}}},{"from":[5,8,5],"to":[11,20,11],"faces":{"north":{"uv":[1.5,5.5,3,8.5],"texture":"#0"},"east":{"uv":[0,5.5,1.5,8.5],"texture":"#0"},"south":{"uv":[4.5,5.5,6,8.5],"texture":"#0"},"west":{"uv":[3,5.5,4.5,8.5],"texture":"#0"},"up":{"uv":[3,5.5,1.5,4],"texture":"#0"},"down":{"uv":[4.5,4,3,5.5],"texture":"#0"}}},{"from":[9,25,-11],"to":[12,29,-10],"rotation":{"angle":45,"axis":"x","origin":[0,0,0]},"faces":{"north":{"uv":[6.25,0.25,7,1.25],"texture":"#0"},"east":{"uv":[6,0.25,6.25,1.25],"texture":"#0"},"south":{"uv":[7.25,0.25,8,1.25],"texture":"#0"},"west":{"uv":[7,0.25,7.25,1.25],"texture":"#0"},"up":{"uv":[7,0.25,6.25,0],"texture":"#0"},"down":{"uv":[7.75,0,7,0.25],"texture":"#0"}}},{"from":[5,20,-12],"to":[11,26,-6],"rotation":{"angle":45,"axis":"x","origin":[0,0,0]},"faces":{"north":{"uv":[1.5,1.5,3,3],"texture":"#0"},"east":{"uv":[0,1.5,1.5,3],"texture":"#0"},"south":{"uv":[4.5,1.5,6,3],"texture":"#0"},"west":{"uv":[3,1.5,4.5,3],"texture":"#0"},"up":{"uv":[3,1.5,1.5,0],"texture":"#0"},"down":{"uv":[4.5,0,3,1.5],"texture":"#0"}}},{"from":[4,25,-11],"to":[7,29,-10],"shade":false,"rotation":{"angle":45,"axis":"x","origin":[0,0,0]},"faces":{"north":{"uv":[7,0.25,6.25,1.25],"texture":"#0"},"east":{"uv":[7.25,0.25,7,1.25],"texture":"#0"},"south":{"uv":[8,0.25,7.25,1.25],"texture":"#0"},"west":{"uv":[6.25,0.25,6,1.25],"texture":"#0"},"up":{"uv":[6.25,0.25,7,0],"texture":"#0"},"down":{"uv":[7,0,7.75,0.25],"texture":"#0"}}},{"from":[-4,7,9.5],"to":[6,23,9.5],"shade":false,"faces":{"north":{"uv":[13.25,0.25,10.75,4.25],"texture":"#0"},"east":{"uv":[13.5,0.25,13.25,4.25],"texture":"#0"},"south":{"uv":[10.75,0.25,13.25,4.25],"texture":"#0"},"west":{"uv":[10.75,0.25,10.5,4.25],"texture":"#0"},"up":{"uv":[10.75,0.25,13.25,0],"texture":"#0"},"down":{"uv":[13.25,0,15.75,0.25],"texture":"#0"}}},{"from":[10,7,9.5],"to":[20,23,9.5],"faces":{"north":{"uv":[10.75,0.25,13.25,4.25],"texture":"#0"},"east":{"uv":[10.5,0.25,10.75,4.25],"texture":"#0"},"south":{"uv":[13.25,0.25,10.75,4.25],"texture":"#0"},"west":{"uv":[13.25,0.25,13.5,4.25],"texture":"#0"},"up":{"uv":[13.25,0.25,10.75,0],"texture":"#0"},"down":{"uv":[15.75,0,13.25,0.25],"texture":"#0"}}},{"from":[-12,10,9.5],"to":[-4,22,9.5],"shade":false,"faces":{"north":{"uv":[8.25,4.25,6.25,7.25],"texture":"#0"},"east":{"uv":[8.5,4.25,8.25,7.25],"texture":"#0"},"south":{"uv":[6.25,4.25,8.25,7.25],"texture":"#0"},"west":{"uv":[6.25,4.25,6,7.25],"texture":"#0"},"up":{"uv":[6.25,4.25,8.25,4],"texture":"#0"},"down":{"uv":[8.25,4,10.25,4.25],"texture":"#0"}}},{"from":[10.25,10,18.27],"to":[18.25,22,18.27],"rotation":{"angle":45,"axis":"y","origin":[0,0,0]},"faces":{"north":{"uv":[6.25,4.25,8.25,7.25],"texture":"#1"},"east":{"uv":[6,4.25,6.25,7.25],"texture":"#1"},"south":{"uv":[8.25,4.25,6.25,7.25],"texture":"#1"},"west":{"uv":[8.25,4.25,8.5,7.25],"texture":"#1"},"up":{"uv":[8.25,4.25,6.25,4],"texture":"#1"},"down":{"uv":[10.25,4,8.25,4.25],"texture":"#1"}}},{"from":[3,-8,9],"to":[13,8,9],"faces":{"north":{"uv":[0.25,8.75,2.75,12.75],"texture":"#1"},"east":{"uv":[0,8.75,0.25,12.75],"texture":"#1"},"south":{"uv":[2.75,8.75,0.25,12.75],"texture":"#1"},"west":{"uv":[2.75,8.75,3,12.75],"texture":"#1"},"up":{"uv":[2.75,8.75,0.25,8.5],"texture":"#1"},"down":{"uv":[5.25,8.5,2.75,8.75],"texture":"#1"}}},{"from":[5,8,5],"to":[11,20,11],"faces":{"north":{"uv":[1.5,5.5,3,8.5],"texture":"#1"},"east":{"uv":[0,5.5,1.5,8.5],"texture":"#1"},"south":{"uv":[4.5,5.5,6,8.5],"texture":"#1"},"west":{"uv":[3,5.5,4.5,8.5],"texture":"#1"},"up":{"uv":[3,5.5,1.5,4],"texture":"#1"},"down":{"uv":[4.5,4,3,5.5],"texture":"#1"}}},{"from":[9,25,-11],"to":[12,29,-10],"rotation":{"angle":45,"axis":"x","origin":[0,0,0]},"faces":{"north":{"uv":[6.25,0.25,7,1.25],"texture":"#1"},"east":{"uv":[6,0.25,6.25,1.25],"texture":"#1"},"south":{"uv":[7.25,0.25,8,1.25],"texture":"#1"},"west":{"uv":[7,0.25,7.25,1.25],"texture":"#1"},"up":{"uv":[7,0.25,6.25,0],"texture":"#1"},"down":{"uv":[7.75,0,7,0.25],"texture":"#1"}}},{"from":[5,20,-12],"to":[11,26,-6],"rotation":{"angle":45,"axis":"x","origin":[0,0,0]},"faces":{"north":{"uv":[1.5,1.5,3,3],"texture":"#1"},"east":{"uv":[0,1.5,1.5,3],"texture":"#1"},"south":{"uv":[4.5,1.5,6,3],"texture":"#1"},"west":{"uv":[3,1.5,4.5,3],"texture":"#1"},"up":{"uv":[3,1.5,1.5,0],"texture":"#1"},"down":{"uv":[4.5,0,3,1.5],"texture":"#1"}}},{"from":[4,25,-11],"to":[7,29,-10],"shade":false,"rotation":{"angle":45,"axis":"x","origin":[0,0,0]},"faces":{"north":{"uv":[7,0.25,6.25,1.25],"texture":"#1"},"east":{"uv":[7.25,0.25,7,1.25],"texture":"#1"},"south":{"uv":[8,0.25,7.25,1.25],"texture":"#1"},"west":{"uv":[6.25,0.25,6,1.25],"texture":"#1"},"up":{"uv":[6.25,0.25,7,0],"texture":"#1"},"down":{"uv":[7,0,7.75,0.25],"texture":"#1"}}},{"from":[-1.75,7,7],"to":[8.25,23,7],"shade":false,"rotation":{"angle":-22.5,"axis":"y","origin":[0,0,0]},"faces":{"north":{"uv":[13.25,0.25,10.75,4.25],"texture":"#1"},"east":{"uv":[13.5,0.25,13.25,4.25],"texture":"#1"},"south":{"uv":[10.75,0.25,13.25,4.25],"texture":"#1"},"west":{"uv":[10.75,0.25,10.5,4.25],"texture":"#1"},"up":{"uv":[10.75,0.25,13.25,0],"texture":"#1"},"down":{"uv":[13.25,0,15.75,0.25],"texture":"#1"}}},{"from":[6.5,7,13],"to":[16.5,23,13],"rotation":{"angle":22.5,"axis":"y","origin":[0,0,0]},"faces":{"north":{"uv":[10.75,0.25,13.25,4.25],"texture":"#1"},"east":{"uv":[10.5,0.25,10.75,4.25],"texture":"#1"},"south":{"uv":[13.25,0.25,10.75,4.25],"texture":"#1"},"west":{"uv":[13.25,0.25,13.5,4.25],"texture":"#1"},"up":{"uv":[13.25,0.25,10.75,0],"texture":"#1"},"down":{"uv":[15.75,0,13.25,0.25],"texture":"#1"}}},{"from":[-6.95,10,7.12],"to":[1.05,22,7.12],"shade":false,"rotation":{"angle":-45,"axis":"y","origin":[0,0,0]},"faces":{"north":{"uv":[8.25,4.25,6.25,7.25],"texture":"#1"},"east":{"uv":[8.5,4.25,8.25,7.25],"texture":"#1"},"south":{"uv":[6.25,4.25,8.25,7.25],"texture":"#1"},"west":{"uv":[6.25,4.25,6,7.25],"texture":"#1"},"up":{"uv":[6.25,4.25,8.25,4],"texture":"#1"},"down":{"uv":[8.25,4,10.25,4.25],"texture":"#1"}}}],"display":{"thirdperson_righthand":{"rotation":[75,45,0],"translation":[0,0.5,-1.5],"scale":[0.15,0.15,0.15]},"thirdperson_lefthand":{"rotation":[75,45,0],"translation":[0,0.5,-1.5],"scale":[0.15,0.15,0.15]},"firstperson_righthand":{"rotation":[0,45,0],"scale":[0.15,0.15,0.15]},"firstperson_lefthand":{"rotation":[0,45,0],"scale":[0.15,0.15,0.15]},"ground":{"translation":[0,3,0],"scale":[0.15,0.15,0.15]},"gui":{"rotation":[30,225,0],"translation":[-1,-2.5,0],"scale":[0.35,0.35,0.35]},"head":{"rotation":[-45,0,0],"translation":[32,16,0],"scale":[0.7,0.7,0.7]},"fixed":{"scale":[0.5,0.5,0.5]}},"groups":[{"name":"group","origin":[0,0,0],"color":0,"children":[0,1,2,3,4,5,6,7,8]},{"name":"group","origin":[0,0,0],"color":0,"children":[9,10,11,12,13,14,15,16,17]}]}