{"credit":"By KeepMeow","texture_size":[64,32],"textures":{"0":"./entities/cat/white"},"elements":[{"from":[0,0,9],"to":[16,4,15],"faces":{"north":{"uv":[6.5,3,7.5,11],"rotation":90,"texture":"#0"},"east":{"uv":[7.5,0,8.5,3],"rotation":270,"texture":"#0"},"south":{"uv":[9,3,10,11],"rotation":270,"texture":"#0"},"west":{"uv":[6.5,3,7.5,0],"rotation":270,"texture":"#0"},"up":{"uv":[5,3,6.5,11],"rotation":270,"texture":"#0"},"down":{"uv":[7.5,3,9,11],"rotation":270,"texture":"#0"}}},{"from":[-9.25,0.01,2],"to":[-7.25,2.01,11.75],"rotation":{"angle":45,"axis":"y","origin":[0,0,0]},"faces":{"north":{"uv":[11,0,11.5,1],"rotation":270,"texture":"#0"},"east":{"uv":[11,1,11.5,5.875],"rotation":270,"texture":"#0"},"south":{"uv":[10.5,0,11,1],"texture":"#0"},"west":{"uv":[10,1,10.5,5.875],"rotation":90,"texture":"#0"},"up":{"uv":[11.5,1,12,5.875],"rotation":180,"texture":"#0"},"down":{"uv":[10.5,1,11,5.875],"texture":"#0"}}},{"from":[-3.75,0.01,3],"to":[-1.75,2.01,12.75],"rotation":{"angle":22.5,"axis":"y","origin":[0,0,0]},"faces":{"north":{"uv":[11,0,11.5,1],"rotation":180,"texture":"#0"},"east":{"uv":[11,1,11.5,5.875],"rotation":270,"texture":"#0"},"south":{"uv":[10.5,0,11,1],"texture":"#0"},"west":{"uv":[10,1,10.5,5.875],"rotation":90,"texture":"#0"},"up":{"uv":[11.5,1,12,5.875],"rotation":180,"texture":"#0"},"down":{"uv":[10.5,1,11,5.875],"texture":"#0"}}},{"from":[16,1.5,-9],"to":[18,3.5,-3],"rotation":{"angle":-45,"axis":"y","origin":[1,0,0]},"faces":{"north":{"uv":[3,6.5,3.5,7.5],"rotation":270,"texture":"#0"},"east":{"uv":[2.5,7.5,3,10.5],"rotation":270,"texture":"#0"},"south":{"uv":[2.5,6.5,3,7.5],"rotation":270,"texture":"#0"},"west":{"uv":[3.5,7.5,4,10.5],"rotation":90,"texture":"#0"},"up":{"uv":[3,7.5,3.5,10.5],"rotation":180,"texture":"#0"},"down":{"uv":[2,7.5,2.5,10.5],"texture":"#0"}}},{"from":[15,0.01,-2],"to":[17,2.01,4],"rotation":{"angle":-22.5,"axis":"y","origin":[1,0,0]},"faces":{"north":{"uv":[3,6.5,3.5,7.5],"rotation":180,"texture":"#0"},"east":{"uv":[3,7.5,3.5,10.5],"rotation":270,"texture":"#0"},"south":{"uv":[2.5,6.5,3,7.5],"texture":"#0"},"west":{"uv":[2,7.5,2.5,10.5],"rotation":90,"texture":"#0"},"up":{"uv":[3.5,7.5,4,10.5],"rotation":180,"texture":"#0"},"down":{"uv":[2.5,7.5,3,10.5],"texture":"#0"}}},{"from":[0,2,9.5],"to":[5,6,14.5],"rotation":{"angle":-22.5,"axis":"y","origin":[0,0,0]},"faces":{"north":{"uv":[0,2.5,1.25,4.5],"texture":"#0"},"east":{"uv":[3.75,2.5,5,4.5],"texture":"#0"},"south":{"uv":[2.5,2.5,3.75,4.5],"texture":"#0"},"west":{"uv":[1.25,2.5,2.5,4.5],"texture":"#0"},"up":{"uv":[2.5,2.5,1.25,0],"rotation":270,"texture":"#0"},"down":{"uv":[2.5,0,3.75,2.5],"rotation":90,"texture":"#0"}}},{"from":[-1,2,10.5],"to":[0,4,13.5],"rotation":{"angle":-22.5,"axis":"y","origin":[0,0,0]},"faces":{"north":{"uv":[0.25,13,0.5,14],"texture":"#0"},"east":{"uv":[1.25,12,2,13],"texture":"#0"},"south":{"uv":[1.25,13,1.5,14],"texture":"#0"},"west":{"uv":[0.5,13,1.25,14],"texture":"#0"},"up":{"uv":[0.5,12.5,1.25,13],"rotation":270,"texture":"#0"},"down":{"uv":[1.25,12.5,2,13],"rotation":90,"texture":"#0"}}},{"from":[3,6,13],"to":[5,7,14],"rotation":{"angle":-22.5,"axis":"y","origin":[0,0,0]},"faces":{"north":{"uv":[0.5,6,1,6.5],"texture":"#0"},"east":{"uv":[1,6,1.25,6.5],"texture":"#0"},"south":{"uv":[0,6,0.5,6.5],"texture":"#0"},"west":{"uv":[1.25,6,1.5,6.5],"texture":"#0"},"up":{"uv":[0.75,5,1,6],"rotation":270,"texture":"#0"},"down":{"uv":[0.5,5,0.75,6],"rotation":90,"texture":"#0"}}},{"from":[3,6,10],"to":[5,7,11],"rotation":{"angle":-22.5,"axis":"y","origin":[0,0,0]},"faces":{"north":{"uv":[0,6,0.5,6.5],"texture":"#0"},"east":{"uv":[1,6,1.25,6.5],"texture":"#0"},"south":{"uv":[0.5,6,1,6.5],"texture":"#0"},"west":{"uv":[1.25,6,1.5,6.5],"texture":"#0"},"up":{"uv":[0.75,5,1,6],"rotation":270,"texture":"#0"},"down":{"uv":[0.5,5,0.75,6],"rotation":90,"texture":"#0"}}},{"from":[1,1.5,20.5],"to":[9,2.5,21.5],"rotation":{"angle":45,"axis":"y","origin":[0,0,0]},"faces":{"north":{"uv":[2,8,0,8.5],"texture":"#0"},"east":{"uv":[0.25,7.5,0.5,8],"texture":"#0"},"south":{"uv":[0,8.5,2,9],"texture":"#0"},"west":{"uv":[0.5,7.5,0.75,8],"texture":"#0"},"up":{"uv":[0,8,0.25,12],"rotation":270,"texture":"#0"},"down":{"uv":[0.25,8,0.5,12],"rotation":90,"texture":"#0"}}},{"from":[20.75,1.5,0.75],"to":[21.75,2.5,8.75],"faces":{"north":{"uv":[1.5,7.5,1.75,8],"texture":"#0"},"east":{"uv":[0,11,2,11.5],"texture":"#0"},"south":{"uv":[1.25,7.5,1.5,8],"texture":"#0"},"west":{"uv":[2,11.5,0,12],"texture":"#0"},"up":{"uv":[1.5,8,1.75,12],"rotation":180,"texture":"#0"},"down":{"uv":[2,12,1.75,8],"rotation":180,"texture":"#0"}}}],"display":{"thirdperson_righthand":{"rotation":[75,45,0],"translation":[0,2.5,0],"scale":[0.375,0.375,0.375]},"thirdperson_lefthand":{"rotation":[75,45,0],"translation":[0,2.5,0],"scale":[0.375,0.375,0.375]},"firstperson_righthand":{"rotation":[0,-45,0],"translation":[0,2,0],"scale":[0.4,0.4,0.4]},"firstperson_lefthand":{"rotation":[0,135,0],"translation":[0,2,0],"scale":[0.4,0.4,0.4]},"ground":{"translation":[0,3,0],"scale":[0.25,0.25,0.25]},"gui":{"rotation":[30,135,0],"translation":[0.25,2,0],"scale":[0.575,0.575,0.575]},"head":{"translation":[0.5,5,0],"scale":[1.5,1.5,1.5]},"fixed":{"scale":[0.5,0.5,0.5]}}}