{"credit":"By KeepMeow","texture_size":[64,32],"textures":{"0":"./entities/creeper/creeper"},"elements":[{"name":"head","from":[5,9,4],"to":[11,15,10],"faces":{"north":{"uv":[2,4,4,8],"texture":"#0"},"east":{"uv":[0,4,2,8],"texture":"#0"},"south":{"uv":[6,4,8,8],"texture":"#0"},"west":{"uv":[4,4,6,8],"texture":"#0"},"up":{"uv":[4,4,2,0],"texture":"#0"},"down":{"uv":[6,0,4,4],"texture":"#0"}}},{"name":"body","from":[6,3,6],"to":[10,9,8],"faces":{"north":{"uv":[5,10,7,16],"texture":"#0"},"east":{"uv":[4,10,5,16],"texture":"#0"},"south":{"uv":[8,10,10,16],"texture":"#0"},"west":{"uv":[7,10,8,16],"texture":"#0"},"up":{"uv":[7,10,5,8],"texture":"#0"},"down":{"uv":[9,8,7,10],"texture":"#0"}}},{"name":"leg5","from":[8.1,3.5,0.25],"to":[10.1,6.5,2.25],"rotation":{"angle":45,"axis":"x","origin":[0,0,0]},"faces":{"north":{"uv":[1,10,2,13],"texture":"#0"},"east":{"uv":[0,10,1,13],"texture":"#0"},"south":{"uv":[3,10,4,13],"texture":"#0"},"west":{"uv":[2,10,3,13],"texture":"#0"},"up":{"uv":[2,10,1,8],"texture":"#0"},"down":{"uv":[3,8,2,10],"texture":"#0"}}},{"name":"leg6","from":[5.9,3.5,0.25],"to":[7.9,6.5,2.25],"rotation":{"angle":45,"axis":"x","origin":[0,0,0]},"faces":{"north":{"uv":[1,10,2,13],"texture":"#0"},"east":{"uv":[0,10,1,13],"texture":"#0"},"south":{"uv":[3,10,4,13],"texture":"#0"},"west":{"uv":[2,10,3,13],"texture":"#0"},"up":{"uv":[2,10,1,8],"texture":"#0"},"down":{"uv":[3,8,2,10],"texture":"#0"}}},{"name":"leg7","from":[5.9,5.75,6],"to":[7.9,7.75,9],"rotation":{"angle":22.5,"axis":"x","origin":[0,0,0]},"faces":{"north":{"uv":[2,10,1,8],"rotation":180,"texture":"#0"},"east":{"uv":[0,10,1,13],"rotation":90,"texture":"#0"},"south":{"uv":[3,8,2,10],"texture":"#0"},"west":{"uv":[2,10,3,13],"rotation":270,"texture":"#0"},"up":{"uv":[3,10,4,13],"texture":"#0"},"down":{"uv":[1,10,2,13],"rotation":180,"texture":"#0"}}},{"name":"leg6","from":[8.1,5.75,6],"to":[10.1,7.75,9],"rotation":{"angle":22.5,"axis":"x","origin":[0,0,0]},"faces":{"north":{"uv":[2,10,1,8],"rotation":180,"texture":"#0"},"east":{"uv":[0,10,1,13],"rotation":90,"texture":"#0"},"south":{"uv":[3,8,2,10],"texture":"#0"},"west":{"uv":[2,10,3,13],"rotation":270,"texture":"#0"},"up":{"uv":[3,10,4,13],"texture":"#0"},"down":{"uv":[1,10,2,13],"rotation":180,"texture":"#0"}}}],"display":{"thirdperson_righthand":{"rotation":[75,45,0],"translation":[0,1,0],"scale":[0.375,0.375,0.375]},"thirdperson_lefthand":{"rotation":[75,45,0],"translation":[0,1,0],"scale":[0.375,0.375,0.375]},"firstperson_righthand":{"rotation":[0,45,0],"translation":[0,1,0],"scale":[0.4,0.4,0.4]},"firstperson_lefthand":{"rotation":[0,45,0],"translation":[0,1,0],"scale":[0.4,0.4,0.4]},"ground":{"translation":[0,3,0],"scale":[0.25,0.25,0.25]},"gui":{"rotation":[30,225,0],"translation":[-0.5,0,0],"scale":[0.9,0.9,0.9]},"head":{"rotation":[0,45,0],"translation":[-4,15.25,-4],"scale":[1.5,1.5,1.5]},"fixed":{"scale":[0.5,0.5,0.5]}}}