{"credit":"By KeepMeow","texture_size":[64,32],"textures":{"0":"./entities/endermite"},"elements":[{"from":[5,0,5.5],"to":[11,4,10.5],"faces":{"north":{"uv":[1.25,5,2.75,7],"texture":"#0"},"east":{"uv":[0,5,1.25,7],"texture":"#0"},"south":{"uv":[4,5,5.5,7],"texture":"#0"},"west":{"uv":[2.75,5,4,7],"texture":"#0"},"up":{"uv":[2.75,5,1.25,2.5],"texture":"#0"},"down":{"uv":[4.25,2.5,2.75,5],"texture":"#0"}}},{"from":[6,0,3.5],"to":[10,3,5.5],"faces":{"north":{"uv":[0.5,1,1.5,2.5],"texture":"#0"},"east":{"uv":[0,1,0.5,2.5],"texture":"#0"},"south":{"uv":[2,1,3,2.5],"texture":"#0"},"west":{"uv":[1.5,1,2,2.5],"texture":"#0"},"up":{"uv":[1.5,1,0.5,0],"texture":"#0"},"down":{"uv":[2.5,0,1.5,1],"texture":"#0"}}},{"from":[6.5,0,10.5],"to":[9.5,3,11.5],"faces":{"north":{"uv":[0.25,7.5,1,9],"texture":"#0"},"east":{"uv":[0,7.5,0.25,9],"texture":"#0"},"south":{"uv":[1.25,7.5,2,9],"texture":"#0"},"west":{"uv":[1,7.5,1.25,9],"texture":"#0"},"up":{"uv":[1,7.5,0.25,7],"texture":"#0"},"down":{"uv":[1.75,7,1,7.5],"texture":"#0"}}},{"from":[7.5,0,11.5],"to":[8.5,2,12.5],"faces":{"north":{"uv":[0.25,9.5,0.5,10.5],"texture":"#0"},"east":{"uv":[0,9.5,0.25,10.5],"texture":"#0"},"south":{"uv":[0.75,9.5,1,10.5],"texture":"#0"},"west":{"uv":[0.5,9.5,0.75,10.5],"texture":"#0"},"up":{"uv":[0.5,9.5,0.25,9],"texture":"#0"},"down":{"uv":[0.75,9,0.5,9.5],"texture":"#0"}}}],"display":{"thirdperson_righthand":{"rotation":[75,45,0],"translation":[0,2,2],"scale":[0.375,0.375,0.375]},"thirdperson_lefthand":{"rotation":[75,45,0],"translation":[0,2,2],"scale":[0.375,0.375,0.375]},"firstperson_righthand":{"rotation":[0,45,0],"translation":[0,2,0],"scale":[0.4,0.4,0.4]},"firstperson_lefthand":{"rotation":[0,45,0],"translation":[0,2,0],"scale":[0.4,0.4,0.4]},"ground":{"translation":[0,3,0],"scale":[0.35,0.35,0.35]},"gui":{"rotation":[30,225,0],"translation":[0,4.5,0]},"head":{"rotation":[0,-15,0],"translation":[0,19.75,0],"scale":[1.5,1.5,1.5]},"fixed":{"scale":[0.5,0.5,0.5]}}}