{"credit":"By KeepMeow","texture_size":[64,64],"textures":{"1":"./pets/static/keepmeow_pet","3":"block/repeating_command_block_back"},"elements":[{"from":[5,13.75,-1.5],"to":[11,19.75,4.5],"rotation":{"angle":22.5,"axis":"x","origin":[-16,-4,1]},"faces":{"north":{"uv":[2,2,4,4],"texture":"#1"},"east":{"uv":[0,2,2,4],"texture":"#1"},"south":{"uv":[6,2,8,4],"texture":"#1"},"west":{"uv":[4,2,6,4],"texture":"#1"},"up":{"uv":[4,2,2,0],"texture":"#1"},"down":{"uv":[6,0,4,2],"texture":"#1"}}},{"from":[4.5,13.25,5],"to":[11.5,20.25,5],"rotation":{"angle":22.5,"axis":"x","origin":[-16,-4,1]},"faces":{"north":{"uv":[14,2,16,4],"texture":"#1"},"east":{"uv":[8,2,10,4],"texture":"#1"},"south":{"uv":[16,2,14,4],"texture":"#1"},"west":{"uv":[12,2,14,4],"texture":"#1"},"up":{"uv":[12,2,10,0],"texture":"#1"},"down":{"uv":[14,0,12,2],"texture":"#1"}}},{"from":[4.5,13.25,-2],"to":[4.5,20.25,5],"rotation":{"angle":22.5,"axis":"x","origin":[-16,-4,1]},"faces":{"north":{"uv":[14,2,16,4],"texture":"#1"},"east":{"uv":[14,2,12,4],"texture":"#1"},"south":{"uv":[16,2,14,4],"texture":"#1"},"west":{"uv":[12,2,14,4],"texture":"#1"},"up":{"uv":[12,2,10,0],"texture":"#1"},"down":{"uv":[14,0,12,2],"texture":"#1"}}},{"from":[11.5,13.25,-2],"to":[11.5,20.25,5],"rotation":{"angle":22.5,"axis":"x","origin":[-16,-4,1]},"faces":{"north":{"uv":[14,2,16,4],"texture":"#1"},"east":{"uv":[8,2,10,4],"texture":"#1"},"south":{"uv":[16,2,14,4],"texture":"#1"},"west":{"uv":[10,2,8,4],"texture":"#1"},"up":{"uv":[12,2,10,0],"texture":"#1"},"down":{"uv":[14,0,12,2],"texture":"#1"}}},{"from":[4.5,13.25,-2],"to":[11.5,20.25,-2],"rotation":{"angle":22.5,"axis":"x","origin":[-16,-4,1]},"faces":{"north":{"uv":[10,2,12,4],"texture":"#1"},"east":{"uv":[8,2,10,4],"texture":"#1"},"south":{"uv":[12,2,10,4],"texture":"#1"},"west":{"uv":[12,2,14,4],"texture":"#1"},"up":{"uv":[12,2,10,0],"texture":"#1"},"down":{"uv":[14,0,12,2],"texture":"#1"}}},{"from":[4.5,20.25,-2],"to":[11.5,20.25,5],"rotation":{"angle":22.5,"axis":"x","origin":[-16,-4,1]},"faces":{"north":{"uv":[10,2,12,4],"texture":"#1"},"east":{"uv":[8,2,10,4],"texture":"#1"},"south":{"uv":[12,2,10,4],"texture":"#1"},"west":{"uv":[12,2,14,4],"texture":"#1"},"up":{"uv":[12,2,10,0],"texture":"#1"},"down":{"uv":[12,0,10,2],"texture":"#1"}}},{"from":[6,6,7.25],"to":[10,12,9.25],"rotation":{"angle":0,"axis":"z","origin":[-16,-4,1]},"faces":{"north":{"uv":[5,5,7,8],"texture":"#1"},"east":{"uv":[4,5,5,8],"texture":"#1"},"south":{"uv":[8,5,10,8],"texture":"#1"},"west":{"uv":[7,5,8,8],"texture":"#1"},"up":{"uv":[7,5,5,4],"texture":"#1"},"down":{"uv":[9,4,7,5],"texture":"#1"}}},{"from":[5.9,5.9,7.15],"to":[10.1,12.1,9.35],"rotation":{"angle":0,"axis":"z","origin":[-16,-4,1]},"faces":{"north":{"uv":[5,9,7,12],"texture":"#1"},"east":{"uv":[4,9,5,12],"texture":"#1"},"south":{"uv":[8,9,10,12],"texture":"#1"},"west":{"uv":[7,9,8,12],"texture":"#1"},"up":{"uv":[7,9,5,8],"texture":"#1"},"down":{"uv":[9,8,7,9],"texture":"#1"}}},{"from":[0,9.75,11],"to":[1.5,11.75,17],"rotation":{"angle":22.5,"axis":"y","origin":[-16,-7,1]},"faces":{"north":{"uv":[12.5,4,11.75,5],"rotation":180,"texture":"#1"},"east":{"uv":[10,5,11,8],"rotation":270,"texture":"#1"},"south":{"uv":[11.75,5,11,4],"texture":"#1"},"west":{"uv":[11.75,5,12.75,8],"rotation":90,"texture":"#1"},"up":{"uv":[11.75,5,11,8],"rotation":180,"texture":"#1"},"down":{"uv":[13.5,5,12.75,8],"texture":"#1"}}},{"from":[-0.1,9.65,10.9],"to":[1.6,11.85,17.1],"rotation":{"angle":22.5,"axis":"y","origin":[-16,-7,1]},"faces":{"north":{"uv":[14,12,13.25,13],"rotation":180,"texture":"#1"},"east":{"uv":[11.5,13,12.5,16],"rotation":270,"texture":"#1"},"south":{"uv":[13.25,13,12.5,12],"texture":"#1"},"west":{"uv":[13.25,13,14.25,16],"rotation":90,"texture":"#1"},"up":{"uv":[12.5,13,13.25,16],"rotation":180,"texture":"#1"},"down":{"uv":[14.25,13,15,16],"texture":"#1"}}},{"from":[10,1.5,13.75],"to":[11.5,7.5,15.75],"rotation":{"angle":-22.5,"axis":"x","origin":[-16,-7,1]},"faces":{"north":{"uv":[13.5,5,12.75,8],"texture":"#1"},"east":{"uv":[11.75,5,12.75,8],"texture":"#1"},"south":{"uv":[11.75,5,11,8],"texture":"#1"},"west":{"uv":[10,5,11,8],"texture":"#1"},"up":{"uv":[11.75,5,11,4],"rotation":180,"texture":"#1"},"down":{"uv":[12.5,4,11.75,5],"rotation":180,"texture":"#1"}}},{"from":[9.9,1.4,13.65],"to":[11.6,7.6,15.85],"rotation":{"angle":-22.5,"axis":"x","origin":[-16,-7,1]},"faces":{"north":{"uv":[13.5,9,12.75,12],"texture":"#1"},"east":{"uv":[10,9,11,12],"texture":"#1"},"south":{"uv":[11.75,9,11,12],"texture":"#1"},"west":{"uv":[11.75,9,12.75,12],"texture":"#1"},"up":{"uv":[11.75,9,11,8],"rotation":180,"texture":"#1"},"down":{"uv":[12.5,8,11.75,9],"rotation":180,"texture":"#1"}}},{"from":[8,2.75,4.25],"to":[10,8.75,6.25],"rotation":{"angle":22.5,"axis":"x","origin":[-16,0,0]},"faces":{"north":{"uv":[1,5,2,8],"texture":"#1"},"east":{"uv":[0,5,1,8],"texture":"#1"},"south":{"uv":[3,5,4,8],"texture":"#1"},"west":{"uv":[2,5,3,8],"texture":"#1"},"up":{"uv":[2,5,1,4],"texture":"#1"},"down":{"uv":[3,4,2,5],"texture":"#1"}}},{"from":[7.9,2.65,4.15],"to":[10.1,8.85,6.35],"rotation":{"angle":22.5,"axis":"x","origin":[-16,0,0]},"faces":{"north":{"uv":[1,9,2,12],"texture":"#1"},"east":{"uv":[0,9,1,12],"texture":"#1"},"south":{"uv":[3,9,4,12],"texture":"#1"},"west":{"uv":[2,9,3,12],"texture":"#1"},"up":{"uv":[2,9,1,8],"texture":"#1"},"down":{"uv":[3,8,2,9],"texture":"#1"}}},{"from":[6,-3.5,9],"to":[8,2.5,11],"rotation":{"angle":-22.5,"axis":"x","origin":[-16,0,0]},"faces":{"north":{"uv":[1,5,2,8],"texture":"#1"},"east":{"uv":[0,5,1,8],"texture":"#1"},"south":{"uv":[3,5,4,8],"texture":"#1"},"west":{"uv":[2,5,3,8],"texture":"#1"},"up":{"uv":[2,5,1,4],"texture":"#1"},"down":{"uv":[3,4,2,5],"texture":"#1"}}},{"from":[5.9,-3.6,8.9],"to":[8.1,2.6,11.1],"rotation":{"angle":-22.5,"axis":"x","origin":[-16,0,0]},"faces":{"north":{"uv":[1,13,2,16],"texture":"#1"},"east":{"uv":[0,13,1,16],"texture":"#1"},"south":{"uv":[3,13,4,16],"texture":"#1"},"west":{"uv":[2,13,3,16],"texture":"#1"},"up":{"uv":[2,13,1,12],"texture":"#1"},"down":{"uv":[3,12,2,13],"texture":"#1"}}},{"from":[2,11,1],"to":[5,14,4],"rotation":{"angle":0,"axis":"y","origin":[2,0,0]},"faces":{"north":{"uv":[0,0,16,16],"texture":"#3"},"east":{"uv":[0,0,16,16],"texture":"#3"},"south":{"uv":[0,0,16,16],"texture":"#3"},"west":{"uv":[0,0,16,16],"texture":"#3"},"up":{"uv":[0,0,16,16],"texture":"#3"},"down":{"uv":[0,0,16,16],"texture":"#3"}}}],"display":{"thirdperson_righthand":{"rotation":[75,45,0],"translation":[0,1.5,0],"scale":[0.375,0.375,0.375]},"thirdperson_lefthand":{"rotation":[75,45,0],"translation":[0,1.5,0],"scale":[0.375,0.375,0.375]},"firstperson_righthand":{"rotation":[0,45,0],"scale":[0.4,0.4,0.4]},"firstperson_lefthand":{"rotation":[0,45,0],"scale":[0.4,0.4,0.4]},"ground":{"translation":[0,3,0],"scale":[0.3,0.3,0.3]},"gui":{"rotation":[30,225,0],"translation":[-1,-1,0],"scale":[0.625,0.625,0.625]},"head":{"translation":[0,19,0],"scale":[1.5,1.5,1.5]},"fixed":{"scale":[0.5,0.5,0.5]}}}