{"credit":"By KeepMeow","texture_size":[32,32],"textures":{"0":"./pets/animation/pufferfish_anim1_pet","1":"./pets/animation/pufferfish_anim2_pet","2":"./pets/animation/pufferfish_anim3_pet","3":"./pets/animation/pufferfish_anim4_pet"},"elements":[{"from":[6.5,1,8.5],"to":[9.5,1,11.5],"faces":{"north":{"uv":[0,1.5,1.5,1.5],"texture":"#0"},"east":{"uv":[-1.5,1.5,0,1.5],"texture":"#0"},"south":{"uv":[3,1.5,4.5,1.5],"texture":"#0"},"west":{"uv":[1.5,1.5,3,1.5],"texture":"#0"},"up":{"uv":[1.5,1.5,0,0],"texture":"#0"},"down":{"uv":[3,0,1.5,1.5],"texture":"#0"}}},{"from":[6.5,0,5.5],"to":[9.5,2,8.5],"faces":{"north":{"uv":[1.5,15,3,16],"texture":"#0"},"east":{"uv":[0,15,1.5,16],"texture":"#0"},"south":{"uv":[4.5,15,6,16],"texture":"#0"},"west":{"uv":[3,15,4.5,16],"texture":"#0"},"up":{"uv":[3,15,1.5,13.5],"texture":"#0"},"down":{"uv":[4.5,13.5,3,15],"texture":"#0"}}},{"from":[5.5,1,5.51],"to":[6.5,1,7.51],"faces":{"north":{"uv":[13.5,1,14,1],"texture":"#0"},"east":{"uv":[12.5,1,13.5,1],"texture":"#0"},"south":{"uv":[15,1,15.5,1],"texture":"#0"},"west":{"uv":[14,1,15,1],"texture":"#0"},"up":{"uv":[14,1,13.5,0],"texture":"#0"},"down":{"uv":[14.5,0,14,1],"texture":"#0"}}},{"from":[9.5,1,5.51],"to":[10.5,1,7.51],"faces":{"north":{"uv":[13.5,1,14,1],"texture":"#0"},"east":{"uv":[12.5,1,13.5,1],"texture":"#0"},"south":{"uv":[15,1,15.5,1],"texture":"#0"},"west":{"uv":[14,1,15,1],"texture":"#0"},"up":{"uv":[14,1,13.5,0],"texture":"#0"},"down":{"uv":[14.5,0,14,1],"texture":"#0"}}},{"from":[6.5,2,5.5],"to":[7.5,3,6.5],"faces":{"north":{"uv":[14.5,3.5,15,4],"texture":"#0"},"east":{"uv":[14,3.5,14.5,4],"texture":"#0"},"south":{"uv":[15.5,3.5,16,4],"texture":"#0"},"west":{"uv":[15,3.5,15.5,4],"texture":"#0"},"up":{"uv":[15,3.5,14.5,3],"texture":"#0"},"down":{"uv":[15.5,3,15,3.5],"texture":"#0"}}},{"from":[8.5,2,5.5],"to":[9.5,3,6.5],"faces":{"north":{"uv":[12.5,3.5,13,4],"texture":"#0"},"east":{"uv":[12,3.5,12.5,4],"texture":"#0"},"south":{"uv":[13.5,3.5,14,4],"texture":"#0"},"west":{"uv":[13,3.5,13.5,4],"texture":"#0"},"up":{"uv":[13,3.5,12.5,3],"texture":"#0"},"down":{"uv":[13.5,3,13,3.5],"texture":"#0"}}},{"from":[3.5,4,6.5],"to":[5.5,4,8.5],"rotation":{"angle":0,"axis":"y","origin":[8,-2,8]},"faces":{"north":{"uv":[13,2.5,14,2.5],"texture":"#1"},"east":{"uv":[12,2.5,13,2.5],"texture":"#1"},"south":{"uv":[15,2.5,16,2.5],"texture":"#1"},"west":{"uv":[14,2.5,15,2.5],"texture":"#1"},"up":{"uv":[14,2.5,13,1.5],"texture":"#1"},"down":{"uv":[14,1.5,13,2.5],"texture":"#1"}}},{"from":[5.5,-1,5.5],"to":[10.5,4,10.5],"rotation":{"angle":0,"axis":"y","origin":[8,-2,8]},"faces":{"north":{"uv":[8.5,13.5,11,16],"texture":"#1"},"east":{"uv":[6,13.5,8.5,16],"texture":"#1"},"south":{"uv":[13.5,13.5,16,16],"texture":"#1"},"west":{"uv":[11,13.5,13.5,16],"texture":"#1"},"up":{"uv":[11,13.5,8.5,11],"texture":"#1"},"down":{"uv":[13.5,11,11,13.5],"texture":"#1"}}},{"from":[5.5,4,10.5],"to":[10.5,5,10.5],"rotation":{"angle":-45,"axis":"x","origin":[8,-2,8]},"faces":{"north":{"uv":[10.5,8.5,8,9],"texture":"#1"},"east":{"uv":[7.5,8.5,8,9],"texture":"#1"},"south":{"uv":[8,8.5,10.5,9],"texture":"#1"},"west":{"uv":[10.5,8.5,11,9],"texture":"#1"},"up":{"uv":[10.5,8.5,8,8],"texture":"#1"},"down":{"uv":[13,8,10.5,8.5],"texture":"#1"}}},{"from":[3.5,-1,8],"to":[4.5,4,8],"rotation":{"angle":-45,"axis":"y","origin":[8,-2,8]},"faces":{"north":{"uv":[0.5,8.5,1,11],"texture":"#1"},"east":{"uv":[0,8.5,0.5,11],"texture":"#1"},"south":{"uv":[0.5,8.5,1,11],"texture":"#1"},"west":{"uv":[1,8.5,1.5,11],"texture":"#1"},"up":{"uv":[1,8.5,0.5,8],"texture":"#1"},"down":{"uv":[1.5,8,1,8.5],"texture":"#1"}}},{"from":[11.5,-1,8],"to":[12.5,4,8],"rotation":{"angle":45,"axis":"y","origin":[8,-2,8]},"faces":{"north":{"uv":[4.5,8.5,5,11],"texture":"#1"},"east":{"uv":[4,8.5,4.5,11],"texture":"#1"},"south":{"uv":[4.5,8.5,5,11],"texture":"#1"},"west":{"uv":[5,8.5,5.5,11],"texture":"#1"},"up":{"uv":[5,8.5,4.5,8],"texture":"#1"},"down":{"uv":[5.5,8,5,8.5],"texture":"#1"}}},{"from":[5.5,-4,5.5],"to":[10.5,-3,5.5],"rotation":{"angle":45,"axis":"x","origin":[8,-2,8]},"faces":{"north":{"uv":[8,10,10.5,10.5],"texture":"#1"},"east":{"uv":[8.5,11,9,11.5],"texture":"#1"},"south":{"uv":[10.5,10,8,10.5],"texture":"#1"},"west":{"uv":[11.5,11,12,11.5],"texture":"#1"},"up":{"uv":[11.5,11,9,10.5],"texture":"#1"},"down":{"uv":[14,10.5,11.5,11],"texture":"#1"}}},{"from":[5.5,4,5.5],"to":[10.5,5,5.5],"rotation":{"angle":45,"axis":"x","origin":[8,-2,8]},"faces":{"north":{"uv":[11,8.5,8.5,9],"texture":"#1"},"east":{"uv":[5,8.5,5.5,9],"texture":"#1"},"south":{"uv":[8.5,8.5,11,9],"texture":"#1"},"west":{"uv":[8,8.5,8.5,9],"texture":"#1"},"up":{"uv":[8,8.5,5.5,8],"texture":"#1"},"down":{"uv":[10.5,8,8,8.5],"texture":"#1"}}},{"from":[11.5,-1,8],"to":[12.5,4,8],"rotation":{"angle":-45,"axis":"y","origin":[8,-2,8]},"faces":{"north":{"uv":[4.5,8.5,5,11],"texture":"#1"},"east":{"uv":[4,8.5,4.5,11],"texture":"#1"},"south":{"uv":[4.5,9,5,11.5],"texture":"#1"},"west":{"uv":[5,8.5,5.5,11],"texture":"#1"},"up":{"uv":[5,8.5,4.5,8],"texture":"#1"},"down":{"uv":[5.5,8,5,8.5],"texture":"#1"}}},{"from":[3.5,-1,8],"to":[4.5,4,8],"rotation":{"angle":45,"axis":"y","origin":[8,-2,8]},"faces":{"north":{"uv":[2.5,8.5,3,11],"texture":"#1"},"east":{"uv":[2,8.5,2.5,11],"texture":"#1"},"south":{"uv":[2.5,8.5,3,11],"texture":"#1"},"west":{"uv":[3,8.5,3.5,11],"texture":"#1"},"up":{"uv":[3,8.5,2.5,8],"texture":"#1"},"down":{"uv":[3.5,8,3,8.5],"texture":"#1"}}},{"from":[6.5,-4,10.5],"to":[7.5,-3,10.5],"rotation":{"angle":-45,"axis":"x","origin":[8,-2,8]},"faces":{"north":{"uv":[4.5,11.5,5,12],"texture":"#1"},"east":{"uv":[4,11.5,4.5,12],"texture":"#1"},"south":{"uv":[4.5,11.5,5,12],"texture":"#1"},"west":{"uv":[5,11.5,5.5,12],"texture":"#1"},"up":{"uv":[5,11.5,4.5,11],"texture":"#1"},"down":{"uv":[5.5,11,5,11.5],"texture":"#1"}}},{"from":[10.5,4,6.51],"to":[12.5,4,8.51],"rotation":{"angle":0,"axis":"y","origin":[8,-2,8]},"faces":{"north":{"uv":[13,1,14,1],"texture":"#1"},"east":{"uv":[12,1,13,1],"texture":"#1"},"south":{"uv":[15,1,16,1],"texture":"#1"},"west":{"uv":[14,1,15,1],"texture":"#1"},"up":{"uv":[14,1,13,0],"texture":"#1"},"down":{"uv":[14,0,13,1],"texture":"#1"}}},{"from":[12,4.5,5.01],"to":[14,4.5,7.01],"rotation":{"angle":0,"axis":"y","origin":[8,-2,8]},"faces":{"north":{"uv":[13,1,14,1.5],"texture":"#2"},"east":{"uv":[12,1,13,1.5],"texture":"#2"},"south":{"uv":[15,1,16,1.5],"texture":"#2"},"west":{"uv":[14,1,15,1.5],"texture":"#2"},"up":{"uv":[14,1,13,0],"texture":"#2"},"down":{"uv":[14,0,13,1],"texture":"#2"}}},{"from":[4,-5.75,10.75],"to":[12,-4.75,10.75],"rotation":{"angle":-45,"axis":"x","origin":[8,-2,8]},"faces":{"north":{"uv":[7.5,10,11.5,10.5],"texture":"#2"},"east":{"uv":[7.5,10,7.5,10.5],"texture":"#2"},"south":{"uv":[11.5,10,7.5,10.5],"texture":"#2"},"west":{"uv":[11.5,10,11.5,10.5],"texture":"#2"},"up":{"uv":[11.5,10,7.5,10],"texture":"#2"},"down":{"uv":[15.5,10,11.5,10],"texture":"#2"}}},{"from":[13.5,-2,8],"to":[14.5,6,8],"rotation":{"angle":-45,"axis":"y","origin":[8,-2,8]},"faces":{"north":{"uv":[4.5,8.5,5,12.5],"texture":"#2"},"east":{"uv":[4.5,8.5,4.5,12.5],"texture":"#2"},"south":{"uv":[4.5,8.5,5,12.5],"texture":"#2"},"west":{"uv":[5,8.5,5,12.5],"texture":"#2"},"up":{"uv":[5,8.5,4.5,8.5],"texture":"#2"},"down":{"uv":[5.5,8.5,5,8.5],"texture":"#2"}}},{"from":[1.5,-2,8],"to":[2.5,6,8],"rotation":{"angle":45,"axis":"y","origin":[8,-2,8]},"faces":{"north":{"uv":[4.5,8.5,5,12.5],"texture":"#2"},"east":{"uv":[4.5,8.5,4.5,12.5],"texture":"#2"},"south":{"uv":[4.5,8.5,5,12.5],"texture":"#2"},"west":{"uv":[5,8.5,5,12.5],"texture":"#2"},"up":{"uv":[5,8.5,4.5,8.5],"texture":"#2"},"down":{"uv":[5.5,8.5,5,8.5],"texture":"#2"}}},{"from":[4,6.25,5.25],"to":[12,7.25,5.25],"rotation":{"angle":45,"axis":"x","origin":[8,-2,8]},"faces":{"north":{"uv":[11.5,9,15.5,9.5],"texture":"#2"},"east":{"uv":[11.5,9,11.5,9.5],"texture":"#2"},"south":{"uv":[12,9,16,9.5],"texture":"#2"},"west":{"uv":[15.5,9,15.5,9.5],"texture":"#2"},"up":{"uv":[15.5,9,11.5,9],"texture":"#2"},"down":{"uv":[19.5,9,15.5,9],"texture":"#2"}}},{"from":[4,-5.75,5.25],"to":[12,-4.75,5.25],"rotation":{"angle":45,"axis":"x","origin":[8,-2,8]},"faces":{"north":{"uv":[7.5,10,11.5,10.5],"texture":"#2"},"east":{"uv":[7.5,10,7.5,10.5],"texture":"#2"},"south":{"uv":[11.5,10,7.5,10.5],"texture":"#2"},"west":{"uv":[11.5,10,11.5,10.5],"texture":"#2"},"up":{"uv":[11.5,10,7.5,10],"texture":"#2"},"down":{"uv":[15.5,10,11.5,10],"texture":"#2"}}},{"from":[13.5,-2,8],"to":[14.5,6,8],"rotation":{"angle":45,"axis":"y","origin":[8,-2,8]},"faces":{"north":{"uv":[2.5,8.5,3,12.5],"texture":"#2"},"east":{"uv":[2.5,8.5,2.5,12.5],"texture":"#2"},"south":{"uv":[2.5,8.5,3,12.5],"texture":"#2"},"west":{"uv":[3,8.5,3,12.5],"texture":"#2"},"up":{"uv":[3,8.5,2.5,8.5],"texture":"#2"},"down":{"uv":[3.5,8.5,3,8.5],"texture":"#2"}}},{"from":[1.5,-2,8],"to":[2.5,6,8],"rotation":{"angle":-45,"axis":"y","origin":[8,-2,8]},"faces":{"north":{"uv":[0.5,8.5,1,12.5],"texture":"#2"},"east":{"uv":[0.5,8.5,0.5,12.5],"texture":"#2"},"south":{"uv":[0.5,8.5,1,12.5],"texture":"#2"},"west":{"uv":[1,8.5,1,12.5],"texture":"#2"},"up":{"uv":[1,8.5,0.5,8.5],"texture":"#2"},"down":{"uv":[1.5,8.5,1,8.5],"texture":"#2"}}},{"from":[4,-3,8],"to":[12,-2,8],"rotation":{"angle":0,"axis":"y","origin":[8,-2,8]},"faces":{"north":{"uv":[11.5,10,7.5,10.5],"texture":"#2"},"east":{"uv":[7.5,10,7.5,10.5],"texture":"#2"},"south":{"uv":[7.5,10,11.5,10.5],"texture":"#2"},"west":{"uv":[11.5,10,11.5,10.5],"texture":"#2"},"up":{"uv":[11.5,10,7.5,10],"texture":"#2"},"down":{"uv":[15.5,10,11.5,10],"texture":"#2"}}},{"from":[4,6,8],"to":[12,7,8],"rotation":{"angle":0,"axis":"y","origin":[8,-2,8]},"faces":{"north":{"uv":[11.5,8.5,7.5,9],"texture":"#2"},"east":{"uv":[7,8.5,7.5,9],"texture":"#2"},"south":{"uv":[7.5,8.5,11.5,9],"texture":"#2"},"west":{"uv":[11.5,8.5,12,9],"texture":"#2"},"up":{"uv":[11.5,8.5,7.5,8],"texture":"#2"},"down":{"uv":[15.5,8,11.5,8.5],"texture":"#2"}}},{"from":[4,-2,4],"to":[12,6,12],"rotation":{"angle":0,"axis":"y","origin":[8,-2,8]},"faces":{"north":{"uv":[4,4,8,8],"texture":"#2"},"east":{"uv":[0,4,4,8],"texture":"#2"},"south":{"uv":[12,4,16,8],"texture":"#2"},"west":{"uv":[8,4,12,8],"texture":"#2"},"up":{"uv":[8,4,4,0],"texture":"#2"},"down":{"uv":[12,0,8,4],"texture":"#2"}}},{"from":[4,6.25,10.75],"to":[12,7.25,10.75],"rotation":{"angle":-45,"axis":"x","origin":[8,-2,8]},"faces":{"north":{"uv":[7.5,8.5,11.5,9],"texture":"#2"},"east":{"uv":[7.5,8.5,7.5,9],"texture":"#2"},"south":{"uv":[11.5,8.5,7.5,9],"texture":"#2"},"west":{"uv":[11.5,8.5,11.5,9],"texture":"#2"},"up":{"uv":[11.5,8.5,7.5,8.5],"texture":"#2"},"down":{"uv":[15.5,8.5,11.5,8.5],"texture":"#2"}}},{"from":[2,4.5,5.01],"to":[4,4.5,7.01],"rotation":{"angle":0,"axis":"y","origin":[8,-2,8]},"faces":{"north":{"uv":[13,2.5,14,3],"texture":"#2"},"east":{"uv":[12,2.5,13,3],"texture":"#2"},"south":{"uv":[15,2.5,16,3],"texture":"#2"},"west":{"uv":[14,2.5,15,3],"texture":"#2"},"up":{"uv":[14,2.5,13,1.5],"texture":"#2"},"down":{"uv":[14,1.5,13,2.5],"texture":"#2"}}},{"from":[3.5,4,6.5],"to":[5.5,4,8.5],"rotation":{"angle":0,"axis":"y","origin":[8,-2,8]},"faces":{"north":{"uv":[13,2.5,14,2.5],"texture":"#3"},"east":{"uv":[12,2.5,13,2.5],"texture":"#3"},"south":{"uv":[15,2.5,16,2.5],"texture":"#3"},"west":{"uv":[14,2.5,15,2.5],"texture":"#3"},"up":{"uv":[14,2.5,13,1.5],"texture":"#3"},"down":{"uv":[14,1.5,13,2.5],"texture":"#3"}}},{"from":[5.5,-1,5.5],"to":[10.5,4,10.5],"rotation":{"angle":0,"axis":"y","origin":[8,-2,8]},"faces":{"north":{"uv":[8.5,13.5,11,16],"texture":"#3"},"east":{"uv":[6,13.5,8.5,16],"texture":"#3"},"south":{"uv":[13.5,13.5,16,16],"texture":"#3"},"west":{"uv":[11,13.5,13.5,16],"texture":"#3"},"up":{"uv":[11,13.5,8.5,11],"texture":"#3"},"down":{"uv":[13.5,11,11,13.5],"texture":"#3"}}},{"from":[5.5,4,10.5],"to":[10.5,5,10.5],"rotation":{"angle":-45,"axis":"x","origin":[8,-2,8]},"faces":{"north":{"uv":[10.5,8.5,8,9],"texture":"#3"},"east":{"uv":[7.5,8.5,8,9],"texture":"#3"},"south":{"uv":[8,8.5,10.5,9],"texture":"#3"},"west":{"uv":[10.5,8.5,11,9],"texture":"#3"},"up":{"uv":[10.5,8.5,8,8],"texture":"#3"},"down":{"uv":[13,8,10.5,8.5],"texture":"#3"}}},{"from":[3.5,-1,8],"to":[4.5,4,8],"rotation":{"angle":-45,"axis":"y","origin":[8,-2,8]},"faces":{"north":{"uv":[0.5,8.5,1,11],"texture":"#3"},"east":{"uv":[0,8.5,0.5,11],"texture":"#3"},"south":{"uv":[0.5,8.5,1,11],"texture":"#3"},"west":{"uv":[1,8.5,1.5,11],"texture":"#3"},"up":{"uv":[1,8.5,0.5,8],"texture":"#3"},"down":{"uv":[1.5,8,1,8.5],"texture":"#3"}}},{"from":[11.5,-1,8],"to":[12.5,4,8],"rotation":{"angle":45,"axis":"y","origin":[8,-2,8]},"faces":{"north":{"uv":[4.5,8.5,5,11],"texture":"#3"},"east":{"uv":[4,8.5,4.5,11],"texture":"#3"},"south":{"uv":[4.5,8.5,5,11],"texture":"#3"},"west":{"uv":[5,8.5,5.5,11],"texture":"#3"},"up":{"uv":[5,8.5,4.5,8],"texture":"#3"},"down":{"uv":[5.5,8,5,8.5],"texture":"#3"}}},{"from":[5.5,-4,5.5],"to":[10.5,-3,5.5],"rotation":{"angle":45,"axis":"x","origin":[8,-2,8]},"faces":{"north":{"uv":[8,10,10.5,10.5],"texture":"#3"},"east":{"uv":[8.5,11,9,11.5],"texture":"#3"},"south":{"uv":[10.5,10,8,10.5],"texture":"#3"},"west":{"uv":[11.5,11,12,11.5],"texture":"#3"},"up":{"uv":[11.5,11,9,10.5],"texture":"#3"},"down":{"uv":[14,10.5,11.5,11],"texture":"#3"}}},{"from":[5.5,4,5.5],"to":[10.5,5,5.5],"rotation":{"angle":45,"axis":"x","origin":[8,-2,8]},"faces":{"north":{"uv":[11,8.5,8.5,9],"texture":"#3"},"east":{"uv":[5,8.5,5.5,9],"texture":"#3"},"south":{"uv":[8.5,8.5,11,9],"texture":"#3"},"west":{"uv":[8,8.5,8.5,9],"texture":"#3"},"up":{"uv":[8,8.5,5.5,8],"texture":"#3"},"down":{"uv":[10.5,8,8,8.5],"texture":"#3"}}},{"from":[11.5,-1,8],"to":[12.5,4,8],"rotation":{"angle":-45,"axis":"y","origin":[8,-2,8]},"faces":{"north":{"uv":[4.5,8.5,5,11],"texture":"#3"},"east":{"uv":[4,8.5,4.5,11],"texture":"#3"},"south":{"uv":[4.5,9,5,11.5],"texture":"#3"},"west":{"uv":[5,8.5,5.5,11],"texture":"#3"},"up":{"uv":[5,8.5,4.5,8],"texture":"#3"},"down":{"uv":[5.5,8,5,8.5],"texture":"#3"}}},{"from":[3.5,-1,8],"to":[4.5,4,8],"rotation":{"angle":45,"axis":"y","origin":[8,-2,8]},"faces":{"north":{"uv":[2.5,8.5,3,11],"texture":"#3"},"east":{"uv":[2,8.5,2.5,11],"texture":"#3"},"south":{"uv":[2.5,8.5,3,11],"texture":"#3"},"west":{"uv":[3,8.5,3.5,11],"texture":"#3"},"up":{"uv":[3,8.5,2.5,8],"texture":"#3"},"down":{"uv":[3.5,8,3,8.5],"texture":"#3"}}},{"from":[6.5,-4,10.5],"to":[7.5,-3,10.5],"rotation":{"angle":-45,"axis":"x","origin":[8,-2,8]},"faces":{"north":{"uv":[4.5,11.5,5,12],"texture":"#3"},"east":{"uv":[4,11.5,4.5,12],"texture":"#3"},"south":{"uv":[4.5,11.5,5,12],"texture":"#3"},"west":{"uv":[5,11.5,5.5,12],"texture":"#3"},"up":{"uv":[5,11.5,4.5,11],"texture":"#3"},"down":{"uv":[5.5,11,5,11.5],"texture":"#3"}}},{"from":[10.5,4,6.51],"to":[12.5,4,8.51],"rotation":{"angle":0,"axis":"y","origin":[8,-2,8]},"faces":{"north":{"uv":[13,1,14,1],"texture":"#3"},"east":{"uv":[12,1,13,1],"texture":"#3"},"south":{"uv":[15,1,16,1],"texture":"#3"},"west":{"uv":[14,1,15,1],"texture":"#3"},"up":{"uv":[14,1,13,0],"texture":"#3"},"down":{"uv":[14,0,13,1],"texture":"#3"}}}],"display":{"thirdperson_righthand":{"rotation":[75,45,0],"translation":[0,2,2],"scale":[0.375,0.375,0.375]},"thirdperson_lefthand":{"rotation":[75,45,0],"translation":[0,2,2],"scale":[0.375,0.375,0.375]},"firstperson_righthand":{"rotation":[0,45,0],"translation":[0,4,0],"scale":[0.4,0.4,0.4]},"firstperson_lefthand":{"rotation":[0,45,0],"translation":[0,4,0],"scale":[0.4,0.4,0.4]},"ground":{"translation":[0,3,0],"scale":[0.25,0.25,0.25]},"gui":{"rotation":[30,225,0],"translation":[0,4.5,0],"scale":[0.825,0.825,0.825]},"head":{"translation":[-16,16,-16],"scale":[1.5,1.5,1.5]},"fixed":{"translation":[0,3.5,-1.5],"scale":[0.5,0.5,0.5]}},"groups":[{"name":"group","origin":[0,0,0],"color":0,"children":[0,1,2,3,4,5]},{"name":"group","origin":[0,0,0],"color":0,"children":[6,7,8,9,10,11,12,13,14,15,16]},{"name":"group","origin":[0,0,0],"color":0,"children":[17,18,19,20,21,22,23,24,25,26,27,28,29]},{"name":"group","origin":[0,0,0],"color":0,"children":[30,31,32,33,34,35,36,37,38,39,40]}]}