{"credit":"By KeepMeow","texture_size":[48,48],"textures":{"0":"./pets/static/sea_horror_pet"},"elements":[{"from":[3.5,0,0],"to":[12.5,9,10],"rotation":{"angle":0,"axis":"y","origin":[0,0,-4]},"faces":{"north":{"uv":[6,0,9,3],"texture":"#0"},"east":{"uv":[6,3,9,6.33333],"rotation":90,"texture":"#0"},"south":{"uv":[3,0,6,3],"texture":"#0"},"west":{"uv":[0,6.33333,3,3],"rotation":90,"texture":"#0"},"up":{"uv":[12,3,9,6.33333],"texture":"#0"},"down":{"uv":[3,6.33333,6,3],"texture":"#0"}}},{"from":[11.5,3.5,2],"to":[13.5,5.5,20],"rotation":{"angle":-45,"axis":"y","origin":[0,0,-4]},"faces":{"north":{"uv":[12,0,12.66667,0.66667],"texture":"#0"},"east":{"uv":[12,0,12.66667,6],"rotation":90,"texture":"#0"},"south":{"uv":[12,5.33333,12.66667,6],"texture":"#0"},"west":{"uv":[12.66667,6,13.33333,0],"rotation":90,"texture":"#0"},"up":{"uv":[13.33333,0,14,6],"texture":"#0"},"down":{"uv":[14,6,14.66667,0],"texture":"#0"}}},{"from":[7,-5,11],"to":[9,-3,29],"rotation":{"angle":-45,"axis":"x","origin":[0,0,-4]},"faces":{"north":{"uv":[12,0,12.66667,0.66667],"texture":"#0"},"east":{"uv":[12,0,12.66667,6],"rotation":90,"texture":"#0"},"south":{"uv":[12,5.33333,12.66667,6],"texture":"#0"},"west":{"uv":[13.33333,6,12.66667,0],"rotation":90,"texture":"#0"},"up":{"uv":[13.33333,0,14,6],"texture":"#0"},"down":{"uv":[14,6,14.66667,0],"texture":"#0"}}},{"from":[7,7,10],"to":[9,9,28],"rotation":{"angle":0,"axis":"x","origin":[0,0,-4]},"faces":{"north":{"uv":[12,0,12.66667,0.66667],"texture":"#0"},"east":{"uv":[12,0,12.66667,6],"rotation":90,"texture":"#0"},"south":{"uv":[12,5.33333,12.66667,6],"texture":"#0"},"west":{"uv":[12.66667,6,13.33333,0],"rotation":90,"texture":"#0"},"up":{"uv":[13.33333,0,14,6],"texture":"#0"},"down":{"uv":[14,6,14.66667,0],"texture":"#0"}}},{"from":[10.5,3.5,10],"to":[12.5,5.5,28],"rotation":{"angle":0,"axis":"x","origin":[0,0,-4]},"faces":{"north":{"uv":[12,0,12.66667,0.66667],"texture":"#0"},"east":{"uv":[12,0,12.66667,6],"rotation":90,"texture":"#0"},"south":{"uv":[12,5.33333,12.66667,6],"texture":"#0"},"west":{"uv":[12.66667,6,13.33333,0],"rotation":90,"texture":"#0"},"up":{"uv":[13.33333,0,14,6],"texture":"#0"},"down":{"uv":[14,6,14.66667,0],"texture":"#0"}}},{"from":[3.5,3.5,10],"to":[5.5,5.5,28],"rotation":{"angle":0,"axis":"x","origin":[0,0,-4]},"faces":{"north":{"uv":[12,0,12.66667,0.66667],"texture":"#0"},"east":{"uv":[12,0,12.66667,6],"rotation":90,"texture":"#0"},"south":{"uv":[12,5.33333,12.66667,6],"texture":"#0"},"west":{"uv":[12.66667,6,13.33333,0],"rotation":90,"texture":"#0"},"up":{"uv":[13.33333,0,14,6],"texture":"#0"},"down":{"uv":[14,6,14.66667,0],"texture":"#0"}}},{"from":[7,0,10],"to":[9,2,28],"rotation":{"angle":0,"axis":"x","origin":[0,0,-4]},"faces":{"north":{"uv":[12,0,12.66667,0.66667],"texture":"#0"},"east":{"uv":[12,0,12.66667,6],"rotation":90,"texture":"#0"},"south":{"uv":[12,5.33333,12.66667,6],"texture":"#0"},"west":{"uv":[12.66667,6,13.33333,0],"rotation":90,"texture":"#0"},"up":{"uv":[13.33333,0,14,6],"texture":"#0"},"down":{"uv":[14,6,14.66667,0],"texture":"#0"}}},{"from":[7,9,4],"to":[9,11,22],"rotation":{"angle":45,"axis":"x","origin":[0,0,-4]},"faces":{"north":{"uv":[12,0,12.66667,0.66667],"texture":"#0"},"east":{"uv":[12,0,12.66667,6],"rotation":90,"texture":"#0"},"south":{"uv":[12,5.33333,12.66667,6],"texture":"#0"},"west":{"uv":[12.66667,6,13.33333,0],"rotation":90,"texture":"#0"},"up":{"uv":[13.33333,0,14,6],"texture":"#0"},"down":{"uv":[14,6,14.66667,0],"texture":"#0"}}},{"from":[-2.5,3.5,14],"to":[-0.5,5.5,32],"rotation":{"angle":45,"axis":"y","origin":[0,0,-4]},"faces":{"north":{"uv":[12,0,12.66667,0.66667],"texture":"#0"},"east":{"uv":[12,0,12.66667,6],"rotation":90,"texture":"#0"},"south":{"uv":[12,5.66667,12.66667,6.33334],"texture":"#0"},"west":{"uv":[12.66667,6,13.33333,0],"rotation":90,"texture":"#0"},"up":{"uv":[13.33333,0,14,6],"texture":"#0"},"down":{"uv":[14,6,14.66667,0],"texture":"#0"}}},{"from":[1,-2.5,-16],"to":[7,-2.5,0],"rotation":{"angle":0,"axis":"y","origin":[0,0,-4]},"faces":{"north":{"uv":[0,0,2,0],"texture":"#0"},"east":{"uv":[0,0,5.33333,0],"texture":"#0"},"south":{"uv":[0,0,2,0],"texture":"#0"},"west":{"uv":[0,0,5.33333,0],"texture":"#0"},"up":{"uv":[0,12,2,6.66667],"texture":"#0"},"down":{"uv":[0,6.66667,2,12],"texture":"#0"}}},{"from":[1,3.5,-16],"to":[7,3.5,0],"rotation":{"angle":0,"axis":"y","origin":[0,0,-4]},"faces":{"north":{"uv":[0,0,2,0],"texture":"#0"},"east":{"uv":[0,0,5.33333,0],"texture":"#0"},"south":{"uv":[0,0,2,0],"texture":"#0"},"west":{"uv":[0,0,5.33333,0],"texture":"#0"},"up":{"uv":[6.33333,12,8.33333,6.66667],"texture":"#0"},"down":{"uv":[6.33333,6.66667,8.33333,12],"texture":"#0"}}},{"from":[9,-2.5,-16],"to":[15,-2.5,0],"rotation":{"angle":0,"axis":"y","origin":[0,0,-4]},"faces":{"north":{"uv":[0,0,2,0],"texture":"#0"},"east":{"uv":[0,0,5.33333,0],"texture":"#0"},"south":{"uv":[0,0,2,0],"texture":"#0"},"west":{"uv":[0,0,5.33333,0],"texture":"#0"},"up":{"uv":[2,12,0,6.66667],"texture":"#0"},"down":{"uv":[2,6.66667,0,12],"texture":"#0"}}},{"from":[9,3.5,-16],"to":[15,3.5,0],"rotation":{"angle":0,"axis":"y","origin":[0,0,-4]},"faces":{"north":{"uv":[0,0,2,0],"texture":"#0"},"east":{"uv":[0,0,5.33333,0],"texture":"#0"},"south":{"uv":[0,0,2,0],"texture":"#0"},"west":{"uv":[0,0,5.33333,0],"texture":"#0"},"up":{"uv":[4.33333,12,6.33333,6.66667],"texture":"#0"},"down":{"uv":[4.33333,6.66667,6.33333,12],"texture":"#0"}}},{"from":[9,5.5,-16],"to":[15,5.5,0],"rotation":{"angle":0,"axis":"y","origin":[0,0,-4]},"faces":{"north":{"uv":[0,0,2,0],"texture":"#0"},"east":{"uv":[0,0,5.33333,0],"texture":"#0"},"south":{"uv":[0,0,2,0],"texture":"#0"},"west":{"uv":[0,0,5.33333,0],"texture":"#0"},"up":{"uv":[8.33333,12,6.33333,6.66667],"texture":"#0"},"down":{"uv":[8.33333,6.66667,6.33333,12],"texture":"#0"}}},{"from":[1,5.5,-16],"to":[7,5.5,0],"rotation":{"angle":0,"axis":"y","origin":[0,0,-4]},"faces":{"north":{"uv":[0,0,2,0],"texture":"#0"},"east":{"uv":[0,0,5.33333,0],"texture":"#0"},"south":{"uv":[0,0,2,0],"texture":"#0"},"west":{"uv":[0,0,5.33333,0],"texture":"#0"},"up":{"uv":[6.33333,12,4.33333,6.66667],"texture":"#0"},"down":{"uv":[6.33333,6.66667,4.33333,12],"texture":"#0"}}},{"from":[15,-2.5,-16],"to":[15,3.5,0],"rotation":{"angle":0,"axis":"y","origin":[0,0,-4]},"faces":{"north":{"uv":[0,0,0,2],"texture":"#0"},"east":{"uv":[2,12,4,6.66667],"rotation":90,"texture":"#0"},"south":{"uv":[0,0,0,2],"texture":"#0"},"west":{"uv":[2,6.66667,4,12],"rotation":90,"texture":"#0"},"up":{"uv":[0,0,0,5.33333],"texture":"#0"},"down":{"uv":[0,0,0,5.33333],"texture":"#0"}}},{"from":[1,-2.5,-16],"to":[1,3.5,0],"rotation":{"angle":0,"axis":"y","origin":[0,0,-4]},"faces":{"north":{"uv":[0,0,0,2],"texture":"#0"},"east":{"uv":[2,12,4,6.66667],"rotation":90,"texture":"#0"},"south":{"uv":[0,0,0,2],"texture":"#0"},"west":{"uv":[2,6.66667,4,12],"rotation":90,"texture":"#0"},"up":{"uv":[0,0,0,5.33333],"texture":"#0"},"down":{"uv":[0,0,0,5.33333],"texture":"#0"}}},{"from":[1,-2.5,-16],"to":[7,3.5,-16],"rotation":{"angle":0,"axis":"y","origin":[0,0,-4]},"faces":{"north":{"uv":[4,12,2,14],"texture":"#0"},"east":{"uv":[0,0,0,2],"texture":"#0"},"south":{"uv":[2,12,4,14],"texture":"#0"},"west":{"uv":[0,0,0,2],"texture":"#0"},"up":{"uv":[0,0,2,0],"texture":"#0"},"down":{"uv":[0,0,2,0],"texture":"#0"}}},{"from":[9,-2.5,-16],"to":[15,3.5,-16],"rotation":{"angle":0,"axis":"y","origin":[0,0,-4]},"faces":{"north":{"uv":[4,12,2,14],"texture":"#0"},"east":{"uv":[0,0,0,2],"texture":"#0"},"south":{"uv":[2,12,4,14],"texture":"#0"},"west":{"uv":[0,0,0,2],"texture":"#0"},"up":{"uv":[0,0,2,0],"texture":"#0"},"down":{"uv":[0,0,2,0],"texture":"#0"}}},{"from":[9,-2.5,-0.01],"to":[15,3.5,-0.01],"rotation":{"angle":0,"axis":"y","origin":[0,0,-4]},"faces":{"north":{"uv":[4,12,2,14],"texture":"#0"},"east":{"uv":[0,0,0,2],"texture":"#0"},"south":{"uv":[2,12,4,14],"texture":"#0"},"west":{"uv":[0,0,0,2],"texture":"#0"},"up":{"uv":[0,0,2,0],"texture":"#0"},"down":{"uv":[0,0,2,0],"texture":"#0"}}},{"from":[1,-2.5,-0.01],"to":[7,3.5,-0.01],"rotation":{"angle":0,"axis":"y","origin":[0,0,-4]},"faces":{"north":{"uv":[4,12,2,14],"texture":"#0"},"east":{"uv":[0,0,0,2],"texture":"#0"},"south":{"uv":[2,12,4,14],"texture":"#0"},"west":{"uv":[0,0,0,2],"texture":"#0"},"up":{"uv":[0,0,2,0],"texture":"#0"},"down":{"uv":[0,0,2,0],"texture":"#0"}}},{"from":[1,5.5,-0.01],"to":[7,11.5,-0.01],"rotation":{"angle":0,"axis":"y","origin":[0,0,-4]},"faces":{"north":{"uv":[4,12,2,14],"texture":"#0"},"east":{"uv":[0,0,0,2],"texture":"#0"},"south":{"uv":[2,12,4,14],"texture":"#0"},"west":{"uv":[0,0,0,2],"texture":"#0"},"up":{"uv":[0,0,2,0],"texture":"#0"},"down":{"uv":[0,0,2,0],"texture":"#0"}}},{"from":[9,11.5,-16],"to":[15,11.5,0],"rotation":{"angle":0,"axis":"y","origin":[0,0,-4]},"faces":{"north":{"uv":[0,0,2,0],"texture":"#0"},"east":{"uv":[0,0,5.33333,0],"texture":"#0"},"south":{"uv":[0,0,2,0],"texture":"#0"},"west":{"uv":[0,0,5.33333,0],"texture":"#0"},"up":{"uv":[2,12,0,6.66667],"texture":"#0"},"down":{"uv":[2,6.66667,0,12],"texture":"#0"}}},{"from":[15,5.5,-16],"to":[15,11.5,0],"rotation":{"angle":0,"axis":"y","origin":[0,0,-4]},"faces":{"north":{"uv":[0,0,0,2],"texture":"#0"},"east":{"uv":[4,12,2,6.66667],"rotation":90,"texture":"#0"},"south":{"uv":[0,0,0,2],"texture":"#0"},"west":{"uv":[4,6.66667,2,12],"rotation":90,"texture":"#0"},"up":{"uv":[0,0,0,5.33333],"texture":"#0"},"down":{"uv":[0,0,0,5.33333],"texture":"#0"}}},{"from":[1,5.5,-16],"to":[1,11.5,0],"rotation":{"angle":0,"axis":"y","origin":[0,0,-4]},"faces":{"north":{"uv":[0,0,0,2],"texture":"#0"},"east":{"uv":[4,12,2,6.66667],"rotation":90,"texture":"#0"},"south":{"uv":[0,0,0,2],"texture":"#0"},"west":{"uv":[4,6.66667,2,12],"rotation":90,"texture":"#0"},"up":{"uv":[0,0,0,5.33333],"texture":"#0"},"down":{"uv":[0,0,0,5.33333],"texture":"#0"}}},{"from":[1,5.5,-16],"to":[7,11.5,-16],"rotation":{"angle":0,"axis":"y","origin":[0,0,-4]},"faces":{"north":{"uv":[4,12,2,14],"texture":"#0"},"east":{"uv":[0,0,0,2],"texture":"#0"},"south":{"uv":[2,12,4,14],"texture":"#0"},"west":{"uv":[0,0,0,2],"texture":"#0"},"up":{"uv":[0,0,2,0],"texture":"#0"},"down":{"uv":[0,0,2,0],"texture":"#0"}}},{"from":[9,5.5,-16],"to":[15,11.5,-16],"rotation":{"angle":0,"axis":"y","origin":[0,0,-4]},"faces":{"north":{"uv":[4,12,2,14],"texture":"#0"},"east":{"uv":[0,0,0,2],"texture":"#0"},"south":{"uv":[2,12,4,14],"texture":"#0"},"west":{"uv":[0,0,0,2],"texture":"#0"},"up":{"uv":[0,0,2,0],"texture":"#0"},"down":{"uv":[0,0,2,0],"texture":"#0"}}},{"from":[9,5.5,-0.01],"to":[15,11.5,-0.01],"rotation":{"angle":0,"axis":"y","origin":[0,0,-4]},"faces":{"north":{"uv":[4,12,2,14],"texture":"#0"},"east":{"uv":[0,0,0,2],"texture":"#0"},"south":{"uv":[2,12,4,14],"texture":"#0"},"west":{"uv":[0,0,0,2],"texture":"#0"},"up":{"uv":[0,0,2,0],"texture":"#0"},"down":{"uv":[0,0,2,0],"texture":"#0"}}},{"from":[1,11.5,-16],"to":[7,11.5,0],"rotation":{"angle":0,"axis":"y","origin":[0,0,-4]},"faces":{"north":{"uv":[0,0,2,0],"texture":"#0"},"east":{"uv":[0,0,5.33333,0],"texture":"#0"},"south":{"uv":[0,0,2,0],"texture":"#0"},"west":{"uv":[0,0,5.33333,0],"texture":"#0"},"up":{"uv":[0,12,2,6.66667],"texture":"#0"},"down":{"uv":[0,6.66667,2,12],"texture":"#0"}}},{"from":[7.5,4,-12],"to":[8.5,5,6],"faces":{"north":{"uv":[14.66667,11.66667,15,12],"texture":"#0"},"east":{"uv":[15,12,14.66667,0],"rotation":90,"texture":"#0"},"south":{"uv":[14.66667,0,15,0.33333],"texture":"#0"},"west":{"uv":[15,0,15.33333,12],"rotation":90,"texture":"#0"},"up":{"uv":[15.33333,12,15.66667,0],"texture":"#0"},"down":{"uv":[15.66667,0,16,12],"texture":"#0"}}}],"display":{"thirdperson_righthand":{"rotation":[75,45,0],"translation":[0,0.5,1],"scale":[0.2,0.2,0.2]},"thirdperson_lefthand":{"rotation":[75,45,0],"translation":[0,0.5,1],"scale":[0.2,0.2,0.2]},"firstperson_righthand":{"rotation":[0,45,0],"scale":[0.2,0.2,0.2]},"firstperson_lefthand":{"rotation":[0,45,0],"scale":[0.2,0.2,0.2]},"ground":{"translation":[0,3,0],"scale":[0.2,0.2,0.2]},"gui":{"rotation":[30,225,0],"scale":[0.35,0.35,0.35]},"head":{"rotation":[0,-15,0],"translation":[-28,16,0]},"fixed":{"scale":[0.5,0.5,0.5]}}}