{"credit":"By KeepMeow","texture_size":[64,64],"textures":{"0":"./entities/snow_golem","1":"block/carved_pumpkin","2":"block/pumpkin_side","4":"block/pumpkin_top"},"elements":[{"from":[4.5,11,4.5],"to":[11.5,18,11.5],"rotation":{"angle":0,"axis":"y","origin":[8,-9.5,8]},"faces":{"north":{"uv":[2,2,4,4],"texture":"#0"},"east":{"uv":[0,2,2,4],"texture":"#0"},"south":{"uv":[6,2,8,4],"texture":"#0"},"west":{"uv":[4,2,6,4],"texture":"#0"},"up":{"uv":[4,2,2,0],"texture":"#0"},"down":{"uv":[6,0,4,2],"texture":"#0"}}},{"from":[4.25,10.75,4.25],"to":[11.75,18.25,11.75],"rotation":{"angle":0,"axis":"y","origin":[8,-9.5,8]},"faces":{"north":{"uv":[0,0,16,16],"texture":"#1"},"east":{"uv":[0,0,16,16],"texture":"#2"},"south":{"uv":[0,0,16,16],"texture":"#2"},"west":{"uv":[0,0,16,16],"texture":"#2"},"up":{"uv":[16,16,0,0],"texture":"#4"},"down":{"uv":[16,0,0,16],"texture":"#4"}}},{"from":[5.5,6,5.5],"to":[10.5,11,10.5],"rotation":{"angle":0,"axis":"y","origin":[8,-9.5,8]},"faces":{"north":{"uv":[2.5,6.5,5,9],"texture":"#0"},"east":{"uv":[0,6.5,2.5,9],"texture":"#0"},"south":{"uv":[7.5,6.5,10,9],"texture":"#0"},"west":{"uv":[5,6.5,7.5,9],"texture":"#0"},"up":{"uv":[5,6.5,2.5,4],"texture":"#0"},"down":{"uv":[7.5,4,5,6.5],"texture":"#0"}}},{"from":[5,0,5],"to":[11,6,11],"rotation":{"angle":0,"axis":"y","origin":[8,0,9]},"faces":{"north":{"uv":[3,12,6,15],"texture":"#0"},"east":{"uv":[0,12,3,15],"texture":"#0"},"south":{"uv":[9,12,12,15],"texture":"#0"},"west":{"uv":[6,12,9,15],"texture":"#0"},"up":{"uv":[6,12,3,9],"texture":"#0"},"down":{"uv":[9,9,6,12],"texture":"#0"}}},{"from":[-2,1.75,7.25],"to":[-1.5,7.25,7.75],"rotation":{"angle":-22.5,"axis":"z","origin":[8,-9.5,8]},"faces":{"north":{"uv":[8.5,0.5,11.5,1],"rotation":90,"texture":"#0"},"east":{"uv":[14.5,0,11.5,0.5],"rotation":270,"texture":"#0"},"south":{"uv":[12,0.5,15,1],"rotation":270,"texture":"#0"},"west":{"uv":[11.5,0.5,8.5,0],"rotation":270,"texture":"#0"},"up":{"uv":[8,0.5,8.5,1],"rotation":270,"texture":"#0"},"down":{"uv":[11.5,0.5,12,1],"rotation":270,"texture":"#0"}}},{"from":[17.5,1.75,7.25],"to":[18,7.25,7.75],"rotation":{"angle":22.5,"axis":"z","origin":[8,-9.5,8]},"faces":{"north":{"uv":[8.5,0.5,11.5,1],"rotation":270,"texture":"#0"},"east":{"uv":[11.5,0.5,8.5,0],"rotation":90,"texture":"#0"},"south":{"uv":[12,0.5,15,1],"rotation":90,"texture":"#0"},"west":{"uv":[14.5,0,11.5,0.5],"rotation":90,"texture":"#0"},"up":{"uv":[11.5,0.5,12,1],"rotation":90,"texture":"#0"},"down":{"uv":[8,0.5,8.5,1],"rotation":90,"texture":"#0"}}}],"display":{"thirdperson_righthand":{"rotation":[75,45,0],"translation":[0,1,0],"scale":[0.375,0.375,0.375]},"thirdperson_lefthand":{"rotation":[75,45,0],"translation":[0,1,0],"scale":[0.375,0.375,0.375]},"firstperson_righthand":{"rotation":[0,45,0],"scale":[0.4,0.4,0.4]},"firstperson_lefthand":{"rotation":[0,45,0],"scale":[0.4,0.4,0.4]},"ground":{"translation":[0,4,0],"scale":[0.25,0.25,0.25]},"gui":{"rotation":[30,225,0],"scale":[0.625,0.625,0.625]},"head":{"translation":[0,18,0],"scale":[1.5,1.5,1.5]},"fixed":{"scale":[0.5,0.5,0.5]}}}