{"credit":"By KeepMeow","texture_size":[64,32],"textures":{"0":"./entities/squid/squid"},"elements":[{"from":[2,6,2],"to":[14,22,14],"rotation":{"angle":0,"axis":"y","origin":[0,5,0]},"faces":{"north":{"uv":[3,6,6,14],"texture":"#0"},"east":{"uv":[0,6,3,14],"texture":"#0"},"south":{"uv":[9,6,12,14],"texture":"#0"},"west":{"uv":[6,6,9,14],"texture":"#0"},"up":{"uv":[6,6,3,0],"texture":"#0"},"down":{"uv":[9,0,6,6],"texture":"#0"}}},{"from":[12,-8.5,-2.25],"to":[14,1.5,-0.25],"rotation":{"angle":-22.5,"axis":"x","origin":[0,4,2.5]},"faces":{"north":{"uv":[12.5,5,13,10],"texture":"#0"},"east":{"uv":[12,5,12.5,10],"texture":"#0"},"south":{"uv":[13.5,5,14,10],"texture":"#0"},"west":{"uv":[13,5,13.5,10],"texture":"#0"},"up":{"uv":[13,1,12.5,0],"texture":"#0"},"down":{"uv":[13.5,0,13,1],"texture":"#0"}}},{"from":[7,-8.5,-2.25],"to":[9,1.5,-0.25],"rotation":{"angle":-22.5,"axis":"x","origin":[0,4,2.5]},"faces":{"north":{"uv":[12.5,5,13,10],"texture":"#0"},"east":{"uv":[12,5,12.5,10],"texture":"#0"},"south":{"uv":[13.5,5,14,10],"texture":"#0"},"west":{"uv":[13,5,13.5,10],"texture":"#0"},"up":{"uv":[13,1,12.5,0],"texture":"#0"},"down":{"uv":[13.5,0,13,1],"texture":"#0"}}},{"from":[2,-8.5,-2.25],"to":[4,1.5,-0.25],"rotation":{"angle":-22.5,"axis":"x","origin":[0,4,2.5]},"faces":{"north":{"uv":[12.5,5,13,10],"texture":"#0"},"east":{"uv":[12,5,12.5,10],"texture":"#0"},"south":{"uv":[13.5,5,14,10],"texture":"#0"},"west":{"uv":[13,5,13.5,10],"texture":"#0"},"up":{"uv":[13,1,12.5,0],"texture":"#0"},"down":{"uv":[13.5,0,13,1],"texture":"#0"}}},{"from":[7,-11,12],"to":[9,7,14],"rotation":{"angle":0,"axis":"y","origin":[0,5,0]},"faces":{"north":{"uv":[12.5,1,13,10],"texture":"#0"},"east":{"uv":[12,1,12.5,10],"texture":"#0"},"south":{"uv":[13.5,1,14,10],"texture":"#0"},"west":{"uv":[13,1,13.5,10],"texture":"#0"},"up":{"uv":[13,1,12.5,0],"texture":"#0"},"down":{"uv":[13.5,0,13,1],"texture":"#0"}}},{"from":[-1,-11,16.25],"to":[1,7,18.25],"rotation":{"angle":45,"axis":"y","origin":[0,5,0]},"faces":{"north":{"uv":[12.5,1,13,10],"texture":"#0"},"east":{"uv":[12,1,12.5,10],"texture":"#0"},"south":{"uv":[13.5,1,14,10],"texture":"#0"},"west":{"uv":[13,1,13.5,10],"texture":"#0"},"up":{"uv":[13,1,12.5,0],"texture":"#0"},"down":{"uv":[13.5,0,13,1],"texture":"#0"}}},{"from":[1,-10,7],"to":[3,8,9],"rotation":{"angle":-22.5,"axis":"z","origin":[0,5,0]},"faces":{"north":{"uv":[12,1,12.5,10],"texture":"#0"},"east":{"uv":[12.5,1,13,10],"texture":"#0"},"south":{"uv":[13,1,13.5,10],"texture":"#0"},"west":{"uv":[13.5,1,14,10],"texture":"#0"},"up":{"uv":[12.5,0,13,1],"texture":"#0"},"down":{"uv":[13,0,13.5,1],"texture":"#0"}}},{"from":[2,-1,0.75],"to":[4,7,2.75],"rotation":{"angle":22.5,"axis":"x","origin":[0,4,2.5]},"faces":{"north":{"uv":[12,1,12.5,5],"texture":"#0"},"east":{"uv":[13.5,1,14,5],"texture":"#0"},"south":{"uv":[12.5,1,13,5],"texture":"#0"},"west":{"uv":[13,1,13.5,5],"texture":"#0"},"up":{"uv":[12.5,0,13,1],"texture":"#0"},"down":{"uv":[13,0,13.5,1],"texture":"#0"}}},{"from":[7,-1,0.75],"to":[9,7,2.75],"rotation":{"angle":22.5,"axis":"x","origin":[0,4,2.5]},"faces":{"north":{"uv":[12,1,12.5,5],"texture":"#0"},"east":{"uv":[13.5,1,14,5],"texture":"#0"},"south":{"uv":[12.5,1,13,5],"texture":"#0"},"west":{"uv":[13,1,13.5,5],"texture":"#0"},"up":{"uv":[12.5,0,13,1],"texture":"#0"},"down":{"uv":[13,0,13.5,1],"texture":"#0"}}},{"from":[12,-1,0.75],"to":[14,7,2.75],"rotation":{"angle":22.5,"axis":"x","origin":[0,4,2.5]},"faces":{"north":{"uv":[12,1,12.5,5],"texture":"#0"},"east":{"uv":[13.5,1,14,5],"texture":"#0"},"south":{"uv":[12.5,1,13,5],"texture":"#0"},"west":{"uv":[13,1,13.5,5],"texture":"#0"},"up":{"uv":[12.5,0,13,1],"texture":"#0"},"down":{"uv":[13,0,13.5,1],"texture":"#0"}}},{"from":[-7,-11,10.25],"to":[-5,7,12.25],"rotation":{"angle":45,"axis":"y","origin":[0,5,0]},"faces":{"north":{"uv":[12,1,12.5,10],"texture":"#0"},"east":{"uv":[12.5,1,13,10],"texture":"#0"},"south":{"uv":[13,1,13.5,10],"texture":"#0"},"west":{"uv":[13.5,1,14,10],"texture":"#0"},"up":{"uv":[12.5,0,13,1],"texture":"#0"},"down":{"uv":[13,0,13.5,1],"texture":"#0"}}},{"from":[11.75,-16,7],"to":[13.75,2,9],"rotation":{"angle":22.5,"axis":"z","origin":[0,5,0]},"faces":{"north":{"uv":[12,1,12.5,10],"texture":"#0"},"east":{"uv":[13.5,1,14,10],"texture":"#0"},"south":{"uv":[12.5,1,13,10],"texture":"#0"},"west":{"uv":[13,1,13.5,10],"texture":"#0"},"up":{"uv":[12.5,0,13,1],"texture":"#0"},"down":{"uv":[13,0,13.5,1],"texture":"#0"}}}],"display":{"thirdperson_righthand":{"rotation":[75,45,0],"translation":[0,2,0],"scale":[0.3,0.3,0.3]},"thirdperson_lefthand":{"rotation":[75,45,0],"translation":[0,2,0],"scale":[0.3,0.3,0.3]},"firstperson_righthand":{"rotation":[0,45,0],"scale":[0.3,0.3,0.3]},"firstperson_lefthand":{"rotation":[0,45,0],"scale":[0.3,0.3,0.3]},"ground":{"translation":[0,4.5,0],"scale":[0.25,0.25,0.25]},"gui":{"rotation":[30,225,0],"translation":[0,0.75,0],"scale":[0.4,0.4,0.4]},"head":{"translation":[0,9.5,2.5],"scale":[1.5,1.5,1.5]},"fixed":{"scale":[0.5,0.5,0.5]}}}