{"credit":"By KeepMeow","texture_size":[64,64],"textures":{"0":"./entities/wither/wither"},"elements":[{"from":[7,6.1,6.5],"to":[10,16.1,9.5],"faces":{"north":{"uv":[0.75,6.25,1.5,8.75],"texture":"#0"},"east":{"uv":[0,6.25,0.75,8.75],"texture":"#0"},"south":{"uv":[2.25,6.25,3,8.75],"texture":"#0"},"west":{"uv":[1.5,6.25,2.25,8.75],"texture":"#0"},"up":{"uv":[1.5,6.25,0.75,5.5],"texture":"#0"},"down":{"uv":[2.25,5.5,1.5,6.25],"texture":"#0"}}},{"from":[7,-2.9,8.5],"to":[10,3.1,11.5],"rotation":{"angle":-22.5,"axis":"x","origin":[0,0,0]},"faces":{"north":{"uv":[3.75,6.25,4.5,7.75],"texture":"#0"},"east":{"uv":[3,6.25,3.75,7.75],"texture":"#0"},"south":{"uv":[5.25,6.25,6,7.75],"texture":"#0"},"west":{"uv":[4.5,6.25,5.25,7.75],"texture":"#0"},"up":{"uv":[4.5,6.25,3.75,5.5],"texture":"#0"},"down":{"uv":[5.25,5.5,4.5,6.25],"texture":"#0"}}},{"from":[-2,16.1,6.5],"to":[18,19.1,9.5],"faces":{"north":{"uv":[0.75,4.75,5.75,5.5],"texture":"#0"},"east":{"uv":[0,4.75,0.75,5.5],"texture":"#0"},"south":{"uv":[6.5,4.75,11.5,5.5],"texture":"#0"},"west":{"uv":[5.75,4.75,6.5,5.5],"texture":"#0"},"up":{"uv":[5.75,4.75,0.75,4],"texture":"#0"},"down":{"uv":[10.75,4,5.75,4.75],"texture":"#0"}}},{"from":[4,19,3],"to":[12,27,11],"faces":{"north":{"uv":[2,2,4,4],"texture":"#0"},"east":{"uv":[0,2,2,4],"texture":"#0"},"south":{"uv":[6,2,8,4],"texture":"#0"},"west":{"uv":[4,2,6,4],"texture":"#0"},"up":{"uv":[4,2,2,0],"texture":"#0"},"down":{"uv":[6,0,4,2],"texture":"#0"}}},{"from":[16,17,-3.25],"to":[22,23,2.75],"rotation":{"angle":-22.5,"axis":"y","origin":[0,0,0]},"faces":{"north":{"uv":[9.5,1.5,11,3],"texture":"#0"},"east":{"uv":[8,1.5,9.5,3],"texture":"#0"},"south":{"uv":[12.5,1.5,14,3],"texture":"#0"},"west":{"uv":[11,1.5,12.5,3],"texture":"#0"},"up":{"uv":[11,1.5,9.5,0],"texture":"#0"},"down":{"uv":[12.5,0,11,1.5],"texture":"#0"}}},{"from":[-6.75,17,3],"to":[-0.75,23,9],"rotation":{"angle":22.5,"axis":"y","origin":[0,0,0]},"faces":{"north":{"uv":[9.5,1.5,11,3],"texture":"#0"},"east":{"uv":[8,1.5,9.5,3],"texture":"#0"},"south":{"uv":[12.5,1.5,14,3],"texture":"#0"},"west":{"uv":[11,1.5,12.5,3],"texture":"#0"},"up":{"uv":[11,1.5,9.5,0],"texture":"#0"},"down":{"uv":[12.5,0,11,1.5],"texture":"#0"}}},{"from":[3,12.6,7],"to":[14,14.6,9],"faces":{"north":{"uv":[6.5,6,9.25,6.5],"texture":"#0"},"east":{"uv":[6,6,6.5,6.5],"texture":"#0"},"south":{"uv":[9.75,6,12.5,6.5],"texture":"#0"},"west":{"uv":[9.25,6,9.75,6.5],"texture":"#0"},"up":{"uv":[9.25,6,6.5,5.5],"texture":"#0"},"down":{"uv":[12,5.5,9.25,6],"texture":"#0"}}},{"from":[3,10.1,7],"to":[14,12.1,9],"faces":{"north":{"uv":[6.5,6,9.25,6.5],"texture":"#0"},"east":{"uv":[6,6,6.5,6.5],"texture":"#0"},"south":{"uv":[9.75,6,12.5,6.5],"texture":"#0"},"west":{"uv":[9.25,6,9.75,6.5],"texture":"#0"},"up":{"uv":[9.25,6,6.5,5.5],"texture":"#0"},"down":{"uv":[12,5.5,9.25,6],"texture":"#0"}}},{"from":[3,7.6,7],"to":[14,9.6,9],"faces":{"north":{"uv":[6.5,6,9.25,6.5],"texture":"#0"},"east":{"uv":[6,6,6.5,6.5],"texture":"#0"},"south":{"uv":[9.75,6,12.5,6.5],"texture":"#0"},"west":{"uv":[9.25,6,9.75,6.5],"texture":"#0"},"up":{"uv":[9.25,6,6.5,5.5],"texture":"#0"},"down":{"uv":[12,5.5,9.25,6],"texture":"#0"}}}],"display":{"thirdperson_righthand":{"rotation":[75,45,0],"translation":[0,1,-1.5],"scale":[0.275,0.275,0.275]},"thirdperson_lefthand":{"rotation":[75,45,0],"translation":[0,1,-1.5],"scale":[0.275,0.275,0.275]},"firstperson_righthand":{"rotation":[0,45,0],"translation":[0,-3,0],"scale":[0.4,0.4,0.4]},"firstperson_lefthand":{"rotation":[0,45,0],"translation":[0,-3,0],"scale":[0.4,0.4,0.4]},"ground":{"translation":[0,3,0],"scale":[0.2,0.2,0.2]},"gui":{"rotation":[30,225,0],"translation":[0,-3,0],"scale":[0.5,0.5,0.5]},"head":{"rotation":[0,25,0],"translation":[-22.75,0,0]},"fixed":{"translation":[0,-3.5,0],"scale":[0.5,0.5,0.5]}}}