{"credit":"By KeepMeow","texture_size":[64,64],"textures":{"0":"./entities/zombie/zombie"},"elements":[{"from":[5,3.5,8],"to":[11,9.5,14],"rotation":{"angle":22.5,"axis":"y","origin":[0,-4,1]},"faces":{"north":{"uv":[2,2,4,4],"texture":"#0"},"east":{"uv":[0,2,2,4],"texture":"#0"},"south":{"uv":[6,2,8,4],"texture":"#0"},"west":{"uv":[4,2,6,4],"texture":"#0"},"up":{"uv":[4,2,2,0],"texture":"#0"},"down":{"uv":[6,0,4,2],"texture":"#0"}}},{"from":[7,-3,7.25],"to":[13,1,9.25],"rotation":{"angle":22.5,"axis":"z","origin":[0,-4,1]},"faces":{"north":{"uv":[5,5,7,8],"rotation":270,"texture":"#0"},"east":{"uv":[7,5,5,4],"rotation":90,"texture":"#0"},"south":{"uv":[8,5,10,8],"rotation":90,"texture":"#0"},"west":{"uv":[9,4,7,5],"rotation":90,"texture":"#0"},"up":{"uv":[7,5,8,8],"rotation":90,"texture":"#0"},"down":{"uv":[4,5,5,8],"rotation":90,"texture":"#0"}}},{"from":[7,0.75,7],"to":[13,2.75,9],"rotation":{"angle":22.5,"axis":"z","origin":[0,-7,1]},"faces":{"north":{"uv":[11,5,12,8],"rotation":270,"texture":"#0"},"east":{"uv":[12,5,11,4],"rotation":90,"texture":"#0"},"south":{"uv":[13,5,14,8],"rotation":90,"texture":"#0"},"west":{"uv":[13,4,12,5],"rotation":90,"texture":"#0"},"up":{"uv":[12,5,13,8],"rotation":90,"texture":"#0"},"down":{"uv":[10,5,11,8],"rotation":90,"texture":"#0"}}},{"from":[13.75,-10.5,6.75],"to":[19.75,-8.5,8.75],"rotation":{"angle":45,"axis":"z","origin":[0,-7,1]},"faces":{"north":{"uv":[13,5,14,8],"rotation":90,"texture":"#0"},"east":{"uv":[13,4,12,5],"rotation":90,"texture":"#0"},"south":{"uv":[11,5,12,8],"rotation":270,"texture":"#0"},"west":{"uv":[12,5,11,4],"rotation":90,"texture":"#0"},"up":{"uv":[12,5,13,8],"rotation":270,"texture":"#0"},"down":{"uv":[10,5,11,8],"rotation":270,"texture":"#0"}}},{"from":[0,-0.5,7.25],"to":[6,1.5,9.25],"faces":{"north":{"uv":[1,5,2,8],"rotation":270,"texture":"#0"},"east":{"uv":[2,5,1,4],"rotation":90,"texture":"#0"},"south":{"uv":[3,5,4,8],"rotation":90,"texture":"#0"},"west":{"uv":[3,4,2,5],"rotation":90,"texture":"#0"},"up":{"uv":[2,5,3,8],"rotation":90,"texture":"#0"},"down":{"uv":[0,5,1,8],"rotation":90,"texture":"#0"}}},{"from":[0,1.5,7.5],"to":[6,3.5,9.5],"faces":{"north":{"uv":[1,5,2,8],"rotation":270,"texture":"#0"},"east":{"uv":[2,5,1,4],"rotation":90,"texture":"#0"},"south":{"uv":[3,5,4,8],"rotation":90,"texture":"#0"},"west":{"uv":[3,4,2,5],"rotation":90,"texture":"#0"},"up":{"uv":[2,5,3,8],"rotation":90,"texture":"#0"},"down":{"uv":[0,5,1,8],"rotation":90,"texture":"#0"}}}],"display":{"thirdperson_righthand":{"rotation":[75,45,0],"translation":[0,1,1],"scale":[0.375,0.375,0.375]},"thirdperson_lefthand":{"rotation":[75,45,0],"translation":[0,1,1],"scale":[0.375,0.375,0.375]},"firstperson_righthand":{"rotation":[0,45,0],"translation":[0,2,0],"scale":[0.4,0.4,0.4]},"firstperson_lefthand":{"rotation":[0,45,0],"translation":[0,2,0],"scale":[0.4,0.4,0.4]},"ground":{"translation":[0,3,0],"scale":[0.25,0.25,0.25]},"gui":{"rotation":[30,-180,0],"translation":[0,1.5,0],"scale":[0.7,0.7,0.7]},"head":{"rotation":[0,15,-6],"translation":[0,19,0],"scale":[1.5,1.5,1.5]},"fixed":{"scale":[0.5,0.5,0.5]}}}