{
	"credit": "Made with Blockbench",
	"texture_size": [64, 64],
	"textures": {
		"0": "./hat_textures/party_hat_3",
		"particle": "./hat_textures/party_hat_3"
	},
	"elements": [
		{
			"from": [2, 0, 2],
			"to": [13, 2, 13],
			"faces": {
				"north": {"uv": [7.25, 2.75, 10, 3.25], "texture": "#0"},
				"east": {"uv": [7.25, 3.25, 10, 3.75], "texture": "#0"},
				"south": {"uv": [2.5, 7.75, 5.25, 8.25], "texture": "#0"},
				"west": {"uv": [8, 3.75, 10.75, 4.25], "texture": "#0"},
				"up": {"uv": [2.75, 2.75, 0, 0], "texture": "#0"},
				"down": {"uv": [2.75, 2.75, 0, 5.5], "texture": "#0"}
			}
		},
		{
			"from": [3, 2, 3],
			"to": [12, 7, 12],
			"faces": {
				"north": {"uv": [5, 0, 7.25, 1.25], "texture": "#0"},
				"east": {"uv": [5, 1.25, 7.25, 2.5], "texture": "#0"},
				"south": {"uv": [5, 2.5, 7.25, 3.75], "texture": "#0"},
				"west": {"uv": [0, 5.5, 2.25, 6.75], "texture": "#0"},
				"up": {"uv": [5, 2.25, 2.75, 0], "texture": "#0"},
				"down": {"uv": [5, 2.25, 2.75, 4.5], "texture": "#0"}
			}
		},
		{
			"from": [4, 7, 4],
			"to": [11, 13, 11],
			"faces": {
				"north": {"uv": [2.25, 6.25, 4, 7.75], "texture": "#0"},
				"east": {"uv": [6.25, 3.75, 8, 5.25], "texture": "#0"},
				"south": {"uv": [4, 6.25, 5.75, 7.75], "texture": "#0"},
				"west": {"uv": [6.25, 5.25, 8, 6.75], "texture": "#0"},
				"up": {"uv": [4.5, 6.25, 2.75, 4.5], "texture": "#0"},
				"down": {"uv": [6.25, 4.5, 4.5, 6.25], "texture": "#0"}
			}
		},
		{
			"from": [5, 13, 5],
			"to": [10, 19, 10],
			"faces": {
				"north": {"uv": [0, 6.75, 1.25, 8.25], "texture": "#0"},
				"east": {"uv": [5.75, 6.75, 7, 8.25], "texture": "#0"},
				"south": {"uv": [7, 6.75, 8.25, 8.25], "texture": "#0"},
				"west": {"uv": [7.25, 0, 8.5, 1.5], "texture": "#0"},
				"up": {"uv": [8.5, 2.75, 7.25, 1.5], "texture": "#0"},
				"down": {"uv": [2.5, 7.75, 1.25, 9], "texture": "#0"}
			}
		},
		{
			"from": [6, 19, 6],
			"to": [9, 24, 9],
			"faces": {
				"north": {"uv": [6, 9.75, 6.75, 11], "texture": "#0"},
				"east": {"uv": [10, 6.5, 10.75, 7.75], "texture": "#0"},
				"south": {"uv": [6.75, 10, 7.5, 11.25], "texture": "#0"},
				"west": {"uv": [7.5, 10, 8.25, 11.25], "texture": "#0"},
				"up": {"uv": [2, 7.5, 1.25, 6.75], "texture": "#0"},
				"down": {"uv": [4, 11.5, 3.25, 12.25], "texture": "#0"}
			}
		},
		{
			"from": [3, 0, 1],
			"to": [12, 1, 2],
			"faces": {
				"north": {"uv": [10.75, 2.5, 13, 2.75], "texture": "#0"},
				"east": {"uv": [2, 7.5, 2.25, 7.75], "texture": "#0"},
				"south": {"uv": [11, 4.25, 13.25, 4.5], "texture": "#0"},
				"west": {"uv": [8, 6.5, 8.25, 6.75], "texture": "#0"},
				"up": {"uv": [13.25, 4.75, 11, 4.5], "texture": "#0"},
				"down": {"uv": [13.25, 4.75, 11, 5], "texture": "#0"}
			}
		},
		{
			"from": [3, 2, 2],
			"to": [12, 4, 3],
			"faces": {
				"north": {"uv": [8.5, 2.25, 10.75, 2.75], "texture": "#0"},
				"east": {"uv": [13.75, 13.75, 14, 14.25], "texture": "#0"},
				"south": {"uv": [7, 9, 9.25, 9.5], "texture": "#0"},
				"west": {"uv": [14, 0.25, 14.25, 0.75], "texture": "#0"},
				"up": {"uv": [8.25, 11.5, 6, 11.25], "texture": "#0"},
				"down": {"uv": [10.5, 11.25, 8.25, 11.5], "texture": "#0"}
			}
		},
		{
			"from": [3, 2, 12],
			"to": [12, 4, 13],
			"faces": {
				"north": {"uv": [9.25, 9, 11.5, 9.5], "texture": "#0"},
				"east": {"uv": [14, 1.25, 14.25, 1.75], "texture": "#0"},
				"south": {"uv": [7, 9.5, 9.25, 10], "texture": "#0"},
				"west": {"uv": [1.5, 14, 1.75, 14.5], "texture": "#0"},
				"up": {"uv": [12.75, 11.5, 10.5, 11.25], "texture": "#0"},
				"down": {"uv": [2.25, 11.5, 0, 11.75], "texture": "#0"}
			}
		},
		{
			"from": [4, 1, 1],
			"to": [11, 3, 2],
			"faces": {
				"north": {"uv": [10, 2.75, 11.75, 3.25], "texture": "#0"},
				"east": {"uv": [5.25, 7.75, 5.5, 8.25], "texture": "#0"},
				"south": {"uv": [10, 3.25, 11.75, 3.75], "texture": "#0"},
				"west": {"uv": [5.5, 7.75, 5.75, 8.25], "texture": "#0"},
				"up": {"uv": [13.25, 1.75, 11.5, 1.5], "texture": "#0"},
				"down": {"uv": [13.25, 1.75, 11.5, 2], "texture": "#0"}
			}
		},
		{
			"from": [4, 4, 2],
			"to": [11, 7, 3],
			"faces": {
				"north": {"uv": [8, 4.25, 9.75, 5], "texture": "#0"},
				"east": {"uv": [7, 13, 7.25, 13.75], "texture": "#0"},
				"south": {"uv": [8, 5, 9.75, 5.75], "texture": "#0"},
				"west": {"uv": [7.25, 13, 7.5, 13.75], "texture": "#0"},
				"up": {"uv": [13.25, 9.25, 11.5, 9], "texture": "#0"},
				"down": {"uv": [13.25, 9.25, 11.5, 9.5], "texture": "#0"}
			}
		},
		{
			"from": [4, 7, 3],
			"to": [11, 10, 4],
			"faces": {
				"north": {"uv": [0, 9, 1.75, 9.75], "texture": "#0"},
				"east": {"uv": [0.5, 13.5, 0.75, 14.25], "texture": "#0"},
				"south": {"uv": [1.75, 9, 3.5, 9.75], "texture": "#0"},
				"west": {"uv": [0.75, 13.5, 1, 14.25], "texture": "#0"},
				"up": {"uv": [13.25, 10, 11.5, 9.75], "texture": "#0"},
				"down": {"uv": [13.5, 2.75, 11.75, 3], "texture": "#0"}
			}
		},
		{
			"from": [4, 7, 11],
			"to": [11, 10, 12],
			"faces": {
				"north": {"uv": [3.5, 9, 5.25, 9.75], "texture": "#0"},
				"east": {"uv": [1, 13.5, 1.25, 14.25], "texture": "#0"},
				"south": {"uv": [5.25, 9, 7, 9.75], "texture": "#0"},
				"west": {"uv": [1.25, 13.5, 1.5, 14.25], "texture": "#0"},
				"up": {"uv": [13.5, 3.25, 11.75, 3], "texture": "#0"},
				"down": {"uv": [13.5, 3.25, 11.75, 3.5], "texture": "#0"}
			}
		},
		{
			"from": [4, 4, 12],
			"to": [11, 7, 13],
			"faces": {
				"north": {"uv": [8, 5.75, 9.75, 6.5], "texture": "#0"},
				"east": {"uv": [7.5, 13, 7.75, 13.75], "texture": "#0"},
				"south": {"uv": [2.5, 8.25, 4.25, 9], "texture": "#0"},
				"west": {"uv": [7.75, 13, 8, 13.75], "texture": "#0"},
				"up": {"uv": [11.25, 11.75, 9.5, 11.5], "texture": "#0"},
				"down": {"uv": [13.25, 9.5, 11.5, 9.75], "texture": "#0"}
			}
		},
		{
			"from": [4, 1, 13],
			"to": [11, 3, 14],
			"faces": {
				"north": {"uv": [10.25, 0.5, 12, 1], "texture": "#0"},
				"east": {"uv": [13.25, 13.75, 13.5, 14.25], "texture": "#0"},
				"south": {"uv": [10.25, 1, 12, 1.5], "texture": "#0"},
				"west": {"uv": [13.5, 13.75, 13.75, 14.25], "texture": "#0"},
				"up": {"uv": [7.75, 11.75, 6, 11.5], "texture": "#0"},
				"down": {"uv": [9.5, 11.5, 7.75, 11.75], "texture": "#0"}
			}
		},
		{
			"from": [3, 0, 13],
			"to": [12, 1, 14],
			"faces": {
				"north": {"uv": [11, 5, 13.25, 5.25], "texture": "#0"},
				"east": {"uv": [2, 10.25, 2.25, 10.5], "texture": "#0"},
				"south": {"uv": [11, 5.25, 13.25, 5.5], "texture": "#0"},
				"west": {"uv": [10.25, 2, 10.5, 2.25], "texture": "#0"},
				"up": {"uv": [13.25, 5.75, 11, 5.5], "texture": "#0"},
				"down": {"uv": [13.25, 5.75, 11, 6], "texture": "#0"}
			}
		},
		{
			"from": [1, 0, 3],
			"to": [2, 1, 12],
			"faces": {
				"north": {"uv": [1.5, 10.75, 1.75, 11], "texture": "#0"},
				"east": {"uv": [11, 6, 13.25, 6.25], "texture": "#0"},
				"south": {"uv": [11.75, 3.5, 12, 3.75], "texture": "#0"},
				"west": {"uv": [11, 6.25, 13.25, 6.5], "texture": "#0"},
				"up": {"uv": [5.75, 12.75, 5.5, 10.5], "texture": "#0"},
				"down": {"uv": [6, 10.5, 5.75, 12.75], "texture": "#0"}
			}
		},
		{
			"from": [1, 1, 4],
			"to": [2, 3, 11],
			"faces": {
				"north": {"uv": [13.75, 11.75, 14, 12.25], "texture": "#0"},
				"east": {"uv": [8.25, 10, 10, 10.5], "texture": "#0"},
				"south": {"uv": [13.75, 12.25, 14, 12.75], "texture": "#0"},
				"west": {"uv": [10, 10, 11.75, 10.5], "texture": "#0"},
				"up": {"uv": [4.25, 13.25, 4, 11.5], "texture": "#0"},
				"down": {"uv": [4.5, 11.5, 4.25, 13.25], "texture": "#0"}
			}
		},
		{
			"from": [13, 1, 4],
			"to": [14, 3, 11],
			"faces": {
				"north": {"uv": [12.75, 13.75, 13, 14.25], "texture": "#0"},
				"east": {"uv": [0, 10.25, 1.75, 10.75], "texture": "#0"},
				"south": {"uv": [13, 13.75, 13.25, 14.25], "texture": "#0"},
				"west": {"uv": [10.25, 0, 12, 0.5], "texture": "#0"},
				"up": {"uv": [4.75, 13.25, 4.5, 11.5], "texture": "#0"},
				"down": {"uv": [5, 11.5, 4.75, 13.25], "texture": "#0"}
			}
		},
		{
			"from": [12, 4, 4],
			"to": [13, 7, 11],
			"faces": {
				"north": {"uv": [12.75, 13, 13, 13.75], "texture": "#0"},
				"east": {"uv": [4.25, 8.25, 6, 9], "texture": "#0"},
				"south": {"uv": [13, 13, 13.25, 13.75], "texture": "#0"},
				"west": {"uv": [6, 8.25, 7.75, 9], "texture": "#0"},
				"up": {"uv": [11.5, 13.25, 11.25, 11.5], "texture": "#0"},
				"down": {"uv": [11.75, 11.5, 11.5, 13.25], "texture": "#0"}
			}
		},
		{
			"from": [2, 4, 4],
			"to": [3, 7, 11],
			"faces": {
				"north": {"uv": [4, 13.25, 4.25, 14], "texture": "#0"},
				"east": {"uv": [8.25, 6.5, 10, 7.25], "texture": "#0"},
				"south": {"uv": [13.25, 4, 13.5, 4.75], "texture": "#0"},
				"west": {"uv": [8.25, 7.25, 10, 8], "texture": "#0"},
				"up": {"uv": [0.25, 13.5, 0, 11.75], "texture": "#0"},
				"down": {"uv": [0.5, 11.75, 0.25, 13.5], "texture": "#0"}
			}
		},
		{
			"from": [3, 7, 4],
			"to": [4, 10, 11],
			"faces": {
				"north": {"uv": [11.25, 13.25, 11.5, 14], "texture": "#0"},
				"east": {"uv": [7.75, 8.25, 9.5, 9], "texture": "#0"},
				"south": {"uv": [11.5, 13.25, 11.75, 14], "texture": "#0"},
				"west": {"uv": [8.5, 0, 10.25, 0.75], "texture": "#0"},
				"up": {"uv": [0.75, 13.5, 0.5, 11.75], "texture": "#0"},
				"down": {"uv": [1, 11.75, 0.75, 13.5], "texture": "#0"}
			}
		},
		{
			"from": [11, 7, 4],
			"to": [12, 10, 11],
			"faces": {
				"north": {"uv": [0, 13.5, 0.25, 14.25], "texture": "#0"},
				"east": {"uv": [8.5, 0.75, 10.25, 1.5], "texture": "#0"},
				"south": {"uv": [0.25, 13.5, 0.5, 14.25], "texture": "#0"},
				"west": {"uv": [8.5, 1.5, 10.25, 2.25], "texture": "#0"},
				"up": {"uv": [1.25, 13.5, 1, 11.75], "texture": "#0"},
				"down": {"uv": [1.5, 11.75, 1.25, 13.5], "texture": "#0"}
			}
		},
		{
			"from": [13, 0, 3],
			"to": [14, 1, 12],
			"faces": {
				"north": {"uv": [14, 0.75, 14.25, 1], "texture": "#0"},
				"east": {"uv": [8.25, 11, 10.5, 11.25], "texture": "#0"},
				"south": {"uv": [14, 4.5, 14.25, 4.75], "texture": "#0"},
				"west": {"uv": [10.5, 11, 12.75, 11.25], "texture": "#0"},
				"up": {"uv": [5.25, 13.25, 5, 11], "texture": "#0"},
				"down": {"uv": [5.5, 11, 5.25, 13.25], "texture": "#0"}
			}
		},
		{
			"from": [12, 2, 3],
			"to": [13, 4, 12],
			"faces": {
				"north": {"uv": [1.75, 14, 2, 14.5], "texture": "#0"},
				"east": {"uv": [9.5, 8, 11.75, 8.5], "texture": "#0"},
				"south": {"uv": [14, 1.75, 14.25, 2.25], "texture": "#0"},
				"west": {"uv": [9.5, 8.5, 11.75, 9], "texture": "#0"},
				"up": {"uv": [2.5, 13.75, 2.25, 11.5], "texture": "#0"},
				"down": {"uv": [2.75, 11.5, 2.5, 13.75], "texture": "#0"}
			}
		},
		{
			"from": [2, 2, 3],
			"to": [3, 4, 12],
			"faces": {
				"north": {"uv": [2, 14, 2.25, 14.5], "texture": "#0"},
				"east": {"uv": [9.25, 9.5, 11.5, 10], "texture": "#0"},
				"south": {"uv": [14, 2.25, 14.25, 2.75], "texture": "#0"},
				"west": {"uv": [0, 9.75, 2.25, 10.25], "texture": "#0"},
				"up": {"uv": [3, 13.75, 2.75, 11.5], "texture": "#0"},
				"down": {"uv": [3.25, 11.5, 3, 13.75], "texture": "#0"}
			}
		},
		{
			"from": [5, 0, 0],
			"to": [10, 1, 1],
			"faces": {
				"north": {"uv": [8.25, 8, 9.5, 8.25], "texture": "#0"},
				"east": {"uv": [6.75, 9.75, 7, 10], "texture": "#0"},
				"south": {"uv": [0, 11.25, 1.25, 11.5], "texture": "#0"},
				"west": {"uv": [1.75, 10.25, 2, 10.5], "texture": "#0"},
				"up": {"uv": [13.25, 4.25, 12, 4], "texture": "#0"},
				"down": {"uv": [7.25, 12.25, 6, 12.5], "texture": "#0"}
			}
		},
		{
			"from": [5, 7, 2],
			"to": [10, 8, 3],
			"faces": {
				"north": {"uv": [12.75, 1.25, 14, 1.5], "texture": "#0"},
				"east": {"uv": [14.25, 11.75, 14.5, 12], "texture": "#0"},
				"south": {"uv": [12.75, 2, 14, 2.25], "texture": "#0"},
				"west": {"uv": [14.25, 12, 14.5, 12.25], "texture": "#0"},
				"up": {"uv": [14, 2.5, 12.75, 2.25], "texture": "#0"},
				"down": {"uv": [14, 3.5, 12.75, 3.75], "texture": "#0"}
			}
		},
		{
			"from": [5, 7, 12],
			"to": [10, 8, 13],
			"faces": {
				"north": {"uv": [12.75, 3.75, 14, 4], "texture": "#0"},
				"east": {"uv": [14.25, 12.25, 14.5, 12.5], "texture": "#0"},
				"south": {"uv": [5.5, 12.75, 6.75, 13], "texture": "#0"},
				"west": {"uv": [14.25, 12.5, 14.5, 12.75], "texture": "#0"},
				"up": {"uv": [14, 6.75, 12.75, 6.5], "texture": "#0"},
				"down": {"uv": [8, 12.75, 6.75, 13], "texture": "#0"}
			}
		},
		{
			"from": [6, 1, 0],
			"to": [9, 2, 1],
			"faces": {
				"north": {"uv": [1.25, 7.5, 2, 7.75], "texture": "#0"},
				"east": {"uv": [14.25, 5.75, 14.5, 6], "texture": "#0"},
				"south": {"uv": [10, 7.75, 10.75, 8], "texture": "#0"},
				"west": {"uv": [6, 14.25, 6.25, 14.5], "texture": "#0"},
				"up": {"uv": [6.75, 11.25, 6, 11], "texture": "#0"},
				"down": {"uv": [13.5, 11.25, 12.75, 11.5], "texture": "#0"}
			}
		},
		{
			"from": [6, 1, 14],
			"to": [9, 2, 15],
			"faces": {
				"north": {"uv": [12.75, 12.75, 13.5, 13], "texture": "#0"},
				"east": {"uv": [14.25, 6, 14.5, 6.25], "texture": "#0"},
				"south": {"uv": [13, 0, 13.75, 0.25], "texture": "#0"},
				"west": {"uv": [6.25, 14.25, 6.5, 14.5], "texture": "#0"},
				"up": {"uv": [13.75, 0.5, 13, 0.25], "texture": "#0"},
				"down": {"uv": [13.75, 0.5, 13, 0.75], "texture": "#0"}
			}
		},
		{
			"from": [6, 5, 13],
			"to": [9, 6, 14],
			"faces": {
				"north": {"uv": [5.75, 13.25, 6.5, 13.5], "texture": "#0"},
				"east": {"uv": [14.25, 9.25, 14.5, 9.5], "texture": "#0"},
				"south": {"uv": [13.25, 6.25, 14, 6.5], "texture": "#0"},
				"west": {"uv": [14.25, 9.5, 14.5, 9.75], "texture": "#0"},
				"up": {"uv": [14, 9.25, 13.25, 9], "texture": "#0"},
				"down": {"uv": [14, 9.25, 13.25, 9.5], "texture": "#0"}
			}
		},
		{
			"from": [6, 5, 1],
			"to": [9, 6, 2],
			"faces": {
				"north": {"uv": [13.25, 9.5, 14, 9.75], "texture": "#0"},
				"east": {"uv": [14.25, 9.75, 14.5, 10], "texture": "#0"},
				"south": {"uv": [13.25, 9.75, 14, 10], "texture": "#0"},
				"west": {"uv": [14.25, 10.5, 14.5, 10.75], "texture": "#0"},
				"up": {"uv": [14, 13.25, 13.25, 13], "texture": "#0"},
				"down": {"uv": [14, 13.25, 13.25, 13.5], "texture": "#0"}
			}
		},
		{
			"from": [5, 0, 14],
			"to": [10, 1, 15],
			"faces": {
				"north": {"uv": [7.25, 12.25, 8.5, 12.5], "texture": "#0"},
				"east": {"uv": [10.5, 2, 10.75, 2.25], "texture": "#0"},
				"south": {"uv": [8.5, 12.25, 9.75, 12.5], "texture": "#0"},
				"west": {"uv": [1.25, 10.75, 1.5, 11], "texture": "#0"},
				"up": {"uv": [11, 12.5, 9.75, 12.25], "texture": "#0"},
				"down": {"uv": [7.25, 12.5, 6, 12.75], "texture": "#0"}
			}
		},
		{
			"from": [5, 3, 13],
			"to": [10, 5, 14],
			"faces": {
				"north": {"uv": [8.25, 10.5, 9.5, 11], "texture": "#0"},
				"east": {"uv": [3.75, 14, 4, 14.5], "texture": "#0"},
				"south": {"uv": [9.5, 10.5, 10.75, 11], "texture": "#0"},
				"west": {"uv": [4, 14, 4.25, 14.5], "texture": "#0"},
				"up": {"uv": [13.75, 9, 12.5, 8.75], "texture": "#0"},
				"down": {"uv": [13.75, 10, 12.5, 10.25], "texture": "#0"}
			}
		},
		{
			"from": [5, 3, 1],
			"to": [10, 5, 2],
			"faces": {
				"north": {"uv": [0, 10.75, 1.25, 11.25], "texture": "#0"},
				"east": {"uv": [14, 4, 14.25, 4.5], "texture": "#0"},
				"south": {"uv": [10.75, 2, 12, 2.5], "texture": "#0"},
				"west": {"uv": [4.25, 14, 4.5, 14.5], "texture": "#0"},
				"up": {"uv": [13.75, 10.5, 12.5, 10.25], "texture": "#0"},
				"down": {"uv": [13.75, 11.5, 12.5, 11.75], "texture": "#0"}
			}
		},
		{
			"from": [0, 0, 5],
			"to": [1, 1, 10],
			"faces": {
				"north": {"uv": [14, 7.75, 14.25, 8], "texture": "#0"},
				"east": {"uv": [7.25, 12.5, 8.5, 12.75], "texture": "#0"},
				"south": {"uv": [14, 11, 14.25, 11.25], "texture": "#0"},
				"west": {"uv": [12.5, 8, 13.75, 8.25], "texture": "#0"},
				"up": {"uv": [11.25, 13.5, 11, 12.25], "texture": "#0"},
				"down": {"uv": [8.75, 12.5, 8.5, 13.75], "texture": "#0"}
			}
		},
		{
			"from": [2, 7, 5],
			"to": [3, 8, 10],
			"faces": {
				"north": {"uv": [14.25, 10.75, 14.5, 11], "texture": "#0"},
				"east": {"uv": [11.75, 12.5, 13, 12.75], "texture": "#0"},
				"south": {"uv": [11, 14.25, 11.25, 14.5], "texture": "#0"},
				"west": {"uv": [12.5, 11.75, 13.75, 12], "texture": "#0"},
				"up": {"uv": [10.5, 13.75, 10.25, 12.5], "texture": "#0"},
				"down": {"uv": [10.75, 12.5, 10.5, 13.75], "texture": "#0"}
			}
		},
		{
			"from": [5, 10, 11],
			"to": [10, 12, 12],
			"faces": {
				"north": {"uv": [10.75, 7, 12, 7.5], "texture": "#0"},
				"east": {"uv": [8, 14, 8.25, 14.5], "texture": "#0"},
				"south": {"uv": [10.75, 7.5, 12, 8], "texture": "#0"},
				"west": {"uv": [8.25, 14, 8.5, 14.5], "texture": "#0"},
				"up": {"uv": [14, 7, 12.75, 6.75], "texture": "#0"},
				"down": {"uv": [14, 7, 12.75, 7.25], "texture": "#0"}
			}
		},
		{
			"from": [5, 10, 3],
			"to": [10, 12, 4],
			"faces": {
				"north": {"uv": [2.5, 11, 3.75, 11.5], "texture": "#0"},
				"east": {"uv": [9, 14, 9.25, 14.5], "texture": "#0"},
				"south": {"uv": [3.75, 11, 5, 11.5], "texture": "#0"},
				"west": {"uv": [14, 9, 14.25, 9.5], "texture": "#0"},
				"up": {"uv": [14, 7.5, 12.75, 7.25], "texture": "#0"},
				"down": {"uv": [14, 7.5, 12.75, 7.75], "texture": "#0"}
			}
		},
		{
			"from": [3, 10, 5],
			"to": [4, 12, 10],
			"faces": {
				"north": {"uv": [7.25, 14, 7.5, 14.5], "texture": "#0"},
				"east": {"uv": [10.75, 3.75, 12, 4.25], "texture": "#0"},
				"south": {"uv": [14, 7.25, 14.25, 7.75], "texture": "#0"},
				"west": {"uv": [10.75, 6.5, 12, 7], "texture": "#0"},
				"up": {"uv": [1.75, 14, 1.5, 12.75], "texture": "#0"},
				"down": {"uv": [2, 12.75, 1.75, 14], "texture": "#0"}
			}
		},
		{
			"from": [11, 10, 5],
			"to": [12, 12, 10],
			"faces": {
				"north": {"uv": [8.5, 14, 8.75, 14.5], "texture": "#0"},
				"east": {"uv": [10.75, 10.5, 12, 11], "texture": "#0"},
				"south": {"uv": [8.75, 14, 9, 14.5], "texture": "#0"},
				"west": {"uv": [1.25, 11, 2.5, 11.5], "texture": "#0"},
				"up": {"uv": [2.25, 14, 2, 12.75], "texture": "#0"},
				"down": {"uv": [3.5, 12.75, 3.25, 14], "texture": "#0"}
			}
		},
		{
			"from": [5, 13, 4],
			"to": [10, 16, 5],
			"faces": {
				"north": {"uv": [9.75, 5, 11, 5.75], "texture": "#0"},
				"east": {"uv": [3, 13.75, 3.25, 14.5], "texture": "#0"},
				"south": {"uv": [9.75, 5.75, 11, 6.5], "texture": "#0"},
				"west": {"uv": [13.75, 4, 14, 4.75], "texture": "#0"},
				"up": {"uv": [14, 11, 12.75, 10.75], "texture": "#0"},
				"down": {"uv": [14, 11, 12.75, 11.25], "texture": "#0"}
			}
		},
		{
			"from": [10, 13, 5],
			"to": [11, 16, 10],
			"faces": {
				"north": {"uv": [13.75, 2.5, 14, 3.25], "texture": "#0"},
				"east": {"uv": [9.75, 4.25, 11, 5], "texture": "#0"},
				"south": {"uv": [2.75, 13.75, 3, 14.5], "texture": "#0"},
				"west": {"uv": [4.75, 9.75, 6, 10.5], "texture": "#0"},
				"up": {"uv": [8.25, 14, 8, 12.75], "texture": "#0"},
				"down": {"uv": [8.5, 12.75, 8.25, 14], "texture": "#0"}
			}
		},
		{
			"from": [5, 13, 10],
			"to": [10, 16, 11],
			"faces": {
				"north": {"uv": [2.25, 9.75, 3.5, 10.5], "texture": "#0"},
				"east": {"uv": [2.25, 13.75, 2.5, 14.5], "texture": "#0"},
				"south": {"uv": [3.5, 9.75, 4.75, 10.5], "texture": "#0"},
				"west": {"uv": [2.5, 13.75, 2.75, 14.5], "texture": "#0"},
				"up": {"uv": [14, 8, 12.75, 7.75], "texture": "#0"},
				"down": {"uv": [14, 10.5, 12.75, 10.75], "texture": "#0"}
			}
		},
		{
			"from": [4, 13, 5],
			"to": [5, 16, 10],
			"faces": {
				"north": {"uv": [11, 13.5, 11.25, 14.25], "texture": "#0"},
				"east": {"uv": [5, 3.75, 6.25, 4.5], "texture": "#0"},
				"south": {"uv": [13.75, 0.25, 14, 1], "texture": "#0"},
				"west": {"uv": [0, 8.25, 1.25, 9], "texture": "#0"},
				"up": {"uv": [3.75, 14, 3.5, 12.75], "texture": "#0"},
				"down": {"uv": [4, 12.75, 3.75, 14], "texture": "#0"}
			}
		},
		{
			"from": [12, 7, 5],
			"to": [13, 8, 10],
			"faces": {
				"north": {"uv": [14.25, 11, 14.5, 11.25], "texture": "#0"},
				"east": {"uv": [12.5, 12, 13.75, 12.25], "texture": "#0"},
				"south": {"uv": [14.25, 11.25, 14.5, 11.5], "texture": "#0"},
				"west": {"uv": [12.5, 12.25, 13.75, 12.5], "texture": "#0"},
				"up": {"uv": [11, 13.75, 10.75, 12.5], "texture": "#0"},
				"down": {"uv": [13, 0, 12.75, 1.25], "texture": "#0"}
			}
		},
		{
			"from": [0, 1, 6],
			"to": [1, 2, 9],
			"faces": {
				"north": {"uv": [14.25, 6.25, 14.5, 6.5], "texture": "#0"},
				"east": {"uv": [13, 0.75, 13.75, 1], "texture": "#0"},
				"south": {"uv": [14.25, 6.5, 14.5, 6.75], "texture": "#0"},
				"west": {"uv": [13, 1, 13.75, 1.25], "texture": "#0"},
				"up": {"uv": [2.25, 7.5, 2, 6.75], "texture": "#0"},
				"down": {"uv": [5.75, 13, 5.5, 13.75], "texture": "#0"}
			}
		},
		{
			"from": [1, 5, 6],
			"to": [2, 6, 9],
			"faces": {
				"north": {"uv": [14.25, 7.25, 14.5, 7.5], "texture": "#0"},
				"east": {"uv": [13, 12.5, 13.75, 12.75], "texture": "#0"},
				"south": {"uv": [14.25, 7.5, 14.5, 7.75], "texture": "#0"},
				"west": {"uv": [13.25, 1.5, 14, 1.75], "texture": "#0"},
				"up": {"uv": [4.5, 14, 4.25, 13.25], "texture": "#0"},
				"down": {"uv": [4.75, 13.25, 4.5, 14], "texture": "#0"}
			}
		},
		{
			"from": [6, 8, 12],
			"to": [9, 10, 13],
			"faces": {
				"north": {"uv": [11.75, 8, 12.5, 8.5], "texture": "#0"},
				"east": {"uv": [5, 14, 5.25, 14.5], "texture": "#0"},
				"south": {"uv": [8.25, 11.75, 9, 12.25], "texture": "#0"},
				"west": {"uv": [5.25, 14, 5.5, 14.5], "texture": "#0"},
				"up": {"uv": [5.5, 13.75, 4.75, 13.5], "texture": "#0"},
				"down": {"uv": [14.25, 4.75, 13.5, 5], "texture": "#0"}
			}
		},
		{
			"from": [6, 8, 2],
			"to": [9, 10, 3],
			"faces": {
				"north": {"uv": [9.75, 11.75, 10.5, 12.25], "texture": "#0"},
				"east": {"uv": [14, 6.75, 14.25, 7.25], "texture": "#0"},
				"south": {"uv": [11.75, 10, 12.5, 10.5], "texture": "#0"},
				"west": {"uv": [7, 14, 7.25, 14.5], "texture": "#0"},
				"up": {"uv": [14.25, 6, 13.5, 5.75], "texture": "#0"},
				"down": {"uv": [14.25, 6, 13.5, 6.25], "texture": "#0"}
			}
		},
		{
			"from": [2, 8, 6],
			"to": [3, 10, 9],
			"faces": {
				"north": {"uv": [4.5, 14, 4.75, 14.5], "texture": "#0"},
				"east": {"uv": [6.75, 11.75, 7.5, 12.25], "texture": "#0"},
				"south": {"uv": [4.75, 14, 5, 14.5], "texture": "#0"},
				"west": {"uv": [7.5, 11.75, 8.25, 12.25], "texture": "#0"},
				"up": {"uv": [13.75, 3.5, 13.5, 2.75], "texture": "#0"},
				"down": {"uv": [13.75, 4, 13.5, 4.75], "texture": "#0"}
			}
		},
		{
			"from": [12, 8, 6],
			"to": [13, 10, 9],
			"faces": {
				"north": {"uv": [14, 6.25, 14.25, 6.75], "texture": "#0"},
				"east": {"uv": [11.75, 8.5, 12.5, 9], "texture": "#0"},
				"south": {"uv": [6.75, 14, 7, 14.5], "texture": "#0"},
				"west": {"uv": [9, 11.75, 9.75, 12.25], "texture": "#0"},
				"up": {"uv": [13.75, 5.75, 13.5, 5], "texture": "#0"},
				"down": {"uv": [6, 13.5, 5.75, 14.25], "texture": "#0"}
			}
		},
		{
			"from": [13, 5, 6],
			"to": [14, 6, 9],
			"faces": {
				"north": {"uv": [14.25, 7.75, 14.5, 8], "texture": "#0"},
				"east": {"uv": [13.25, 1.75, 14, 2], "texture": "#0"},
				"south": {"uv": [14.25, 9, 14.5, 9.25], "texture": "#0"},
				"west": {"uv": [4.75, 13.25, 5.5, 13.5], "texture": "#0"},
				"up": {"uv": [13.5, 5.5, 13.25, 4.75], "texture": "#0"},
				"down": {"uv": [13.5, 5.5, 13.25, 6.25], "texture": "#0"}
			}
		},
		{
			"from": [3, 12, 6],
			"to": [4, 14, 9],
			"faces": {
				"north": {"uv": [5.75, 6.25, 6, 6.75], "texture": "#0"},
				"east": {"uv": [1.5, 11.75, 2.25, 12.25], "texture": "#0"},
				"south": {"uv": [6, 6.25, 6.25, 6.75], "texture": "#0"},
				"west": {"uv": [6, 11.75, 6.75, 12.25], "texture": "#0"},
				"up": {"uv": [2.5, 6.25, 2.25, 5.5], "texture": "#0"},
				"down": {"uv": [2.75, 5.5, 2.5, 6.25], "texture": "#0"}
			}
		},
		{
			"from": [6, 12, 11],
			"to": [9, 14, 12],
			"faces": {
				"north": {"uv": [12, 1, 12.75, 1.5], "texture": "#0"},
				"east": {"uv": [14, 10.5, 14.25, 11], "texture": "#0"},
				"south": {"uv": [12, 2, 12.75, 2.5], "texture": "#0"},
				"west": {"uv": [11.25, 14, 11.5, 14.5], "texture": "#0"},
				"up": {"uv": [14, 13.75, 13.25, 13.5], "texture": "#0"},
				"down": {"uv": [14.5, 0, 13.75, 0.25], "texture": "#0"}
			}
		},
		{
			"from": [11, 12, 6],
			"to": [12, 14, 9],
			"faces": {
				"north": {"uv": [10, 14, 10.25, 14.5], "texture": "#0"},
				"east": {"uv": [12, 0, 12.75, 0.5], "texture": "#0"},
				"south": {"uv": [10.25, 14, 10.5, 14.5], "texture": "#0"},
				"west": {"uv": [12, 0.5, 12.75, 1], "texture": "#0"},
				"up": {"uv": [6.25, 14.25, 6, 13.5], "texture": "#0"},
				"down": {"uv": [6.5, 13.5, 6.25, 14.25], "texture": "#0"}
			}
		},
		{
			"from": [6, 12, 3],
			"to": [9, 14, 4],
			"faces": {
				"north": {"uv": [10.5, 11.75, 11.25, 12.25], "texture": "#0"},
				"east": {"uv": [14, 9.5, 14.25, 10], "texture": "#0"},
				"south": {"uv": [11.75, 11.5, 12.5, 12], "texture": "#0"},
				"west": {"uv": [9.75, 14, 10, 14.5], "texture": "#0"},
				"up": {"uv": [14.25, 11.5, 13.5, 11.25], "texture": "#0"},
				"down": {"uv": [14.25, 12.75, 13.5, 13], "texture": "#0"}
			}
		},
		{
			"from": [5, 19, 6],
			"to": [6, 21, 9],
			"faces": {
				"north": {"uv": [12.5, 14, 12.75, 14.5], "texture": "#0"},
				"east": {"uv": [1.5, 12.25, 2.25, 12.75], "texture": "#0"},
				"south": {"uv": [14, 13, 14.25, 13.5], "texture": "#0"},
				"west": {"uv": [3.25, 12.25, 4, 12.75], "texture": "#0"},
				"up": {"uv": [10.75, 14.5, 10.5, 13.75], "texture": "#0"},
				"down": {"uv": [11, 13.75, 10.75, 14.5], "texture": "#0"}
			}
		},
		{
			"from": [6, 19, 5],
			"to": [9, 21, 6],
			"faces": {
				"north": {"uv": [12, 10.5, 12.75, 11], "texture": "#0"},
				"east": {"uv": [12.25, 14, 12.5, 14.5], "texture": "#0"},
				"south": {"uv": [11.75, 12, 12.5, 12.5], "texture": "#0"},
				"west": {"uv": [14, 12.25, 14.25, 12.75], "texture": "#0"},
				"up": {"uv": [14.5, 10.5, 13.75, 10.25], "texture": "#0"},
				"down": {"uv": [14.5, 11.5, 13.75, 11.75], "texture": "#0"}
			}
		},
		{
			"from": [6, 19, 9],
			"to": [9, 21, 10],
			"faces": {
				"north": {"uv": [12, 7, 12.75, 7.5], "texture": "#0"},
				"east": {"uv": [14, 11.75, 14.25, 12.25], "texture": "#0"},
				"south": {"uv": [12, 7.5, 12.75, 8], "texture": "#0"},
				"west": {"uv": [12, 14, 12.25, 14.5], "texture": "#0"},
				"up": {"uv": [10.5, 14, 9.75, 13.75], "texture": "#0"},
				"down": {"uv": [14.5, 10, 13.75, 10.25], "texture": "#0"}
			}
		},
		{
			"from": [9, 19, 6],
			"to": [10, 21, 9],
			"faces": {
				"north": {"uv": [11.5, 14, 11.75, 14.5], "texture": "#0"},
				"east": {"uv": [12, 3.5, 12.75, 4], "texture": "#0"},
				"south": {"uv": [11.75, 14, 12, 14.5], "texture": "#0"},
				"west": {"uv": [12, 6.5, 12.75, 7], "texture": "#0"},
				"up": {"uv": [9.5, 14.5, 9.25, 13.75], "texture": "#0"},
				"down": {"uv": [9.75, 13.75, 9.5, 14.5], "texture": "#0"}
			}
		},
		{
			"from": [10, 16, 6],
			"to": [11, 17, 9],
			"faces": {
				"north": {"uv": [13.5, 14.25, 13.75, 14.5], "texture": "#0"},
				"east": {"uv": [13.75, 8.5, 14.5, 8.75], "texture": "#0"},
				"south": {"uv": [14.25, 13.5, 14.5, 13.75], "texture": "#0"},
				"west": {"uv": [13.75, 8.75, 14.5, 9], "texture": "#0"},
				"up": {"uv": [7.75, 14.5, 7.5, 13.75], "texture": "#0"},
				"down": {"uv": [8, 13.75, 7.75, 14.5], "texture": "#0"}
			}
		},
		{
			"from": [6, 16, 10],
			"to": [9, 17, 11],
			"faces": {
				"north": {"uv": [6.75, 13.75, 7.5, 14], "texture": "#0"},
				"east": {"uv": [13.25, 14.25, 13.5, 14.5], "texture": "#0"},
				"south": {"uv": [13.75, 8, 14.5, 8.25], "texture": "#0"},
				"west": {"uv": [14.25, 13.25, 14.5, 13.5], "texture": "#0"},
				"up": {"uv": [14.5, 8.5, 13.75, 8.25], "texture": "#0"},
				"down": {"uv": [9.25, 13.75, 8.5, 14], "texture": "#0"}
			}
		},
		{
			"from": [4, 16, 6],
			"to": [5, 17, 9],
			"faces": {
				"north": {"uv": [13, 14.25, 13.25, 14.5], "texture": "#0"},
				"east": {"uv": [13.75, 5.25, 14.5, 5.5], "texture": "#0"},
				"south": {"uv": [14.25, 13, 14.5, 13.25], "texture": "#0"},
				"west": {"uv": [13.75, 5.5, 14.5, 5.75], "texture": "#0"},
				"up": {"uv": [5.75, 14.5, 5.5, 13.75], "texture": "#0"},
				"down": {"uv": [6.75, 13.75, 6.5, 14.5], "texture": "#0"}
			}
		},
		{
			"from": [6, 16, 4],
			"to": [9, 17, 5],
			"faces": {
				"north": {"uv": [13.75, 1, 14.5, 1.25], "texture": "#0"},
				"east": {"uv": [12.75, 14.25, 13, 14.5], "texture": "#0"},
				"south": {"uv": [13.75, 3.25, 14.5, 3.5], "texture": "#0"},
				"west": {"uv": [14.25, 12.75, 14.5, 13], "texture": "#0"},
				"up": {"uv": [5.5, 14, 4.75, 13.75], "texture": "#0"},
				"down": {"uv": [14.5, 5, 13.75, 5.25], "texture": "#0"}
			}
		},
		{
			"from": [4, 17, 7],
			"to": [5, 18, 8],
			"faces": {
				"north": {"uv": [2.5, 14.5, 2.75, 14.75], "texture": "#0"},
				"east": {"uv": [14.5, 2.5, 14.75, 2.75], "texture": "#0"},
				"south": {"uv": [2.75, 14.5, 3, 14.75], "texture": "#0"},
				"west": {"uv": [14.5, 2.75, 14.75, 3], "texture": "#0"},
				"up": {"uv": [3.25, 14.75, 3, 14.5], "texture": "#0"},
				"down": {"uv": [14.75, 3, 14.5, 3.25], "texture": "#0"}
			}
		},
		{
			"from": [7, 17, 10],
			"to": [8, 18, 11],
			"faces": {
				"north": {"uv": [1.75, 14.5, 2, 14.75], "texture": "#0"},
				"east": {"uv": [14.5, 1.75, 14.75, 2], "texture": "#0"},
				"south": {"uv": [2, 14.5, 2.25, 14.75], "texture": "#0"},
				"west": {"uv": [14.5, 2, 14.75, 2.25], "texture": "#0"},
				"up": {"uv": [2.5, 14.75, 2.25, 14.5], "texture": "#0"},
				"down": {"uv": [14.75, 2.25, 14.5, 2.5], "texture": "#0"}
			}
		},
		{
			"from": [10, 17, 7],
			"to": [11, 18, 8],
			"faces": {
				"north": {"uv": [14.5, 0.5, 14.75, 0.75], "texture": "#0"},
				"east": {"uv": [14.5, 0.75, 14.75, 1], "texture": "#0"},
				"south": {"uv": [14.5, 1, 14.75, 1.25], "texture": "#0"},
				"west": {"uv": [14.5, 1.25, 14.75, 1.5], "texture": "#0"},
				"up": {"uv": [1.75, 14.75, 1.5, 14.5], "texture": "#0"},
				"down": {"uv": [14.75, 1.5, 14.5, 1.75], "texture": "#0"}
			}
		},
		{
			"from": [7, 17, 4],
			"to": [8, 18, 5],
			"faces": {
				"north": {"uv": [13.75, 14.25, 14, 14.5], "texture": "#0"},
				"east": {"uv": [14.25, 13.75, 14.5, 14], "texture": "#0"},
				"south": {"uv": [14.25, 14, 14.5, 14.25], "texture": "#0"},
				"west": {"uv": [14.25, 14.25, 14.5, 14.5], "texture": "#0"},
				"up": {"uv": [14.75, 0.25, 14.5, 0], "texture": "#0"},
				"down": {"uv": [14.75, 0.25, 14.5, 0.5], "texture": "#0"}
			}
		},
		{
			"from": [7, 21, 9],
			"to": [8, 22, 10],
			"faces": {
				"north": {"uv": [5.5, 14.5, 5.75, 14.75], "texture": "#0"},
				"east": {"uv": [14.5, 5.5, 14.75, 5.75], "texture": "#0"},
				"south": {"uv": [5.75, 14.5, 6, 14.75], "texture": "#0"},
				"west": {"uv": [14.5, 5.75, 14.75, 6], "texture": "#0"},
				"up": {"uv": [6.25, 14.75, 6, 14.5], "texture": "#0"},
				"down": {"uv": [14.75, 6, 14.5, 6.25], "texture": "#0"}
			}
		},
		{
			"from": [9, 21, 7],
			"to": [10, 22, 8],
			"faces": {
				"north": {"uv": [4.75, 14.5, 5, 14.75], "texture": "#0"},
				"east": {"uv": [14.5, 4.75, 14.75, 5], "texture": "#0"},
				"south": {"uv": [5, 14.5, 5.25, 14.75], "texture": "#0"},
				"west": {"uv": [14.5, 5, 14.75, 5.25], "texture": "#0"},
				"up": {"uv": [5.5, 14.75, 5.25, 14.5], "texture": "#0"},
				"down": {"uv": [14.75, 5.25, 14.5, 5.5], "texture": "#0"}
			}
		},
		{
			"from": [7, 21, 5],
			"to": [8, 22, 6],
			"faces": {
				"north": {"uv": [4, 14.5, 4.25, 14.75], "texture": "#0"},
				"east": {"uv": [14.5, 4, 14.75, 4.25], "texture": "#0"},
				"south": {"uv": [4.25, 14.5, 4.5, 14.75], "texture": "#0"},
				"west": {"uv": [14.5, 4.25, 14.75, 4.5], "texture": "#0"},
				"up": {"uv": [4.75, 14.75, 4.5, 14.5], "texture": "#0"},
				"down": {"uv": [14.75, 4.5, 14.5, 4.75], "texture": "#0"}
			}
		},
		{
			"from": [5, 21, 7],
			"to": [6, 22, 8],
			"faces": {
				"north": {"uv": [3.25, 14.5, 3.5, 14.75], "texture": "#0"},
				"east": {"uv": [14.5, 3.25, 14.75, 3.5], "texture": "#0"},
				"south": {"uv": [3.5, 14.5, 3.75, 14.75], "texture": "#0"},
				"west": {"uv": [14.5, 3.5, 14.75, 3.75], "texture": "#0"},
				"up": {"uv": [4, 14.75, 3.75, 14.5], "texture": "#0"},
				"down": {"uv": [14.75, 3.75, 14.5, 4], "texture": "#0"}
			}
		},
		{
			"from": [7, 24, 6],
			"to": [8, 26, 7],
			"faces": {
				"north": {"uv": [14.25, 2.75, 14.5, 3.25], "texture": "#0"},
				"east": {"uv": [14.25, 3.5, 14.5, 4], "texture": "#0"},
				"south": {"uv": [14.25, 4, 14.5, 4.5], "texture": "#0"},
				"west": {"uv": [14.25, 4.5, 14.5, 5], "texture": "#0"},
				"up": {"uv": [7.25, 14.75, 7, 14.5], "texture": "#0"},
				"down": {"uv": [14.75, 7, 14.5, 7.25], "texture": "#0"}
			}
		},
		{
			"from": [8, 24, 7],
			"to": [9, 26, 8],
			"faces": {
				"north": {"uv": [1.25, 14.25, 1.5, 14.75], "texture": "#0"},
				"east": {"uv": [14.25, 1.25, 14.5, 1.75], "texture": "#0"},
				"south": {"uv": [14.25, 1.75, 14.5, 2.25], "texture": "#0"},
				"west": {"uv": [14.25, 2.25, 14.5, 2.75], "texture": "#0"},
				"up": {"uv": [7, 14.75, 6.75, 14.5], "texture": "#0"},
				"down": {"uv": [14.75, 6.75, 14.5, 7], "texture": "#0"}
			}
		},
		{
			"from": [7, 24, 8],
			"to": [8, 26, 9],
			"faces": {
				"north": {"uv": [14.25, 0.25, 14.5, 0.75], "texture": "#0"},
				"east": {"uv": [0.5, 14.25, 0.75, 14.75], "texture": "#0"},
				"south": {"uv": [0.75, 14.25, 1, 14.75], "texture": "#0"},
				"west": {"uv": [1, 14.25, 1.25, 14.75], "texture": "#0"},
				"up": {"uv": [6.75, 14.75, 6.5, 14.5], "texture": "#0"},
				"down": {"uv": [14.75, 6.5, 14.5, 6.75], "texture": "#0"}
			}
		},
		{
			"from": [7, 24, 7],
			"to": [8, 29, 8],
			"faces": {
				"north": {"uv": [11.75, 12.75, 12, 14], "texture": "#0"},
				"east": {"uv": [12, 12.75, 12.25, 14], "texture": "#0"},
				"south": {"uv": [12.25, 12.75, 12.5, 14], "texture": "#0"},
				"west": {"uv": [12.5, 12.75, 12.75, 14], "texture": "#0"},
				"up": {"uv": [7.5, 14.75, 7.25, 14.5], "texture": "#0"},
				"down": {"uv": [14.75, 7.25, 14.5, 7.5], "texture": "#0"}
			}
		},
		{
			"from": [6, 24, 7],
			"to": [7, 26, 8],
			"faces": {
				"north": {"uv": [14, 13.5, 14.25, 14], "texture": "#0"},
				"east": {"uv": [14, 14, 14.25, 14.5], "texture": "#0"},
				"south": {"uv": [0, 14.25, 0.25, 14.75], "texture": "#0"},
				"west": {"uv": [0.25, 14.25, 0.5, 14.75], "texture": "#0"},
				"up": {"uv": [6.5, 14.75, 6.25, 14.5], "texture": "#0"},
				"down": {"uv": [14.75, 6.25, 14.5, 6.5], "texture": "#0"}
			}
		},
		{
			"from": [14, 1, 6],
			"to": [15, 2, 9],
			"faces": {
				"north": {"uv": [14.25, 6.75, 14.5, 7], "texture": "#0"},
				"east": {"uv": [13, 2.5, 13.75, 2.75], "texture": "#0"},
				"south": {"uv": [14.25, 7, 14.5, 7.25], "texture": "#0"},
				"west": {"uv": [5.75, 13, 6.5, 13.25], "texture": "#0"},
				"up": {"uv": [6.75, 13.75, 6.5, 13], "texture": "#0"},
				"down": {"uv": [7, 13, 6.75, 13.75], "texture": "#0"}
			}
		},
		{
			"from": [14, 0, 5],
			"to": [15, 1, 10],
			"faces": {
				"north": {"uv": [14.25, 0.75, 14.5, 1], "texture": "#0"},
				"east": {"uv": [12.5, 8.25, 13.75, 8.5], "texture": "#0"},
				"south": {"uv": [5.75, 14.25, 6, 14.5], "texture": "#0"},
				"west": {"uv": [12.5, 8.5, 13.75, 8.75], "texture": "#0"},
				"up": {"uv": [9, 13.75, 8.75, 12.5], "texture": "#0"},
				"down": {"uv": [9.25, 12.5, 9, 13.75], "texture": "#0"}
			}
		},
		{
			"from": [13, 3, 5],
			"to": [14, 5, 10],
			"faces": {
				"north": {"uv": [14, 2.75, 14.25, 3.25], "texture": "#0"},
				"east": {"uv": [10.25, 1.5, 11.5, 2], "texture": "#0"},
				"south": {"uv": [3.25, 14, 3.5, 14.5], "texture": "#0"},
				"west": {"uv": [1.75, 10.5, 3, 11], "texture": "#0"},
				"up": {"uv": [9.5, 13.75, 9.25, 12.5], "texture": "#0"},
				"down": {"uv": [9.75, 12.5, 9.5, 13.75], "texture": "#0"}
			}
		},
		{
			"from": [1, 3, 5],
			"to": [2, 5, 10],
			"faces": {
				"north": {"uv": [3.5, 14, 3.75, 14.5], "texture": "#0"},
				"east": {"uv": [3, 10.5, 4.25, 11], "texture": "#0"},
				"south": {"uv": [14, 3.5, 14.25, 4], "texture": "#0"},
				"west": {"uv": [4.25, 10.5, 5.5, 11], "texture": "#0"},
				"up": {"uv": [10, 13.75, 9.75, 12.5], "texture": "#0"},
				"down": {"uv": [10.25, 12.5, 10, 13.75], "texture": "#0"}
			}
		}
	],
	"gui_light": "front",
	"display": {
		"thirdperson_righthand": {
			"scale": [0.4, 0.32, 0.4]
		},
		"thirdperson_lefthand": {
			"scale": [0.4, 0.32, 0.4]
		},
		"firstperson_righthand": {
			"rotation": [0, 11, 0],
			"translation": [0, 1, 0],
			"scale": [0.4, 0.32, 0.4]
		},
		"firstperson_lefthand": {
			"rotation": [0, 11, 0],
			"translation": [0, 1, 0],
			"scale": [0.4, 0.32, 0.4]
		},
		"ground": {
			"scale": [0.5, 0.4, 0.5]
		},
		"gui": {
			"rotation": [21, 21, 0],
			"translation": [0.5, -2.25, 0],
			"scale": [0.5, 0.4, 0.5]
		},
		"head": {
			"translation": [0.25, 9.5, 0],
			"scale": [0.5, 0.4, 0.5]
		},
		"fixed": {
			"scale": [0.5, 0.4, 0.5]
		}
	}
}