{
	"credit": "Made with Blockbench",
	"parent": "block/block",
	"ambientocclusion": false,
	"textures": {
		"0": "block/leaves_acacia_carried",
		"1": "block/acacia_log",
		"2": "block/acacia_log_top",
		"3": "block/acacia_planks",
		"particle": "block/leaves_acacia_carried"
	},
	"elements": [
		{
			"from": [5, 10, 8],
			"to": [11, 16, 19],
			"rotation": {"angle": 0, "axis": "y", "origin": [0, 0, 8]},
			"faces": {
				"east": {"uv": [5, 5, 16, 11], "texture": "#0"},
				"south": {"uv": [5, 5, 11, 11], "texture": "#0"},
				"west": {"uv": [0, 5, 11, 11], "texture": "#0"},
				"up": {"uv": [5, 0, 11, 11], "texture": "#0"},
				"down": {"uv": [5, 5, 11, 16], "texture": "#0"}
			}
		},
		{
			"from": [5, 10, -3],
			"to": [11, 16, 8],
			"rotation": {"angle": 0, "axis": "y", "origin": [16, 0, 8]},
			"faces": {
				"north": {"uv": [5, 5, 11, 11], "texture": "#0"},
				"east": {"uv": [0, 5, 11, 11], "texture": "#0"},
				"west": {"uv": [5, 5, 16, 11], "texture": "#0"},
				"up": {"uv": [5, 0, 11, 11], "rotation": 180, "texture": "#0"},
				"down": {"uv": [5, 5, 11, 16], "rotation": 180, "texture": "#0"}
			}
		},
		{
			"name": "Center post",
			"from": [6, 0, -2],
			"to": [10, 10, 2],
			"rotation": {"angle": 0, "axis": "y", "origin": [8, 8, 0]},
			"faces": {
				"north": {"uv": [6, 0, 10, 10], "texture": "#1"},
				"east": {"uv": [6, 0, 10, 10], "texture": "#1"},
				"south": {"uv": [6, 0, 10, 10], "texture": "#1"},
				"west": {"uv": [6, 0, 10, 10], "texture": "#1"},
				"down": {"uv": [6, 6, 10, 10], "texture": "#2", "cullface": "down"}
			}
		},
		{
			"name": "Center post",
			"from": [6, 0, 14],
			"to": [10, 10, 18],
			"rotation": {"angle": 0, "axis": "y", "origin": [8, 8, 16]},
			"faces": {
				"north": {"uv": [6, 0, 10, 10], "texture": "#1"},
				"east": {"uv": [6, 0, 10, 10], "texture": "#1"},
				"south": {"uv": [6, 0, 10, 10], "texture": "#1"},
				"west": {"uv": [6, 0, 10, 10], "texture": "#1"},
				"down": {"uv": [6, 6, 10, 10], "texture": "#2", "cullface": "down"}
			}
		},
		{
			"name": "lower bar",
			"from": [7, 4, 2],
			"to": [9, 7, 14],
			"rotation": {"angle": 0, "axis": "y", "origin": [8, 8, 0]},
			"faces": {
				"north": {"uv": [0, 0, 0, 0], "texture": "#3", "cullface": "north"},
				"east": {"uv": [0, 7, 12, 10], "texture": "#3", "cullface": "north"},
				"south": {"uv": [7, 7, 9, 10], "texture": "#3", "cullface": "north"},
				"west": {"uv": [0, 7, 12, 10], "texture": "#3"},
				"up": {"uv": [3, 0, 15, 2], "rotation": 90, "texture": "#3"},
				"down": {"uv": [3, 0, 15, 2], "rotation": 90, "texture": "#3"}
			}
		}
	],
	"display": {
		"gui": {
			"rotation": [30, 135, 0],
			"scale": [0.625, 0.625, 0.625]
		},
		"fixed": {
			"rotation": [0, 90, 0],
			"scale": [0.5, 0.5, 0.5]
		}
	}
}