{
	"credit": "Made with Blockbench",
	"textures": {
		"particle": "block/bamboo_stalk",
		"texture": "block/bamboo_stalk"
	},
	"elements": [
		{
			"name": "Center post",
			"from": [6.5, -4, 4.25],
			"to": [7.5, 12, 5.25],
			"faces": {
				"north": {"uv": [10, 0, 11, 16], "texture": "#texture"},
				"east": {"uv": [10, 0, 11, 16], "texture": "#texture"},
				"south": {"uv": [10, 0, 11, 16], "texture": "#texture"},
				"west": {"uv": [10, 0, 11, 16], "texture": "#texture"},
				"up": {"uv": [14, 1, 15, 2], "texture": "#texture", "cullface": "up"},
				"down": {"uv": [14, 1, 15, 2], "texture": "#texture"}
			}
		},
		{
			"name": "Center post",
			"from": [8.5, -2, 1.25],
			"to": [9.5, 14, 2.25],
			"faces": {
				"north": {"uv": [7, 0, 8, 16], "texture": "#texture"},
				"east": {"uv": [7, 0, 8, 16], "texture": "#texture"},
				"south": {"uv": [7, 0, 8, 16], "texture": "#texture"},
				"west": {"uv": [7, 0, 8, 16], "texture": "#texture"},
				"up": {"uv": [14, 1, 15, 2], "texture": "#texture", "cullface": "up"},
				"down": {"uv": [14, 1, 15, 2], "texture": "#texture"}
			}
		}
	]
}