{
	"credit": "Made with Blockbench",
	"textures": {
		"particle": "block/spruce_planks",
		"texture": "block/spruce_planks"
	},
	"elements": [
		{
			"name": "top bar",
			"from": [8, 8, -1.125],
			"to": [9, 11, 5.875],
			"rotation": {"angle": -22.5, "axis": "x", "origin": [8.5, 11, 6]},
			"faces": {
				"north": {"uv": [7, 1, 8, 4], "texture": "#texture", "cullface": "north"},
				"east": {"uv": [0, 1, 7, 4], "texture": "#texture"},
				"west": {"uv": [0, 1, 7, 4], "texture": "#texture"},
				"up": {"uv": [7, 0, 8, 7], "texture": "#texture"},
				"down": {"uv": [7, 0, 8, 7], "texture": "#texture"}
			}
		},
		{
			"name": "top bar",
			"from": [7, 5.39942, 0.05099],
			"to": [8, 8.39942, 7.05099],
			"rotation": {"angle": 22.5, "axis": "x", "origin": [8, 7, 0]},
			"faces": {
				"north": {"uv": [7, 1, 8, 4], "texture": "#texture", "cullface": "north"},
				"east": {"uv": [0, 1, 7, 4], "texture": "#texture"},
				"west": {"uv": [0, 1, 7, 4], "texture": "#texture"},
				"up": {"uv": [7, 0, 8, 7], "rotation": 180, "texture": "#texture"},
				"down": {"uv": [7, 0, 8, 7], "rotation": 180, "texture": "#texture"}
			}
		},
		{
			"name": "top bar",
			"from": [7.5, 12, 0],
			"to": [8.5, 15, 6],
			"rotation": {"angle": 0, "axis": "x", "origin": [8, 15, 6]},
			"faces": {
				"north": {"uv": [7, 1, 8, 4], "texture": "#texture", "cullface": "north"},
				"east": {"uv": [0, 1, 6, 4], "texture": "#texture"},
				"west": {"uv": [0, 1, 6, 4], "texture": "#texture"},
				"up": {"uv": [7, 0, 8, 6], "texture": "#texture"},
				"down": {"uv": [7, 0, 8, 6], "texture": "#texture"}
			}
		}
	]
}