{
	"credit": "Made with Blockbench",
	"parent": "block/block",
	"ambientocclusion": false,
	"textures": {
		"1": "block/spruce_log",
		"2": "block/spruce_planks",
		"particle": "block/spruce_log_top",
		"texture": "block/spruce_log_top"
	},
	"elements": [
		{
			"name": "Center post",
			"from": [6, 0, -2],
			"to": [10, 16, 2],
			"rotation": {"angle": 0, "axis": "y", "origin": [8, 8, 0]},
			"faces": {
				"north": {"uv": [6, 0, 10, 16], "texture": "#1"},
				"east": {"uv": [6, 0, 10, 16], "texture": "#1"},
				"south": {"uv": [6, 0, 10, 16], "texture": "#1"},
				"west": {"uv": [6, 0, 10, 16], "texture": "#1"},
				"up": {"uv": [6, 6, 10, 10], "texture": "#texture", "cullface": "up"},
				"down": {"uv": [6, 6, 10, 10], "texture": "#texture", "cullface": "down"}
			}
		},
		{
			"name": "Center post",
			"from": [6, 0, 14],
			"to": [10, 16, 18],
			"rotation": {"angle": 0, "axis": "y", "origin": [8, 8, 16]},
			"faces": {
				"north": {"uv": [6, 0, 10, 16], "texture": "#1"},
				"east": {"uv": [6, 0, 10, 16], "texture": "#1"},
				"south": {"uv": [6, 0, 10, 16], "texture": "#1"},
				"west": {"uv": [6, 0, 10, 16], "texture": "#1"},
				"up": {"uv": [6, 6, 10, 10], "texture": "#texture", "cullface": "up"},
				"down": {"uv": [6, 6, 10, 10], "texture": "#texture", "cullface": "down"}
			}
		},
		{
			"name": "top bar",
			"from": [7.5, 12, 8],
			"to": [8.5, 15, 14],
			"rotation": {"angle": 0, "axis": "y", "origin": [8, 15, 14]},
			"faces": {
				"north": {"uv": [7, 1, 8, 4], "texture": "#2", "cullface": "north"},
				"east": {"uv": [0, 1, 6, 4], "texture": "#2"},
				"south": {"uv": [0, 0, 0, 0], "texture": "#2"},
				"west": {"uv": [0, 1, 6, 4], "texture": "#2"},
				"up": {"uv": [7, 0, 8, 6], "texture": "#2"},
				"down": {"uv": [7, 0, 8, 6], "texture": "#2"}
			}
		},
		{
			"name": "top bar",
			"from": [7.5, 12, 2],
			"to": [8.5, 15, 8],
			"rotation": {"angle": 0, "axis": "y", "origin": [8, 15, 14]},
			"faces": {
				"north": {"uv": [7, 1, 8, 4], "texture": "#2", "cullface": "north"},
				"east": {"uv": [0, 1, 6, 4], "texture": "#2"},
				"south": {"uv": [0, 0, 0, 0], "texture": "#2"},
				"west": {"uv": [0, 1, 6, 4], "texture": "#2"},
				"up": {"uv": [7, 0, 8, 6], "texture": "#2"},
				"down": {"uv": [7, 0, 8, 6], "texture": "#2"}
			}
		},
		{
			"name": "top bar",
			"from": [8, 8, 6.875],
			"to": [9, 11, 13.875],
			"rotation": {"angle": -22.5, "axis": "x", "origin": [8.5, 11, 14]},
			"faces": {
				"north": {"uv": [7, 1, 8, 4], "texture": "#2", "cullface": "north"},
				"east": {"uv": [0, 1, 7, 4], "texture": "#2"},
				"south": {"uv": [0, 0, 0, 0], "texture": "#2"},
				"west": {"uv": [0, 1, 7, 4], "texture": "#2"},
				"up": {"uv": [7, 0, 8, 7], "texture": "#2"},
				"down": {"uv": [7, 0, 8, 7], "texture": "#2"}
			}
		},
		{
			"name": "top bar",
			"from": [8, 8, -0.125],
			"to": [9, 11, 6.875],
			"rotation": {"angle": -22.5, "axis": "x", "origin": [8.5, 11, 14]},
			"faces": {
				"north": {"uv": [7, 1, 8, 4], "texture": "#2", "cullface": "north"},
				"east": {"uv": [0, 1, 7, 4], "texture": "#2"},
				"south": {"uv": [0, 0, 0, 0], "texture": "#2"},
				"west": {"uv": [0, 1, 7, 4], "texture": "#2"},
				"up": {"uv": [7, 0, 8, 7], "texture": "#2"},
				"down": {"uv": [7, 0, 8, 7], "texture": "#2"}
			}
		},
		{
			"name": "top bar",
			"from": [7, 5.39942, 1.05099],
			"to": [8, 8.39942, 8.05099],
			"rotation": {"angle": 22.5, "axis": "x", "origin": [8, 7, 8]},
			"faces": {
				"north": {"uv": [7, 1, 8, 4], "texture": "#2", "cullface": "north"},
				"east": {"uv": [0, 1, 7, 4], "texture": "#2"},
				"south": {"uv": [0, 0, 0, 0], "texture": "#2", "cullface": "north"},
				"west": {"uv": [0, 1, 7, 4], "texture": "#2"},
				"up": {"uv": [7, 0, 8, 7], "rotation": 180, "texture": "#2"},
				"down": {"uv": [7, 0, 8, 7], "rotation": 180, "texture": "#2"}
			}
		},
		{
			"name": "top bar",
			"from": [7, 5.39942, 8.05099],
			"to": [8, 8.39942, 15.05099],
			"rotation": {"angle": 22.5, "axis": "x", "origin": [8, 7, 8]},
			"faces": {
				"north": {"uv": [7, 1, 8, 4], "texture": "#2", "cullface": "north"},
				"east": {"uv": [0, 1, 7, 4], "texture": "#2"},
				"south": {"uv": [0, 0, 0, 0], "texture": "#2", "cullface": "north"},
				"west": {"uv": [0, 1, 7, 4], "texture": "#2"},
				"up": {"uv": [7, 0, 8, 7], "rotation": 180, "texture": "#2"},
				"down": {"uv": [7, 0, 8, 7], "rotation": 180, "texture": "#2"}
			}
		}
	],
	"display": {
		"gui": {
			"rotation": [30, 135, 0],
			"scale": [0.625, 0.625, 0.625]
		},
		"fixed": {
			"rotation": [0, 90, 0],
			"scale": [0.5, 0.5, 0.5]
		}
	}
}