{
	"credit": "Made with Blockbench",
	"texture_size": [32, 32],
	"textures": {
		"0": "block/texture",
		"particle": "block/texture"
	},
	"elements": [
		{
			"from": [13.4, 9.5, 10],
			"to": [13.65, 11.75, 10.75],
			"rotation": {"angle": 0, "axis": "x", "origin": [8, 8, 8]},
			"faces": {
				"north": {"uv": [6.675, 5.625, 6.8, 6.75], "texture": "#0"},
				"east": {"uv": [7.125, 1.625, 7.5, 2.75], "texture": "#0"},
				"south": {"uv": [4.7, 5.625, 4.825, 6.75], "texture": "#0"},
				"west": {"uv": [2.5, 1.625, 2.875, 2.75], "texture": "#0"},
				"up": {"uv": [1.7, 6.5, 1.825, 6.875], "texture": "#0"},
				"down": {"uv": [3.2, 6.625, 3.325, 7], "texture": "#0"}
			}
		},
		{
			"from": [13.4, 9, 7.5],
			"to": [13.65, 10.5, 8],
			"rotation": {"angle": 0, "axis": "x", "origin": [8, 8, 8]},
			"faces": {
				"north": {"uv": [6.675, 6.25, 6.8, 7], "texture": "#0"},
				"east": {"uv": [8.5, 2.25, 8.75, 3], "texture": "#0"},
				"south": {"uv": [4.7, 6.25, 4.825, 7], "texture": "#0"},
				"west": {"uv": [1.25, 2.25, 1.5, 3], "texture": "#0"},
				"up": {"uv": [1.7, 5.25, 1.825, 5.5], "texture": "#0"},
				"down": {"uv": [3.2, 8, 3.325, 8.25], "texture": "#0"}
			}
		},
		{
			"from": [13.4, 8.75, 8],
			"to": [13.65, 11, 9.5],
			"rotation": {"angle": 0, "axis": "x", "origin": [8, 8, 8]},
			"faces": {
				"north": {"uv": [6.675, 6, 6.8, 7.125], "texture": "#0"},
				"east": {"uv": [7.75, 2, 8.5, 3.125], "texture": "#0"},
				"south": {"uv": [4.7, 6, 4.825, 7.125], "texture": "#0"},
				"west": {"uv": [1.5, 2, 2.25, 3.125], "texture": "#0"},
				"up": {"uv": [1.7, 5.5, 1.825, 6.25], "texture": "#0"},
				"down": {"uv": [3.2, 7.25, 3.325, 8], "texture": "#0"}
			}
		},
		{
			"from": [13.4, 11, 9],
			"to": [13.65, 11.5, 10],
			"rotation": {"angle": 0, "axis": "x", "origin": [8, 8, 8]},
			"faces": {
				"north": {"uv": [6.675, 5.75, 6.8, 6], "texture": "#0"},
				"east": {"uv": [7.5, 1.75, 8, 2], "texture": "#0"},
				"south": {"uv": [4.7, 5.75, 4.825, 6], "texture": "#0"},
				"west": {"uv": [2, 1.75, 2.5, 2], "texture": "#0"},
				"up": {"uv": [1.7, 6, 1.825, 6.5], "texture": "#0"},
				"down": {"uv": [3.2, 7, 3.325, 7.5], "texture": "#0"}
			}
		},
		{
			"from": [13.65, 8.25, 7.75],
			"to": [13.9, 8.5, 9.75],
			"rotation": {"angle": 0, "axis": "x", "origin": [8, 8, 8]},
			"faces": {
				"north": {"uv": [6.55, 7.25, 6.675, 7.375], "texture": "#0"},
				"east": {"uv": [7.625, 3.25, 8.625, 3.375], "texture": "#0"},
				"south": {"uv": [4.825, 7.25, 4.95, 7.375], "texture": "#0"},
				"west": {"uv": [1.375, 3.25, 2.375, 3.375], "texture": "#0"},
				"up": {"uv": [1.825, 5.375, 1.95, 6.375], "texture": "#0"},
				"down": {"uv": [3.325, 7.125, 3.45, 8.125], "texture": "#0"}
			}
		},
		{
			"from": [13.65, 11.25, 9],
			"to": [13.9, 11.75, 10],
			"rotation": {"angle": 0, "axis": "x", "origin": [8, 8, 8]},
			"faces": {
				"north": {"uv": [6.55, 5.625, 6.675, 5.875], "texture": "#0"},
				"east": {"uv": [7.5, 1.625, 8, 1.875], "texture": "#0"},
				"south": {"uv": [4.825, 5.625, 4.95, 5.875], "texture": "#0"},
				"west": {"uv": [2, 1.625, 2.5, 1.875], "texture": "#0"},
				"up": {"uv": [1.825, 6, 1.95, 6.5], "texture": "#0"},
				"down": {"uv": [3.325, 7, 3.45, 7.5], "texture": "#0"}
			}
		},
		{
			"from": [13.65, 11, 8.5],
			"to": [13.9, 11.25, 10],
			"rotation": {"angle": 0, "axis": "x", "origin": [8, 8, 8]},
			"faces": {
				"north": {"uv": [6.55, 5.875, 6.675, 6], "texture": "#0"},
				"east": {"uv": [7.5, 1.875, 8.25, 2], "texture": "#0"},
				"south": {"uv": [4.825, 5.875, 4.95, 6], "texture": "#0"},
				"west": {"uv": [1.75, 1.875, 2.5, 2], "texture": "#0"},
				"up": {"uv": [1.825, 5.75, 1.95, 6.5], "texture": "#0"},
				"down": {"uv": [3.95, 7.125, 4.075, 7.875], "texture": "#0"}
			}
		},
		{
			"from": [13.65, 9, 7],
			"to": [13.9, 10.5, 7.5],
			"rotation": {"angle": 0, "axis": "x", "origin": [8, 8, 8]},
			"faces": {
				"north": {"uv": [6.55, 6.25, 6.675, 7], "texture": "#0"},
				"east": {"uv": [8.75, 2.25, 9, 3], "texture": "#0"},
				"south": {"uv": [4.825, 6.25, 4.95, 7], "texture": "#0"},
				"west": {"uv": [1, 2.25, 1.25, 3], "texture": "#0"},
				"up": {"uv": [1.825, 5, 1.95, 5.25], "texture": "#0"},
				"down": {"uv": [3.325, 8.25, 3.45, 8.5], "texture": "#0"}
			}
		},
		{
			"from": [13.65, 8, 8.5],
			"to": [13.9, 8.25, 9.5],
			"rotation": {"angle": 0, "axis": "x", "origin": [8, 8, 8]},
			"faces": {
				"north": {"uv": [6.55, 7.375, 6.675, 7.5], "texture": "#0"},
				"east": {"uv": [7.75, 3.375, 8.25, 3.5], "texture": "#0"},
				"south": {"uv": [4.825, 7.375, 4.95, 7.5], "texture": "#0"},
				"west": {"uv": [1.75, 3.375, 2.25, 3.5], "texture": "#0"},
				"up": {"uv": [1.825, 5.75, 1.95, 6.25], "texture": "#0"},
				"down": {"uv": [3.325, 7.25, 3.45, 7.75], "texture": "#0"}
			}
		},
		{
			"from": [13.65, 8.75, 10],
			"to": [13.9, 9, 10.25],
			"rotation": {"angle": 0, "axis": "x", "origin": [8, 8, 8]},
			"faces": {
				"north": {"uv": [6.55, 7, 6.675, 7.125], "texture": "#0"},
				"east": {"uv": [7.375, 3, 7.5, 3.125], "texture": "#0"},
				"south": {"uv": [4.825, 7, 4.95, 7.125], "texture": "#0"},
				"west": {"uv": [2.5, 3, 2.625, 3.125], "texture": "#0"},
				"up": {"uv": [1.825, 6.5, 1.95, 6.625], "texture": "#0"},
				"down": {"uv": [3.325, 6.875, 3.45, 7], "texture": "#0"}
			}
		},
		{
			"from": [13.65, 9.75, 10.75],
			"to": [13.9, 10.5, 11.25],
			"rotation": {"angle": 0, "axis": "x", "origin": [8, 8, 8]},
			"faces": {
				"north": {"uv": [6.55, 6.25, 6.675, 6.625], "texture": "#0"},
				"east": {"uv": [6.875, 2.25, 7.125, 2.625], "texture": "#0"},
				"south": {"uv": [4.825, 6.25, 4.95, 6.625], "texture": "#0"},
				"west": {"uv": [2.875, 2.25, 3.125, 2.625], "texture": "#0"},
				"up": {"uv": [1.825, 6.875, 1.95, 7.125], "texture": "#0"},
				"down": {"uv": [3.325, 6.375, 3.45, 6.625], "texture": "#0"}
			}
		},
		{
			"from": [13.65, 8.5, 8],
			"to": [13.9, 9, 10],
			"rotation": {"angle": 0, "axis": "x", "origin": [8, 8, 8]},
			"faces": {
				"north": {"uv": [6.55, 7, 6.675, 7.25], "texture": "#0"},
				"east": {"uv": [7.5, 3, 8.5, 3.25], "texture": "#0"},
				"south": {"uv": [4.825, 7, 4.95, 7.25], "texture": "#0"},
				"west": {"uv": [1.5, 3, 2.5, 3.25], "texture": "#0"},
				"up": {"uv": [2.45, 5.5, 2.575, 6.5], "texture": "#0"},
				"down": {"uv": [3.325, 7, 3.45, 8], "texture": "#0"}
			}
		},
		{
			"from": [13.65, 10.5, 10.75],
			"to": [13.9, 12, 11.5],
			"rotation": {"angle": 0, "axis": "x", "origin": [8, 8, 8]},
			"faces": {
				"north": {"uv": [6.55, 5.5, 6.675, 6.25], "texture": "#0"},
				"east": {"uv": [6.75, 1.5, 7.125, 2.25], "texture": "#0"},
				"south": {"uv": [4.825, 5.5, 4.95, 6.25], "texture": "#0"},
				"west": {"uv": [2.875, 1.5, 3.25, 2.25], "texture": "#0"},
				"up": {"uv": [1.825, 6.875, 1.95, 7.25], "texture": "#0"},
				"down": {"uv": [3.325, 6.25, 3.45, 6.625], "texture": "#0"}
			}
		},
		{
			"from": [13.65, 9.25, 10.5],
			"to": [13.9, 12, 10.75],
			"rotation": {"angle": 0, "axis": "x", "origin": [8, 8, 8]},
			"faces": {
				"north": {"uv": [7.425, 5.625, 7.55, 7], "texture": "#0"},
				"east": {"uv": [7.125, 1.5, 7.25, 2.875], "texture": "#0"},
				"south": {"uv": [4.825, 5.5, 4.95, 6.875], "texture": "#0"},
				"west": {"uv": [2.75, 1.5, 2.875, 2.875], "texture": "#0"},
				"up": {"uv": [1.825, 6.75, 1.95, 6.875], "texture": "#0"},
				"down": {"uv": [3.325, 6.625, 3.45, 6.75], "texture": "#0"}
			}
		},
		{
			"from": [13.65, 8.5, 7.5],
			"to": [13.9, 11, 8],
			"rotation": {"angle": 0, "axis": "x", "origin": [8, 8, 8]},
			"faces": {
				"north": {"uv": [6.55, 6, 6.675, 7.25], "texture": "#0"},
				"east": {"uv": [8.5, 2, 8.75, 3.25], "texture": "#0"},
				"south": {"uv": [4.825, 6, 4.95, 7.25], "texture": "#0"},
				"west": {"uv": [1.25, 2, 1.5, 3.25], "texture": "#0"},
				"up": {"uv": [1.825, 5.25, 1.95, 5.5], "texture": "#0"},
				"down": {"uv": [3.325, 8, 3.45, 8.25], "texture": "#0"}
			}
		},
		{
			"from": [13.9, 8.5, 7.5],
			"to": [14.15, 11, 8],
			"rotation": {"angle": 0, "axis": "x", "origin": [8, 8, 8]},
			"faces": {
				"north": {"uv": [6.425, 6, 6.55, 7.25], "texture": "#0"},
				"east": {"uv": [8.5, 2, 8.75, 3.25], "texture": "#0"},
				"south": {"uv": [5.7, 6, 5.825, 7.25], "texture": "#0"},
				"west": {"uv": [1.25, 2, 1.5, 3.25], "texture": "#0"},
				"up": {"uv": [1.95, 5.25, 2.075, 5.5], "texture": "#0"},
				"down": {"uv": [3.45, 8, 3.575, 8.25], "texture": "#0"}
			}
		},
		{
			"from": [13.9, 11.75, 10],
			"to": [14.15, 12.25, 11],
			"rotation": {"angle": 0, "axis": "x", "origin": [8, 8, 8]},
			"faces": {
				"north": {"uv": [6.425, 5.375, 6.55, 5.625], "texture": "#0"},
				"east": {"uv": [7, 1.375, 7.5, 1.625], "texture": "#0"},
				"south": {"uv": [4.95, 5.375, 5.075, 5.625], "texture": "#0"},
				"west": {"uv": [2.5, 1.375, 3, 1.625], "texture": "#0"},
				"up": {"uv": [1.95, 6.5, 2.075, 7], "texture": "#0"},
				"down": {"uv": [4.075, 6.625, 4.2, 7.125], "texture": "#0"}
			}
		},
		{
			"from": [13.9, 10.25, 11],
			"to": [14.15, 12.25, 11.75],
			"rotation": {"angle": 0, "axis": "x", "origin": [8, 8, 8]},
			"faces": {
				"north": {"uv": [7.3, 5.5, 7.425, 6.5], "texture": "#0"},
				"east": {"uv": [6.625, 1.375, 7, 2.375], "texture": "#0"},
				"south": {"uv": [4.95, 5.375, 5.075, 6.375], "texture": "#0"},
				"west": {"uv": [3, 1.375, 3.375, 2.375], "texture": "#0"},
				"up": {"uv": [1.95, 7, 2.075, 7.375], "texture": "#0"},
				"down": {"uv": [3.45, 6.125, 3.575, 6.5], "texture": "#0"}
			}
		},
		{
			"from": [13.9, 11.25, 11.75],
			"to": [14.15, 12.25, 12.75],
			"rotation": {"angle": 0, "axis": "x", "origin": [8, 8, 8]},
			"faces": {
				"north": {"uv": [6.425, 5.375, 6.55, 5.875], "texture": "#0"},
				"east": {"uv": [6.125, 1.375, 6.625, 1.875], "texture": "#0"},
				"south": {"uv": [4.95, 5.375, 5.075, 5.875], "texture": "#0"},
				"west": {"uv": [3.375, 1.375, 3.875, 1.875], "texture": "#0"},
				"up": {"uv": [1.95, 7.375, 2.075, 7.875], "texture": "#0"},
				"down": {"uv": [3.45, 5.625, 3.575, 6.125], "texture": "#0"}
			}
		},
		{
			"from": [13.9, 9.5, 11],
			"to": [14.15, 10.25, 11.5],
			"rotation": {"angle": 0, "axis": "x", "origin": [8, 8, 8]},
			"faces": {
				"north": {"uv": [7.3, 6.5, 7.425, 6.875], "texture": "#0"},
				"east": {"uv": [6.75, 2.375, 7, 2.75], "texture": "#0"},
				"south": {"uv": [4.95, 6.375, 5.075, 6.75], "texture": "#0"},
				"west": {"uv": [3, 2.375, 3.25, 2.75], "texture": "#0"},
				"up": {"uv": [1.95, 7, 2.075, 7.25], "texture": "#0"},
				"down": {"uv": [3.45, 6.25, 3.575, 6.5], "texture": "#0"}
			}
		},
		{
			"from": [13.9, 10.75, 11.75],
			"to": [14.15, 11.25, 12.25],
			"rotation": {"angle": 0, "axis": "x", "origin": [8, 8, 8]},
			"faces": {
				"north": {"uv": [6.425, 5.875, 6.55, 6.125], "texture": "#0"},
				"east": {"uv": [6.375, 1.875, 6.625, 2.125], "texture": "#0"},
				"south": {"uv": [4.95, 5.875, 5.075, 6.125], "texture": "#0"},
				"west": {"uv": [3.375, 1.875, 3.625, 2.125], "texture": "#0"},
				"up": {"uv": [1.95, 7.375, 2.075, 7.625], "texture": "#0"},
				"down": {"uv": [3.45, 5.875, 3.575, 6.125], "texture": "#0"}
			}
		},
		{
			"from": [13.9, 8.5, 10],
			"to": [14.15, 9, 10.5],
			"rotation": {"angle": 0, "axis": "x", "origin": [8, 8, 8]},
			"faces": {
				"north": {"uv": [7.3, 7.125, 7.425, 7.375], "texture": "#0"},
				"east": {"uv": [7.25, 3, 7.5, 3.25], "texture": "#0"},
				"south": {"uv": [4.95, 7, 5.075, 7.25], "texture": "#0"},
				"west": {"uv": [2.5, 3, 2.75, 3.25], "texture": "#0"},
				"up": {"uv": [2.575, 6.5, 2.7, 6.75], "texture": "#0"},
				"down": {"uv": [3.45, 6.75, 3.575, 7], "texture": "#0"}
			}
		},
		{
			"from": [13.9, 8, 8.5],
			"to": [14.15, 8.25, 9.5],
			"rotation": {"angle": 0, "axis": "x", "origin": [8, 8, 8]},
			"faces": {
				"north": {"uv": [6.425, 7.375, 6.55, 7.5], "texture": "#0"},
				"east": {"uv": [7.75, 3.375, 8.25, 3.5], "texture": "#0"},
				"south": {"uv": [4.95, 7.375, 5.075, 7.5], "texture": "#0"},
				"west": {"uv": [1.75, 3.375, 2.25, 3.5], "texture": "#0"},
				"up": {"uv": [1.95, 5.75, 2.075, 6.25], "texture": "#0"},
				"down": {"uv": [3.45, 7.25, 3.575, 7.75], "texture": "#0"}
			}
		},
		{
			"from": [13.9, 9, 7],
			"to": [14.15, 10.5, 7.5],
			"rotation": {"angle": 0, "axis": "x", "origin": [8, 8, 8]},
			"faces": {
				"north": {"uv": [6.425, 6.25, 6.55, 7], "texture": "#0"},
				"east": {"uv": [8.75, 2.25, 9, 3], "texture": "#0"},
				"south": {"uv": [4.95, 6.25, 5.075, 7], "texture": "#0"},
				"west": {"uv": [1, 2.25, 1.25, 3], "texture": "#0"},
				"up": {"uv": [1.95, 5, 2.075, 5.25], "texture": "#0"},
				"down": {"uv": [3.45, 8.25, 3.575, 8.5], "texture": "#0"}
			}
		},
		{
			"from": [13.9, 11, 8.25],
			"to": [14.15, 11.5, 9.25],
			"rotation": {"angle": 0, "axis": "x", "origin": [8, 8, 8]},
			"faces": {
				"north": {"uv": [6.425, 5.75, 6.55, 6], "texture": "#0"},
				"east": {"uv": [7.875, 1.75, 8.375, 2], "texture": "#0"},
				"south": {"uv": [5.7, 5.75, 5.825, 6], "texture": "#0"},
				"west": {"uv": [1.625, 1.75, 2.125, 2], "texture": "#0"},
				"up": {"uv": [1.95, 5.625, 2.075, 6.125], "texture": "#0"},
				"down": {"uv": [4.075, 7.5, 4.2, 8], "texture": "#0"}
			}
		},
		{
			"from": [13.9, 11.5, 9],
			"to": [14.15, 12, 10],
			"rotation": {"angle": 0, "axis": "x", "origin": [8, 8, 8]},
			"faces": {
				"north": {"uv": [6.425, 5.5, 6.55, 5.75], "texture": "#0"},
				"east": {"uv": [7.5, 1.5, 8, 1.75], "texture": "#0"},
				"south": {"uv": [5.7, 5.5, 5.825, 5.75], "texture": "#0"},
				"west": {"uv": [2, 1.5, 2.5, 1.75], "texture": "#0"},
				"up": {"uv": [1.95, 6, 2.075, 6.5], "texture": "#0"},
				"down": {"uv": [4.075, 7.125, 4.2, 7.625], "texture": "#0"}
			}
		},
		{
			"from": [13.9, 8.25, 7.75],
			"to": [14.15, 8.5, 10],
			"rotation": {"angle": 0, "axis": "x", "origin": [8, 8, 8]},
			"faces": {
				"north": {"uv": [6.425, 7.25, 6.55, 7.375], "texture": "#0"},
				"east": {"uv": [7.5, 3.25, 8.625, 3.375], "texture": "#0"},
				"south": {"uv": [4.95, 7.25, 5.075, 7.375], "texture": "#0"},
				"west": {"uv": [1.375, 3.25, 2.5, 3.375], "texture": "#0"},
				"up": {"uv": [2.575, 5.375, 2.7, 6.5], "texture": "#0"},
				"down": {"uv": [3.45, 7, 3.575, 8.125], "texture": "#0"}
			}
		},
		{
			"from": [14.15, 10, 11.5],
			"to": [14.4, 10.75, 12],
			"rotation": {"angle": 0, "axis": "x", "origin": [8, 8, 8]},
			"faces": {
				"north": {"uv": [7.175, 6.25, 7.3, 6.625], "texture": "#0"},
				"east": {"uv": [6.5, 2.125, 6.75, 2.5], "texture": "#0"},
				"south": {"uv": [5.075, 6.125, 5.2, 6.5], "texture": "#0"},
				"west": {"uv": [3.25, 2.125, 3.5, 2.5], "texture": "#0"},
				"up": {"uv": [2.7, 7.25, 2.825, 7.5], "texture": "#0"},
				"down": {"uv": [3.575, 6, 3.7, 6.25], "texture": "#0"}
			}
		},
		{
			"from": [14.15, 11, 12.25],
			"to": [14.4, 11.5, 13],
			"rotation": {"angle": 0, "axis": "x", "origin": [8, 8, 8]},
			"faces": {
				"north": {"uv": [7.175, 5.875, 7.3, 6.125], "texture": "#0"},
				"east": {"uv": [6, 1.75, 6.375, 2], "texture": "#0"},
				"south": {"uv": [5.075, 5.75, 5.2, 6], "texture": "#0"},
				"west": {"uv": [3.625, 1.75, 4, 2], "texture": "#0"},
				"up": {"uv": [2.7, 7.625, 2.825, 8], "texture": "#0"},
				"down": {"uv": [3.575, 5.5, 3.7, 5.875], "texture": "#0"}
			}
		},
		{
			"from": [14.15, 10.5, 12],
			"to": [14.4, 11, 12.5],
			"rotation": {"angle": 0, "axis": "x", "origin": [8, 8, 8]},
			"faces": {
				"north": {"uv": [7.175, 6.125, 7.3, 6.375], "texture": "#0"},
				"east": {"uv": [6.25, 2, 6.5, 2.25], "texture": "#0"},
				"south": {"uv": [5.075, 6, 5.2, 6.25], "texture": "#0"},
				"west": {"uv": [3.5, 2, 3.75, 2.25], "texture": "#0"},
				"up": {"uv": [2.7, 7.5, 2.825, 7.75], "texture": "#0"},
				"down": {"uv": [3.575, 5.75, 3.7, 6], "texture": "#0"}
			}
		},
		{
			"from": [14.15, 12.25, 11],
			"to": [14.4, 12.5, 13.5],
			"rotation": {"angle": 0, "axis": "x", "origin": [8, 8, 8]},
			"faces": {
				"north": {"uv": [6.3, 5.25, 6.425, 5.375], "texture": "#0"},
				"east": {"uv": [5.75, 1.25, 7, 1.375], "texture": "#0"},
				"south": {"uv": [5.075, 5.25, 5.2, 5.375], "texture": "#0"},
				"west": {"uv": [3, 1.25, 4.25, 1.375], "texture": "#0"},
				"up": {"uv": [2.075, 7, 2.2, 8.25], "texture": "#0"},
				"down": {"uv": [4.2, 5.375, 4.325, 6.625], "texture": "#0"}
			}
		},
		{
			"from": [14.15, 11.5, 12.75],
			"to": [14.4, 11.75, 13.25],
			"rotation": {"angle": 0, "axis": "x", "origin": [8, 8, 8]},
			"faces": {
				"north": {"uv": [7.175, 5.75, 7.3, 5.875], "texture": "#0"},
				"east": {"uv": [5.875, 1.625, 6.125, 1.75], "texture": "#0"},
				"south": {"uv": [5.075, 5.625, 5.2, 5.75], "texture": "#0"},
				"west": {"uv": [3.875, 1.625, 4.125, 1.75], "texture": "#0"},
				"up": {"uv": [2.7, 7.875, 2.825, 8.125], "texture": "#0"},
				"down": {"uv": [3.575, 5.375, 3.7, 5.625], "texture": "#0"}
			}
		},
		{
			"from": [14.15, 11.75, 13.25],
			"to": [14.4, 12.25, 13.5],
			"rotation": {"angle": 0, "axis": "x", "origin": [8, 8, 8]},
			"faces": {
				"north": {"uv": [7.175, 5.5, 7.3, 5.75], "texture": "#0"},
				"east": {"uv": [5.75, 1.375, 5.875, 1.625], "texture": "#0"},
				"south": {"uv": [5.075, 5.375, 5.2, 5.625], "texture": "#0"},
				"west": {"uv": [4.125, 1.375, 4.25, 1.625], "texture": "#0"},
				"up": {"uv": [2.075, 8.125, 2.2, 8.25], "texture": "#0"},
				"down": {"uv": [3.575, 5.25, 3.7, 5.375], "texture": "#0"}
			}
		},
		{
			"from": [13.9, 9, 10.5],
			"to": [14.15, 9.5, 11],
			"rotation": {"angle": 0, "axis": "x", "origin": [8, 8, 8]},
			"faces": {
				"north": {"uv": [7.3, 6.875, 7.425, 7.125], "texture": "#0"},
				"east": {"uv": [7, 2.75, 7.25, 3], "texture": "#0"},
				"south": {"uv": [4.95, 6.75, 5.075, 7], "texture": "#0"},
				"west": {"uv": [2.75, 2.75, 3, 3], "texture": "#0"},
				"up": {"uv": [2.575, 6.75, 2.7, 7], "texture": "#0"},
				"down": {"uv": [3.45, 6.5, 3.575, 6.75], "texture": "#0"}
			}
		},
		{
			"from": [13.9, 10.5, 8],
			"to": [14.15, 11, 8.5],
			"rotation": {"angle": 0, "axis": "x", "origin": [8, 8, 8]},
			"faces": {
				"north": {"uv": [6.425, 6, 6.55, 6.25], "texture": "#0"},
				"east": {"uv": [8.25, 2, 8.5, 2.25], "texture": "#0"},
				"south": {"uv": [5.7, 6, 5.825, 6.25], "texture": "#0"},
				"west": {"uv": [1.5, 2, 1.75, 2.25], "texture": "#0"},
				"up": {"uv": [1.95, 5.5, 2.075, 5.75], "texture": "#0"},
				"down": {"uv": [4.075, 7.875, 4.2, 8.125], "texture": "#0"}
			}
		},
		{
			"from": [14.15, 12, 10.5],
			"to": [14.4, 12.25, 11.75],
			"rotation": {"angle": 0, "axis": "x", "origin": [8, 8, 8]},
			"faces": {
				"north": {"uv": [6.3, 5.375, 6.425, 5.5], "texture": "#0"},
				"east": {"uv": [6.625, 1.375, 7.25, 1.5], "texture": "#0"},
				"south": {"uv": [5.825, 5.375, 5.95, 5.5], "texture": "#0"},
				"west": {"uv": [2.75, 1.375, 3.375, 1.5], "texture": "#0"},
				"up": {"uv": [2.075, 6.75, 2.2, 7.375], "texture": "#0"},
				"down": {"uv": [4.2, 6.25, 4.325, 6.875], "texture": "#0"}
			}
		},
		{
			"from": [13.65, 9, 8],
			"to": [13.9, 11, 8.5],
			"rotation": {"angle": 0, "axis": "x", "origin": [8, 8, 8]},
			"faces": {
				"north": {"uv": [6.55, 6, 6.675, 7], "texture": "#0"},
				"east": {"uv": [8.25, 2, 8.5, 3], "texture": "#0"},
				"south": {"uv": [5.575, 6, 5.7, 7], "texture": "#0"},
				"west": {"uv": [1.5, 2, 1.75, 3], "texture": "#0"},
				"up": {"uv": [1.825, 5.5, 1.95, 5.75], "texture": "#0"},
				"down": {"uv": [3.325, 7.75, 3.45, 8], "texture": "#0"}
			}
		},
		{
			"from": [13.65, 10.75, 8.5],
			"to": [13.9, 11, 9.25],
			"rotation": {"angle": 0, "axis": "x", "origin": [8, 8, 8]},
			"faces": {
				"north": {"uv": [6.55, 6, 6.675, 6.125], "texture": "#0"},
				"east": {"uv": [7.875, 2, 8.25, 2.125], "texture": "#0"},
				"south": {"uv": [5.575, 6, 5.7, 6.125], "texture": "#0"},
				"west": {"uv": [1.75, 2, 2.125, 2.125], "texture": "#0"},
				"up": {"uv": [1.825, 5.75, 1.95, 6.125], "texture": "#0"},
				"down": {"uv": [3.95, 7.5, 4.075, 7.875], "texture": "#0"}
			}
		},
		{
			"from": [13.65, 9, 10],
			"to": [13.9, 9.75, 10.5],
			"rotation": {"angle": 0, "axis": "x", "origin": [8, 8, 8]},
			"faces": {
				"north": {"uv": [7.425, 6.75, 7.55, 7.125], "texture": "#0"},
				"east": {"uv": [7.25, 2.625, 7.5, 3], "texture": "#0"},
				"south": {"uv": [4.825, 6.625, 4.95, 7], "texture": "#0"},
				"west": {"uv": [2.5, 2.625, 2.75, 3], "texture": "#0"},
				"up": {"uv": [2.45, 6.5, 2.575, 6.75], "texture": "#0"},
				"down": {"uv": [3.325, 6.75, 3.45, 7], "texture": "#0"}
			}
		},
		{
			"from": [13.65, 11, 10],
			"to": [13.9, 12, 10.5],
			"rotation": {"angle": 0, "axis": "x", "origin": [8, 8, 8]},
			"faces": {
				"north": {"uv": [6.55, 5.5, 6.675, 6], "texture": "#0"},
				"east": {"uv": [7.25, 1.5, 7.5, 2], "texture": "#0"},
				"south": {"uv": [4.825, 5.5, 4.95, 6], "texture": "#0"},
				"west": {"uv": [2.5, 1.5, 2.75, 2], "texture": "#0"},
				"up": {"uv": [1.825, 6.5, 1.95, 6.75], "texture": "#0"},
				"down": {"uv": [3.95, 6.875, 4.075, 7.125], "texture": "#0"}
			}
		},
		{
			"from": [13.9, 11.75, 12.75],
			"to": [14.15, 12.25, 13.25],
			"rotation": {"angle": 0, "axis": "x", "origin": [8, 8, 8]},
			"faces": {
				"north": {"uv": [6.425, 5.375, 6.55, 5.625], "texture": "#0"},
				"east": {"uv": [5.875, 1.375, 6.125, 1.625], "texture": "#0"},
				"south": {"uv": [4.95, 5.375, 5.075, 5.625], "texture": "#0"},
				"west": {"uv": [3.875, 1.375, 4.125, 1.625], "texture": "#0"},
				"up": {"uv": [1.95, 7.875, 2.075, 8.125], "texture": "#0"},
				"down": {"uv": [3.45, 5.375, 3.575, 5.625], "texture": "#0"}
			}
		},
		{
			"from": [14.15, 11.75, 13],
			"to": [14.4, 12, 13.25],
			"rotation": {"angle": 0, "axis": "x", "origin": [8, 8, 8]},
			"faces": {
				"north": {"uv": [7.175, 5.625, 7.3, 5.75], "texture": "#0"},
				"east": {"uv": [5.875, 1.5, 6, 1.625], "texture": "#0"},
				"south": {"uv": [5.075, 5.5, 5.2, 5.625], "texture": "#0"},
				"west": {"uv": [4, 1.5, 4.125, 1.625], "texture": "#0"},
				"up": {"uv": [2.7, 8, 2.825, 8.125], "texture": "#0"},
				"down": {"uv": [3.575, 5.375, 3.7, 5.5], "texture": "#0"}
			}
		},
		{
			"from": [13.65, 9.5, 10.75],
			"to": [13.9, 9.75, 11],
			"rotation": {"angle": 0, "axis": "x", "origin": [8, 8, 8]},
			"faces": {
				"north": {"uv": [6.55, 6.625, 6.675, 6.75], "texture": "#0"},
				"east": {"uv": [7, 2.625, 7.125, 2.75], "texture": "#0"},
				"south": {"uv": [4.825, 6.625, 4.95, 6.75], "texture": "#0"},
				"west": {"uv": [2.875, 2.625, 3, 2.75], "texture": "#0"},
				"up": {"uv": [1.825, 6.875, 1.95, 7], "texture": "#0"},
				"down": {"uv": [3.325, 6.5, 3.45, 6.625], "texture": "#0"}
			}
		},
		{
			"from": [13.4, 9, 9.5],
			"to": [13.65, 11, 10],
			"rotation": {"angle": 0, "axis": "x", "origin": [8, 8, 8]},
			"faces": {
				"north": {"uv": [6.675, 6, 6.8, 7], "texture": "#0"},
				"east": {"uv": [7.5, 2, 7.75, 3], "texture": "#0"},
				"south": {"uv": [4.7, 6, 4.825, 7], "texture": "#0"},
				"west": {"uv": [2.25, 2, 2.5, 3], "texture": "#0"},
				"up": {"uv": [1.7, 6.25, 1.825, 6.5], "texture": "#0"},
				"down": {"uv": [3.2, 7, 3.325, 7.25], "texture": "#0"}
			}
		},
		{
			"from": [13.65, 10.5, 8.5],
			"to": [13.9, 10.75, 8.75],
			"rotation": {"angle": 0, "axis": "x", "origin": [8, 8, 8]},
			"faces": {
				"north": {"uv": [6.55, 6.125, 6.675, 6.25], "texture": "#0"},
				"east": {"uv": [8.125, 2.125, 8.25, 2.25], "texture": "#0"},
				"south": {"uv": [5.575, 6.125, 5.7, 6.25], "texture": "#0"},
				"west": {"uv": [1.75, 2.125, 1.875, 2.25], "texture": "#0"},
				"up": {"uv": [1.825, 5.75, 1.95, 5.875], "texture": "#0"},
				"down": {"uv": [3.95, 7.75, 4.075, 7.875], "texture": "#0"}
			}
		},
		{
			"from": [13.65, 9, 8.5],
			"to": [13.9, 9.25, 8.75],
			"rotation": {"angle": 0, "axis": "x", "origin": [8, 8, 8]},
			"faces": {
				"north": {"uv": [6.55, 6.875, 6.675, 7], "texture": "#0"},
				"east": {"uv": [8.125, 2.875, 8.25, 3], "texture": "#0"},
				"south": {"uv": [5.575, 6.875, 5.7, 7], "texture": "#0"},
				"west": {"uv": [1.75, 2.875, 1.875, 3], "texture": "#0"},
				"up": {"uv": [2.45, 5.75, 2.575, 5.875], "texture": "#0"},
				"down": {"uv": [3.325, 7.625, 3.45, 7.75], "texture": "#0"}
			}
		},
		{
			"from": [13.65, 9, 9.75],
			"to": [13.9, 9.25, 10],
			"rotation": {"angle": 0, "axis": "x", "origin": [8, 8, 8]},
			"faces": {
				"north": {"uv": [7.425, 7, 7.55, 7.125], "texture": "#0"},
				"east": {"uv": [7.5, 2.875, 7.625, 3], "texture": "#0"},
				"south": {"uv": [4.825, 6.875, 4.95, 7], "texture": "#0"},
				"west": {"uv": [2.375, 2.875, 2.5, 3], "texture": "#0"},
				"up": {"uv": [2.45, 6.375, 2.575, 6.5], "texture": "#0"},
				"down": {"uv": [3.325, 7, 3.45, 7.125], "texture": "#0"}
			}
		}
	],
	"display": {
		"thirdperson_righthand": {
			"scale": [0.6, 0.6, 0.6]
		},
		"thirdperson_lefthand": {
			"scale": [0.6, 0.6, 0.6]
		},
		"firstperson_righthand": {
			"rotation": [-15, 10, 0],
			"translation": [0, 0.5, 0],
			"scale": [0.7, 0.7, 0.7]
		},
		"firstperson_lefthand": {
			"rotation": [-15, 10, 0],
			"translation": [0, 0.5, 0],
			"scale": [0.7, 0.7, 0.7]
		},
		"ground": {
			"scale": [0.8, 0.8, 0.8]
		},
		"gui": {
			"rotation": [10, -133, 0],
			"translation": [1.75, -1.75, 0]
		},
		"head": {
			"rotation": [-4.5, 0, 0],
			"translation": [0, -2, -1.5],
			"scale": [1.3, 1.3, 1.3]
		},
		"fixed": {
			"rotation": [-31, 0, 0],
			"translation": [0, 0, -2.75]
		}
	},
	"groups": [
		{
			"name": "group",
			"origin": [8, 8, 8],
			"color": 0,
			"children": [
				0,
				1,
				2,
				3,
				4,
				5,
				6,
				7,
				8,
				9,
				10,
				11,
				12,
				13,
				14,
				15,
				16,
				17,
				18,
				19,
				20,
				21,
				22,
				23,
				24,
				25,
				26,
				27,
				28,
				29,
				30,
				31,
				32,
				33,
				34,
				35,
				36,
				37,
				38,
				39,
				40,
				41,
				42,
				43,
				44,
				45,
				46
			]
		}
	]
}