{
	"credit": "Made with Blockbench",
	"texture_size": [32, 32],
	"textures": {
		"0": "./hat_textures/goat_horns",
		"particle": "./hat_textures/goat_horns"
	},
	"elements": [
		{
			"from": [-1, 2, 6],
			"to": [2, 7, 9],
			"faces": {
				"north": {"uv": [1.5, 4.5, 3, 7], "texture": "#0"},
				"east": {"uv": [4.5, 1, 6, 3.5], "texture": "#0"},
				"south": {"uv": [3, 4.5, 4.5, 7], "texture": "#0"},
				"west": {"uv": [3, 1, 4.5, 3.5], "texture": "#0"},
				"up": {"uv": [10.5, 4.5, 12, 6], "texture": "#0"},
				"down": {"uv": [6, 4.5, 7.5, 6], "texture": "#0"}
			}
		},
		{
			"from": [0, 0, 0],
			"to": [3, 8, 3],
			"faces": {
				"north": {"uv": [0, 5, 1.5, 9], "texture": "#0"},
				"east": {"uv": [7.5, 0.5, 9, 4.5], "texture": "#0"},
				"south": {"uv": [4.5, 5, 6, 9], "texture": "#0"},
				"west": {"uv": [0, 0.5, 1.5, 4.5], "texture": "#0"},
				"up": {"uv": [9, 8, 10.5, 9.5], "texture": "#0"},
				"down": {"uv": [7.5, 8, 9, 9.5], "texture": "#0"}
			}
		},
		{
			"from": [0, 6, 1],
			"to": [3, 9, 8],
			"faces": {
				"north": {"uv": [0, 4.5, 1.5, 6], "texture": "#0"},
				"east": {"uv": [5, 0, 8.5, 1.5], "texture": "#0"},
				"south": {"uv": [4.5, 4.5, 6, 6], "texture": "#0"},
				"west": {"uv": [0.5, 0, 4, 1.5], "texture": "#0"},
				"up": {"uv": [9, 4.5, 10.5, 8], "texture": "#0"},
				"down": {"uv": [7.5, 4.5, 9, 8], "texture": "#0"}
			}
		},
		{
			"from": [-3, 5, 4],
			"to": [-2, 7, 5],
			"faces": {
				"north": {"uv": [1, 9, 1.5, 10], "texture": "#0"},
				"east": {"uv": [6, 2, 6.5, 3], "texture": "#0"},
				"south": {"uv": [4.5, 9, 5, 10], "texture": "#0"},
				"west": {"uv": [2.5, 2, 3, 3], "texture": "#0"},
				"up": {"uv": [11, 8, 11.5, 8.5], "texture": "#0"},
				"down": {"uv": [6.5, 8, 7, 8.5], "texture": "#0"}
			}
		},
		{
			"from": [-3, 2, 3],
			"to": [-1, 5, 5],
			"faces": {
				"north": {"uv": [0, 9, 1, 10.5], "texture": "#0"},
				"east": {"uv": [6.5, 2, 7.5, 3.5], "texture": "#0"},
				"south": {"uv": [5, 9, 6, 10.5], "texture": "#0"},
				"west": {"uv": [1.5, 2, 2.5, 3.5], "texture": "#0"},
				"up": {"uv": [11, 8.5, 12, 9.5], "texture": "#0"},
				"down": {"uv": [6, 8.5, 7, 9.5], "texture": "#0"}
			}
		},
		{
			"from": [-2, 0, 4],
			"to": [1, 3, 8],
			"faces": {
				"north": {"uv": [1.5, 7, 3, 8.5], "texture": "#0"},
				"east": {"uv": [5, 3, 7, 4.5], "texture": "#0"},
				"south": {"uv": [3, 7, 4.5, 8.5], "texture": "#0"},
				"west": {"uv": [2, 3, 4, 4.5], "texture": "#0"},
				"up": {"uv": [10.5, 6, 12, 8], "texture": "#0"},
				"down": {"uv": [6, 6, 7.5, 8], "texture": "#0"}
			}
		},
		{
			"from": [-3, 6, 5],
			"to": [-2, 7, 6],
			"faces": {
				"north": {"uv": [1, 9, 1.5, 9.5], "texture": "#0"},
				"east": {"uv": [6, 1.5, 6.5, 2], "texture": "#0"},
				"south": {"uv": [4.5, 9, 5, 9.5], "texture": "#0"},
				"west": {"uv": [2.5, 1.5, 3, 2], "texture": "#0"},
				"up": {"uv": [11.5, 8, 12, 8.5], "texture": "#0"},
				"down": {"uv": [6, 8, 6.5, 8.5], "texture": "#0"}
			}
		},
		{
			"from": [14, 2, 6],
			"to": [17, 7, 9],
			"faces": {
				"north": {"uv": [3, 4.5, 1.5, 7], "texture": "#0"},
				"east": {"uv": [4.5, 1, 3, 3.5], "texture": "#0"},
				"south": {"uv": [4.5, 4.5, 3, 7], "texture": "#0"},
				"west": {"uv": [6, 1, 4.5, 3.5], "texture": "#0"},
				"up": {"uv": [12, 4.5, 10.5, 6], "texture": "#0"},
				"down": {"uv": [7.5, 4.5, 6, 6], "texture": "#0"}
			}
		},
		{
			"from": [13, 0, 0],
			"to": [16, 8, 3],
			"faces": {
				"north": {"uv": [1.5, 5, 0, 9], "texture": "#0"},
				"east": {"uv": [1.5, 0.5, 0, 4.5], "texture": "#0"},
				"south": {"uv": [6, 5, 4.5, 9], "texture": "#0"},
				"west": {"uv": [9, 0.5, 7.5, 4.5], "texture": "#0"},
				"up": {"uv": [10.5, 8, 9, 9.5], "texture": "#0"},
				"down": {"uv": [9, 8, 7.5, 9.5], "texture": "#0"}
			}
		},
		{
			"from": [13, 6, 1],
			"to": [16, 9, 8],
			"faces": {
				"north": {"uv": [1.5, 4.5, 0, 6], "texture": "#0"},
				"east": {"uv": [4, 0, 0.5, 1.5], "texture": "#0"},
				"south": {"uv": [6, 4.5, 4.5, 6], "texture": "#0"},
				"west": {"uv": [8.5, 0, 5, 1.5], "texture": "#0"},
				"up": {"uv": [10.5, 4.5, 9, 8], "texture": "#0"},
				"down": {"uv": [9, 4.5, 7.5, 8], "texture": "#0"}
			}
		},
		{
			"from": [18, 5, 4],
			"to": [19, 7, 5],
			"faces": {
				"north": {"uv": [1.5, 9, 1, 10], "texture": "#0"},
				"east": {"uv": [3, 2, 2.5, 3], "texture": "#0"},
				"south": {"uv": [5, 9, 4.5, 10], "texture": "#0"},
				"west": {"uv": [6.5, 2, 6, 3], "texture": "#0"},
				"up": {"uv": [11.5, 8, 11, 8.5], "texture": "#0"},
				"down": {"uv": [7, 8, 6.5, 8.5], "texture": "#0"}
			}
		},
		{
			"from": [17, 2, 3],
			"to": [19, 5, 5],
			"faces": {
				"north": {"uv": [1, 9, 0, 10.5], "texture": "#0"},
				"east": {"uv": [2.5, 2, 1.5, 3.5], "texture": "#0"},
				"south": {"uv": [6, 9, 5, 10.5], "texture": "#0"},
				"west": {"uv": [7.5, 2, 6.5, 3.5], "texture": "#0"},
				"up": {"uv": [12, 8.5, 11, 9.5], "texture": "#0"},
				"down": {"uv": [7, 8.5, 6, 9.5], "texture": "#0"}
			}
		},
		{
			"from": [15, 0, 4],
			"to": [18, 3, 8],
			"faces": {
				"north": {"uv": [3, 7, 1.5, 8.5], "texture": "#0"},
				"east": {"uv": [4, 3, 2, 4.5], "texture": "#0"},
				"south": {"uv": [4.5, 7, 3, 8.5], "texture": "#0"},
				"west": {"uv": [7, 3, 5, 4.5], "texture": "#0"},
				"up": {"uv": [12, 6, 10.5, 8], "texture": "#0"},
				"down": {"uv": [7.5, 6, 6, 8], "texture": "#0"}
			}
		},
		{
			"from": [18, 6, 5],
			"to": [19, 7, 6],
			"faces": {
				"north": {"uv": [1.5, 9, 1, 9.5], "texture": "#0"},
				"east": {"uv": [3, 1.5, 2.5, 2], "texture": "#0"},
				"south": {"uv": [5, 9, 4.5, 9.5], "texture": "#0"},
				"west": {"uv": [6.5, 1.5, 6, 2], "texture": "#0"},
				"up": {"uv": [12, 8, 11.5, 8.5], "texture": "#0"},
				"down": {"uv": [6.5, 8, 6, 8.5], "texture": "#0"}
			}
		}
	],
	"display": {
		"thirdperson_righthand": {
			"scale": [0.4, 0.5, 0.5]
		},
		"thirdperson_lefthand": {
			"scale": [0.4, 0.5, 0.5]
		},
		"ground": {
			"translation": [0, 5, 0],
			"scale": [0.8, 0.8, 0.8]
		},
		"gui": {
			"rotation": [22, 45, -1],
			"translation": [1.75, 2.25, 0],
			"scale": [0.8, 0.8, 0.8]
		},
		"head": {
			"translation": [0, 9, 9]
		},
		"fixed": {
			"translation": [0, 3, 0]
		}
	},
	"groups": [
		{
			"name": "group",
			"origin": [8, 8, 8],
			"color": 0,
			"children": [0, 1, 2, 3, 4, 5, 6]
		},
		{
			"name": "group",
			"origin": [8, 8, 8],
			"color": 0,
			"children": [7, 8, 9, 10, 11, 12, 13]
		}
	]
}