{
	"credit": "Made with Blockbench",
	"textures": {
		"0": "./hat_textures/antlers1"
	},
	"elements": [
		{
			"from": [17, 9, 8],
			"to": [19, 10, 8],
			"rotation": {"angle": 0, "axis": "y", "origin": [8, 0, 8]},
			"faces": {
				"north": {"uv": [9, 11, 11, 12], "texture": "#0"},
				"east": {"uv": [0, 13, 0, 14], "texture": "#0"},
				"south": {"uv": [11, 11, 9, 12], "texture": "#0"},
				"west": {"uv": [0, 13, 0, 14], "texture": "#0"},
				"up": {"uv": [0, 16, 2, 16], "texture": "#0"},
				"down": {"uv": [0, 16, 2, 16], "texture": "#0"}
			}
		},
		{
			"from": [17, 10, 8],
			"to": [20, 11, 8],
			"rotation": {"angle": 0, "axis": "y", "origin": [8, 0, 8]},
			"faces": {
				"north": {"uv": [8, 10, 11, 11], "texture": "#0"},
				"east": {"uv": [0, 13, 0, 14], "texture": "#0"},
				"south": {"uv": [11, 10, 8, 11], "texture": "#0"},
				"west": {"uv": [0, 13, 0, 14], "texture": "#0"},
				"up": {"uv": [0, 16, 3, 16], "texture": "#0"},
				"down": {"uv": [0, 16, 3, 16], "texture": "#0"}
			}
		},
		{
			"from": [16, 11, 8],
			"to": [25, 12, 8],
			"rotation": {"angle": 0, "axis": "y", "origin": [8, 0, 8]},
			"faces": {
				"north": {"uv": [3, 9, 12, 10], "texture": "#0"},
				"east": {"uv": [0, 13, 0, 14], "texture": "#0"},
				"south": {"uv": [12, 9, 3, 10], "texture": "#0"},
				"west": {"uv": [0, 13, 0, 14], "texture": "#0"},
				"up": {"uv": [0, 16, 9, 16], "texture": "#0"},
				"down": {"uv": [0, 16, 9, 16], "texture": "#0"}
			}
		},
		{
			"from": [15, 8, 8],
			"to": [17, 11, 8],
			"rotation": {"angle": 0, "axis": "y", "origin": [8, 0, 8]},
			"faces": {
				"north": {"uv": [11, 10, 13, 13], "texture": "#0"},
				"east": {"uv": [0, 13, 0, 16], "texture": "#0"},
				"south": {"uv": [13, 10, 11, 13], "texture": "#0"},
				"west": {"uv": [0, 13, 0, 16], "texture": "#0"},
				"up": {"uv": [0, 16, 2, 16], "texture": "#0"},
				"down": {"uv": [0, 16, 2, 16], "texture": "#0"}
			}
		},
		{
			"from": [21, 8, 8],
			"to": [22, 11, 8],
			"rotation": {"angle": 0, "axis": "y", "origin": [8, 0, 8]},
			"faces": {
				"north": {"uv": [6, 10, 7, 13], "texture": "#0"},
				"east": {"uv": [0, 13, 0, 16], "texture": "#0"},
				"south": {"uv": [7, 10, 6, 13], "texture": "#0"},
				"west": {"uv": [0, 13, 0, 16], "texture": "#0"},
				"up": {"uv": [0, 16, 1, 16], "texture": "#0"},
				"down": {"uv": [0, 16, 1, 16], "texture": "#0"}
			}
		},
		{
			"from": [17, 12, 8],
			"to": [18, 13, 8],
			"rotation": {"angle": 0, "axis": "y", "origin": [8, 0, 8]},
			"faces": {
				"north": {"uv": [10, 8, 11, 9], "texture": "#0"},
				"east": {"uv": [0, 13, 0, 14], "texture": "#0"},
				"south": {"uv": [11, 8, 10, 9], "texture": "#0"},
				"west": {"uv": [0, 13, 0, 14], "texture": "#0"},
				"up": {"uv": [0, 16, 1, 16], "texture": "#0"},
				"down": {"uv": [0, 16, 1, 16], "texture": "#0"}
			}
		},
		{
			"from": [19, 12, 8],
			"to": [25, 13, 8],
			"rotation": {"angle": 0, "axis": "y", "origin": [8, 0, 8]},
			"faces": {
				"north": {"uv": [3, 8, 9, 9], "texture": "#0"},
				"east": {"uv": [0, 13, 0, 14], "texture": "#0"},
				"south": {"uv": [9, 8, 3, 9], "texture": "#0"},
				"west": {"uv": [0, 13, 0, 14], "texture": "#0"},
				"up": {"uv": [0, 16, 6, 16], "texture": "#0"},
				"down": {"uv": [0, 16, 6, 16], "texture": "#0"}
			}
		},
		{
			"from": [21, 13, 8],
			"to": [25, 14, 8],
			"rotation": {"angle": 0, "axis": "y", "origin": [8, 0, 8]},
			"faces": {
				"north": {"uv": [3, 7, 7, 8], "texture": "#0"},
				"east": {"uv": [0, 13, 0, 14], "texture": "#0"},
				"south": {"uv": [7, 7, 3, 8], "texture": "#0"},
				"west": {"uv": [0, 13, 0, 14], "texture": "#0"},
				"up": {"uv": [0, 16, 4, 16], "texture": "#0"},
				"down": {"uv": [0, 16, 4, 16], "texture": "#0"}
			}
		},
		{
			"from": [22, 14, 8],
			"to": [25, 15, 8],
			"rotation": {"angle": 0, "axis": "y", "origin": [8, 0, 8]},
			"faces": {
				"north": {"uv": [3, 6, 6, 7], "texture": "#0"},
				"east": {"uv": [0, 13, 0, 14], "texture": "#0"},
				"south": {"uv": [6, 6, 3, 7], "texture": "#0"},
				"west": {"uv": [0, 13, 0, 14], "texture": "#0"},
				"up": {"uv": [0, 16, 3, 16], "texture": "#0"},
				"down": {"uv": [0, 16, 3, 16], "texture": "#0"}
			}
		},
		{
			"from": [21, 15, 8],
			"to": [25, 16, 8],
			"rotation": {"angle": 0, "axis": "y", "origin": [8, 0, 8]},
			"faces": {
				"north": {"uv": [3, 5, 7, 6], "texture": "#0"},
				"east": {"uv": [0, 13, 0, 14], "texture": "#0"},
				"south": {"uv": [7, 5, 3, 6], "texture": "#0"},
				"west": {"uv": [0, 13, 0, 14], "texture": "#0"},
				"up": {"uv": [0, 16, 4, 16], "texture": "#0"},
				"down": {"uv": [0, 16, 4, 16], "texture": "#0"}
			}
		},
		{
			"from": [20, 16, 8],
			"to": [24, 17, 8],
			"rotation": {"angle": 0, "axis": "y", "origin": [8, 0, 8]},
			"faces": {
				"north": {"uv": [4, 4, 8, 5], "texture": "#0"},
				"east": {"uv": [0, 13, 0, 14], "texture": "#0"},
				"south": {"uv": [8, 4, 4, 5], "texture": "#0"},
				"west": {"uv": [0, 13, 0, 14], "texture": "#0"},
				"up": {"uv": [0, 16, 4, 16], "texture": "#0"},
				"down": {"uv": [0, 16, 4, 16], "texture": "#0"}
			}
		},
		{
			"from": [23, 17, 8],
			"to": [24, 18, 8],
			"rotation": {"angle": 0, "axis": "y", "origin": [8, 0, 8]},
			"faces": {
				"north": {"uv": [4, 3, 5, 4], "texture": "#0"},
				"east": {"uv": [0, 13, 0, 14], "texture": "#0"},
				"south": {"uv": [5, 3, 4, 4], "texture": "#0"},
				"west": {"uv": [0, 13, 0, 14], "texture": "#0"},
				"up": {"uv": [0, 16, 1, 16], "texture": "#0"},
				"down": {"uv": [0, 16, 1, 16], "texture": "#0"}
			}
		},
		{
			"from": [21, 17, 8],
			"to": [22, 18, 8],
			"rotation": {"angle": 0, "axis": "y", "origin": [8, 0, 8]},
			"faces": {
				"north": {"uv": [6, 3, 7, 4], "texture": "#0"},
				"east": {"uv": [0, 13, 0, 14], "texture": "#0"},
				"south": {"uv": [7, 3, 6, 4], "texture": "#0"},
				"west": {"uv": [0, 13, 0, 14], "texture": "#0"},
				"up": {"uv": [0, 16, 1, 16], "texture": "#0"},
				"down": {"uv": [0, 16, 1, 16], "texture": "#0"}
			}
		},
		{
			"from": [24, 10, 8],
			"to": [25, 11, 8],
			"rotation": {"angle": 0, "axis": "y", "origin": [8, 0, 8]},
			"faces": {
				"north": {"uv": [3, 10, 4, 11], "texture": "#0"},
				"east": {"uv": [0, 13, 0, 14], "texture": "#0"},
				"south": {"uv": [4, 10, 3, 11], "texture": "#0"},
				"west": {"uv": [0, 13, 0, 14], "texture": "#0"},
				"up": {"uv": [0, 16, 1, 16], "texture": "#0"},
				"down": {"uv": [0, 16, 1, 16], "texture": "#0"}
			}
		},
		{
			"from": [-3, 9, 8],
			"to": [-1, 10, 8],
			"rotation": {"angle": 0, "axis": "y", "origin": [8, 0, 8]},
			"faces": {
				"north": {"uv": [11, 11, 9, 12], "texture": "#0"},
				"east": {"uv": [0, 13, 0, 14], "texture": "#0"},
				"south": {"uv": [9, 11, 11, 12], "texture": "#0"},
				"west": {"uv": [0, 13, 0, 14], "texture": "#0"},
				"up": {"uv": [0, 16, 2, 16], "rotation": 180, "texture": "#0"},
				"down": {"uv": [0, 16, 2, 16], "rotation": 180, "texture": "#0"}
			}
		},
		{
			"from": [-4, 10, 8],
			"to": [-1, 11, 8],
			"rotation": {"angle": 0, "axis": "y", "origin": [8, 0, 8]},
			"faces": {
				"north": {"uv": [11, 10, 8, 11], "texture": "#0"},
				"east": {"uv": [0, 13, 0, 14], "texture": "#0"},
				"south": {"uv": [8, 10, 11, 11], "texture": "#0"},
				"west": {"uv": [0, 13, 0, 14], "texture": "#0"},
				"up": {"uv": [0, 16, 3, 16], "rotation": 180, "texture": "#0"},
				"down": {"uv": [0, 16, 3, 16], "rotation": 180, "texture": "#0"}
			}
		},
		{
			"from": [-9, 11, 8],
			"to": [0, 12, 8],
			"rotation": {"angle": 0, "axis": "y", "origin": [8, 0, 8]},
			"faces": {
				"north": {"uv": [12, 9, 3, 10], "texture": "#0"},
				"east": {"uv": [0, 13, 0, 14], "texture": "#0"},
				"south": {"uv": [3, 9, 12, 10], "texture": "#0"},
				"west": {"uv": [0, 13, 0, 14], "texture": "#0"},
				"up": {"uv": [0, 16, 9, 16], "rotation": 180, "texture": "#0"},
				"down": {"uv": [0, 16, 9, 16], "rotation": 180, "texture": "#0"}
			}
		},
		{
			"from": [-1, 8, 8],
			"to": [1, 11, 8],
			"rotation": {"angle": 0, "axis": "y", "origin": [8, 0, 8]},
			"faces": {
				"north": {"uv": [13, 10, 11, 13], "texture": "#0"},
				"east": {"uv": [0, 13, 0, 16], "texture": "#0"},
				"south": {"uv": [11, 10, 13, 13], "texture": "#0"},
				"west": {"uv": [0, 13, 0, 16], "texture": "#0"},
				"up": {"uv": [0, 16, 2, 16], "rotation": 180, "texture": "#0"},
				"down": {"uv": [0, 16, 2, 16], "rotation": 180, "texture": "#0"}
			}
		},
		{
			"from": [-6, 8, 8],
			"to": [-5, 11, 8],
			"rotation": {"angle": 0, "axis": "y", "origin": [8, 0, 8]},
			"faces": {
				"north": {"uv": [7, 10, 6, 13], "texture": "#0"},
				"east": {"uv": [0, 13, 0, 16], "texture": "#0"},
				"south": {"uv": [6, 10, 7, 13], "texture": "#0"},
				"west": {"uv": [0, 13, 0, 16], "texture": "#0"},
				"up": {"uv": [0, 16, 1, 16], "rotation": 180, "texture": "#0"},
				"down": {"uv": [0, 16, 1, 16], "rotation": 180, "texture": "#0"}
			}
		},
		{
			"from": [-2, 12, 8],
			"to": [-1, 13, 8],
			"rotation": {"angle": 0, "axis": "y", "origin": [8, 0, 8]},
			"faces": {
				"north": {"uv": [11, 8, 10, 9], "texture": "#0"},
				"east": {"uv": [0, 13, 0, 14], "texture": "#0"},
				"south": {"uv": [10, 8, 11, 9], "texture": "#0"},
				"west": {"uv": [0, 13, 0, 14], "texture": "#0"},
				"up": {"uv": [0, 16, 1, 16], "rotation": 180, "texture": "#0"},
				"down": {"uv": [0, 16, 1, 16], "rotation": 180, "texture": "#0"}
			}
		},
		{
			"from": [-9, 12, 8],
			"to": [-3, 13, 8],
			"rotation": {"angle": 0, "axis": "y", "origin": [8, 0, 8]},
			"faces": {
				"north": {"uv": [9, 8, 3, 9], "texture": "#0"},
				"east": {"uv": [0, 13, 0, 14], "texture": "#0"},
				"south": {"uv": [3, 8, 9, 9], "texture": "#0"},
				"west": {"uv": [0, 13, 0, 14], "texture": "#0"},
				"up": {"uv": [0, 16, 6, 16], "rotation": 180, "texture": "#0"},
				"down": {"uv": [0, 16, 6, 16], "rotation": 180, "texture": "#0"}
			}
		},
		{
			"from": [-9, 13, 8],
			"to": [-5, 14, 8],
			"rotation": {"angle": 0, "axis": "y", "origin": [8, 0, 8]},
			"faces": {
				"north": {"uv": [7, 7, 3, 8], "texture": "#0"},
				"east": {"uv": [0, 13, 0, 14], "texture": "#0"},
				"south": {"uv": [3, 7, 7, 8], "texture": "#0"},
				"west": {"uv": [0, 13, 0, 14], "texture": "#0"},
				"up": {"uv": [0, 16, 4, 16], "rotation": 180, "texture": "#0"},
				"down": {"uv": [0, 16, 4, 16], "rotation": 180, "texture": "#0"}
			}
		},
		{
			"from": [-9, 14, 8],
			"to": [-6, 15, 8],
			"rotation": {"angle": 0, "axis": "y", "origin": [8, 0, 8]},
			"faces": {
				"north": {"uv": [6, 6, 3, 7], "texture": "#0"},
				"east": {"uv": [0, 13, 0, 14], "texture": "#0"},
				"south": {"uv": [3, 6, 6, 7], "texture": "#0"},
				"west": {"uv": [0, 13, 0, 14], "texture": "#0"},
				"up": {"uv": [0, 16, 3, 16], "rotation": 180, "texture": "#0"},
				"down": {"uv": [0, 16, 3, 16], "rotation": 180, "texture": "#0"}
			}
		},
		{
			"from": [-9, 15, 8],
			"to": [-5, 16, 8],
			"rotation": {"angle": 0, "axis": "y", "origin": [8, 0, 8]},
			"faces": {
				"north": {"uv": [7, 5, 3, 6], "texture": "#0"},
				"east": {"uv": [0, 13, 0, 14], "texture": "#0"},
				"south": {"uv": [3, 5, 7, 6], "texture": "#0"},
				"west": {"uv": [0, 13, 0, 14], "texture": "#0"},
				"up": {"uv": [0, 16, 4, 16], "rotation": 180, "texture": "#0"},
				"down": {"uv": [0, 16, 4, 16], "rotation": 180, "texture": "#0"}
			}
		},
		{
			"from": [-8, 16, 8],
			"to": [-4, 17, 8],
			"rotation": {"angle": 0, "axis": "y", "origin": [8, 0, 8]},
			"faces": {
				"north": {"uv": [8, 4, 4, 5], "texture": "#0"},
				"east": {"uv": [0, 13, 0, 14], "texture": "#0"},
				"south": {"uv": [4, 4, 8, 5], "texture": "#0"},
				"west": {"uv": [0, 13, 0, 14], "texture": "#0"},
				"up": {"uv": [0, 16, 4, 16], "rotation": 180, "texture": "#0"},
				"down": {"uv": [0, 16, 4, 16], "rotation": 180, "texture": "#0"}
			}
		},
		{
			"from": [-8, 17, 8],
			"to": [-7, 18, 8],
			"rotation": {"angle": 0, "axis": "y", "origin": [8, 0, 8]},
			"faces": {
				"north": {"uv": [5, 3, 4, 4], "texture": "#0"},
				"east": {"uv": [0, 13, 0, 14], "texture": "#0"},
				"south": {"uv": [4, 3, 5, 4], "texture": "#0"},
				"west": {"uv": [0, 13, 0, 14], "texture": "#0"},
				"up": {"uv": [0, 16, 1, 16], "rotation": 180, "texture": "#0"},
				"down": {"uv": [0, 16, 1, 16], "rotation": 180, "texture": "#0"}
			}
		},
		{
			"from": [-6, 17, 8],
			"to": [-5, 18, 8],
			"rotation": {"angle": 0, "axis": "y", "origin": [8, 0, 8]},
			"faces": {
				"north": {"uv": [7, 3, 6, 4], "texture": "#0"},
				"east": {"uv": [0, 13, 0, 14], "texture": "#0"},
				"south": {"uv": [6, 3, 7, 4], "texture": "#0"},
				"west": {"uv": [0, 13, 0, 14], "texture": "#0"},
				"up": {"uv": [0, 16, 1, 16], "rotation": 180, "texture": "#0"},
				"down": {"uv": [0, 16, 1, 16], "rotation": 180, "texture": "#0"}
			}
		},
		{
			"from": [-9, 10, 8],
			"to": [-8, 11, 8],
			"rotation": {"angle": 0, "axis": "y", "origin": [8, 0, 8]},
			"faces": {
				"north": {"uv": [4, 10, 3, 11], "texture": "#0"},
				"east": {"uv": [0, 13, 0, 14], "texture": "#0"},
				"south": {"uv": [3, 10, 4, 11], "texture": "#0"},
				"west": {"uv": [0, 13, 0, 14], "texture": "#0"},
				"up": {"uv": [0, 16, 1, 16], "rotation": 180, "texture": "#0"},
				"down": {"uv": [0, 16, 1, 16], "rotation": 180, "texture": "#0"}
			}
		}
	],
	"display": {
		"thirdperson_righthand": {
			"scale": [0.35, 0.35, 0.35]
		},
		"thirdperson_lefthand": {
			"scale": [0.35, 0.35, 0.35]
		},
		"firstperson_righthand": {
			"scale": [0.35, 0.35, 0.35]
		},
		"firstperson_lefthand": {
			"scale": [0.35, 0.35, 0.35]
		},
		"ground": {
			"scale": [0.35, 0.35, 0.35]
		},
		"gui": {
			"scale": [0.4, 0.4, 0.4]
		},
		"fixed": {
			"translation": [0, 0, -0.25],
			"scale": [0.5, 0.5, 0.51]
		}
	},
	"groups": [
		{
			"name": "Antler1",
			"origin": [0, 0, 0],
			"color": 0,
			"children": [0, 1, 2, 3, 4, 5, 6, 7, 8, 9, 10, 11, 12, 13]
		},
		{
			"name": "Antler1",
			"origin": [0, 0, 0],
			"color": 0,
			"children": [14, 15, 16, 17, 18, 19, 20, 21, 22, 23, 24, 25, 26, 27]
		}
	]
}