{
	"credit": "By KeepMeow",
	"texture_size": [32, 32],
	"textures": {
		"0": "./pets/animation/allay_anim1_pet",
		"1": "./pets/animation/allay_anim2_pet"
	},
	"elements": [
		{
			"from": [5, 6, 6],
			"to": [10, 11, 11],
			"rotation": {"angle": 0, "axis": "y", "origin": [0, -7, 0]},
			"faces": {
				"north": {"uv": [7.5, 2.5, 10, 5], "texture": "#0"},
				"east": {"uv": [5, 2.5, 7.5, 5], "texture": "#0"},
				"south": {"uv": [2.5, 2.5, 5, 5], "texture": "#0"},
				"west": {"uv": [0, 2.5, 2.5, 5], "texture": "#0"},
				"up": {"uv": [2.5, 0, 5, 2.5], "texture": "#0"},
				"down": {"uv": [5, 0, 7.5, 2.5], "texture": "#0"}
			}
		},
		{
			"from": [6, 2, 7.5],
			"to": [9, 6, 9.5],
			"rotation": {"angle": 0, "axis": "y", "origin": [0, -7, 0]},
			"faces": {
				"north": {"uv": [3.5, 6, 5, 8], "texture": "#0"},
				"east": {"uv": [0, 6, 1, 8], "texture": "#0"},
				"south": {"uv": [1, 6, 2.5, 8], "texture": "#0"},
				"west": {"uv": [2.5, 6, 3.5, 8], "texture": "#0"},
				"up": {"uv": [1, 5, 2.5, 6], "texture": "#0"},
				"down": {"uv": [0, 0, 1.5, 1], "texture": "#0"}
			}
		},
		{
			"from": [5, -8, 13.5],
			"to": [6, -4, 15.5],
			"rotation": {"angle": -45, "axis": "x", "origin": [0, -7, 0]},
			"faces": {
				"north": {"uv": [14, 1, 14.5, 3], "texture": "#0"},
				"east": {"uv": [13, 1, 14, 3], "texture": "#0"},
				"south": {"uv": [12.5, 1, 13, 3], "texture": "#0"},
				"west": {"uv": [11.5, 1, 12.5, 3], "texture": "#0"},
				"up": {"uv": [12.5, 0, 13, 1], "texture": "#0"},
				"down": {"uv": [13, 0, 13.5, 1], "texture": "#0"}
			}
		},
		{
			"from": [9, -8, 13.5],
			"to": [10, -4, 15.5],
			"rotation": {"angle": -45, "axis": "x", "origin": [0, -7, 0]},
			"faces": {
				"north": {"uv": [14, 4, 14.5, 6], "texture": "#0"},
				"east": {"uv": [13, 4, 14, 6], "texture": "#0"},
				"south": {"uv": [12.5, 4, 13, 6], "texture": "#0"},
				"west": {"uv": [11.5, 4, 12.5, 6], "texture": "#0"},
				"up": {"uv": [12.5, 3, 13, 4], "texture": "#0"},
				"down": {"uv": [13, 3, 13.5, 4], "texture": "#0"}
			}
		},
		{
			"from": [6.25, 0.5, 7.75],
			"to": [8.75, 5.5, 9.25],
			"rotation": {"angle": 0, "axis": "y", "origin": [0, -7, 0]},
			"faces": {
				"north": {"uv": [1, 9, 2.5, 12], "texture": "#0"},
				"east": {"uv": [2.5, 9, 3.5, 12], "texture": "#0"},
				"south": {"uv": [3.5, 9, 5, 12], "texture": "#0"},
				"west": {"uv": [0, 9, 1, 12], "texture": "#0"},
				"up": {"uv": [0, 0, 1.25, 0.75], "texture": "#0"},
				"down": {"uv": [0, 0, 1.25, 0.75], "texture": "#0"}
			}
		},
		{
			"from": [6.5, 2, -5],
			"to": [6.5, 7, 3],
			"rotation": {"angle": 22.5, "axis": "x", "origin": [0, -7, 0]},
			"faces": {
				"north": {"uv": [0, 0, 0.5, 2.5], "texture": "#0"},
				"east": {"uv": [12, 11, 8, 13.5], "texture": "#0"},
				"south": {"uv": [0, 0, 0.5, 2.5], "texture": "#0"},
				"west": {"uv": [8, 11, 12, 13.5], "texture": "#0"},
				"up": {"uv": [0, 0, 0.5, 4], "texture": "#0"},
				"down": {"uv": [0, 0, 0.5, 4], "texture": "#0"}
			}
		},
		{
			"from": [8.5, 2, -5],
			"to": [8.5, 7, 3],
			"rotation": {"angle": 22.5, "axis": "x", "origin": [0, -7, 0]},
			"faces": {
				"north": {"uv": [0, 0, 0.5, 2.5], "texture": "#0"},
				"east": {"uv": [12, 11, 8, 13.5], "texture": "#0"},
				"south": {"uv": [0, 0, 0.5, 2.5], "texture": "#0"},
				"west": {"uv": [8, 11, 12, 13.5], "texture": "#0"},
				"up": {"uv": [0, 0, 0.5, 4], "texture": "#0"},
				"down": {"uv": [0, 0, 0.5, 4], "texture": "#0"}
			}
		},
		{
			"from": [5, 6, 6],
			"to": [10, 11, 11],
			"rotation": {"angle": 0, "axis": "y", "origin": [0, -7, 0]},
			"faces": {
				"north": {"uv": [7.5, 2.5, 10, 5], "texture": "#1"},
				"east": {"uv": [5, 2.5, 7.5, 5], "texture": "#1"},
				"south": {"uv": [2.5, 2.5, 5, 5], "texture": "#1"},
				"west": {"uv": [0, 2.5, 2.5, 5], "texture": "#1"},
				"up": {"uv": [2.5, 0, 5, 2.5], "texture": "#1"},
				"down": {"uv": [5, 0, 7.5, 2.5], "texture": "#1"}
			}
		},
		{
			"from": [6, 2, 7.5],
			"to": [9, 6, 9.5],
			"rotation": {"angle": 0, "axis": "y", "origin": [0, -7, 0]},
			"faces": {
				"north": {"uv": [3.5, 6, 5, 8], "texture": "#1"},
				"east": {"uv": [0, 6, 1, 8], "texture": "#1"},
				"south": {"uv": [1, 6, 2.5, 8], "texture": "#1"},
				"west": {"uv": [2.5, 6, 3.5, 8], "texture": "#1"},
				"up": {"uv": [1, 5, 2.5, 6], "texture": "#1"},
				"down": {"uv": [0, 0, 1.5, 1], "texture": "#1"}
			}
		},
		{
			"from": [5, -8, 13.5],
			"to": [6, -4, 15.5],
			"rotation": {"angle": -45, "axis": "x", "origin": [0, -7, 0]},
			"faces": {
				"north": {"uv": [14, 1, 14.5, 3], "texture": "#1"},
				"east": {"uv": [13, 1, 14, 3], "texture": "#1"},
				"south": {"uv": [12.5, 1, 13, 3], "texture": "#1"},
				"west": {"uv": [11.5, 1, 12.5, 3], "texture": "#1"},
				"up": {"uv": [12.5, 0, 13, 1], "texture": "#1"},
				"down": {"uv": [13, 0, 13.5, 1], "texture": "#1"}
			}
		},
		{
			"from": [9, -8, 13.5],
			"to": [10, -4, 15.5],
			"rotation": {"angle": -45, "axis": "x", "origin": [0, -7, 0]},
			"faces": {
				"north": {"uv": [14, 4, 14.5, 6], "texture": "#1"},
				"east": {"uv": [13, 4, 14, 6], "texture": "#1"},
				"south": {"uv": [12.5, 4, 13, 6], "texture": "#1"},
				"west": {"uv": [11.5, 4, 12.5, 6], "texture": "#1"},
				"up": {"uv": [12.5, 3, 13, 4], "texture": "#1"},
				"down": {"uv": [13, 3, 13.5, 4], "texture": "#1"}
			}
		},
		{
			"from": [6.25, 2.5, 2.75],
			"to": [8.75, 7.5, 4.25],
			"rotation": {"angle": 22.5, "axis": "x", "origin": [0, -7, 0]},
			"faces": {
				"north": {"uv": [1, 9, 2.5, 12], "texture": "#1"},
				"east": {"uv": [2.5, 9, 3.5, 12], "texture": "#1"},
				"south": {"uv": [3.5, 9, 5, 12], "texture": "#1"},
				"west": {"uv": [0, 9, 1, 12], "texture": "#1"},
				"up": {"uv": [0, 0, 1.25, 0.75], "texture": "#1"},
				"down": {"uv": [0, 0, 1.25, 0.75], "texture": "#1"}
			}
		},
		{
			"from": [-6.25, 2, 7.25],
			"to": [1.75, 7, 7.25],
			"rotation": {"angle": -22.5, "axis": "z", "origin": [0, -7, 0]},
			"faces": {
				"north": {"uv": [12, 11, 8, 13.5], "texture": "#1"},
				"east": {"uv": [0, 0, 0.5, 2.5], "texture": "#1"},
				"south": {"uv": [8, 11, 12, 13.5], "texture": "#1"},
				"west": {"uv": [0, 0, 0.5, 2.5], "texture": "#1"},
				"up": {"uv": [0, 0, 0.5, 4], "rotation": 270, "texture": "#1"},
				"down": {"uv": [0, 0, 0.5, 4], "rotation": 90, "texture": "#1"}
			}
		},
		{
			"from": [12.25, -3.75, 7.25],
			"to": [20.25, 1.25, 7.25],
			"rotation": {"angle": 22.5, "axis": "z", "origin": [0, -7, 0]},
			"faces": {
				"north": {"uv": [8, 11, 12, 13.5], "texture": "#1"},
				"east": {"uv": [0, 0, 0.5, 2.5], "texture": "#1"},
				"south": {"uv": [12, 11, 8, 13.5], "texture": "#1"},
				"west": {"uv": [0, 0, 0.5, 2.5], "texture": "#1"},
				"up": {"uv": [0, 0, 0.5, 4], "rotation": 90, "texture": "#1"},
				"down": {"uv": [0, 0, 0.5, 4], "rotation": 270, "texture": "#1"}
			}
		}
	],
	"display": {
		"thirdperson_righthand": {
			"rotation": [75, -135, 0],
			"translation": [0, 2.5, 0],
			"scale": [0.375, 0.375, 0.375]
		},
		"thirdperson_lefthand": {
			"rotation": [75, -135, 0],
			"translation": [0, 2.5, 0],
			"scale": [0.375, 0.375, 0.375]
		},
		"firstperson_righthand": {
			"rotation": [0, -45, 0],
			"scale": [0.4, 0.4, 0.4]
		},
		"firstperson_lefthand": {
			"rotation": [0, -45, 0],
			"scale": [0.4, 0.4, 0.4]
		},
		"ground": {
			"translation": [0, 3, 0],
			"scale": [0.25, 0.25, 0.25]
		},
		"gui": {
			"rotation": [30, 45, 0],
			"translation": [0, 1.5, 0],
			"scale": [0.725, 0.725, 0.725]
		},
		"head": {
			"rotation": [0, -180, 0],
			"translation": [-25, 5, 0],
			"scale": [1.5, 1.5, 1.5]
		},
		"fixed": {
			"rotation": [0, -180, 0],
			"scale": [0.5, 0.5, 0.5]
		}
	},
	"groups": [
		{
			"name": "group",
			"origin": [0, 0, 0],
			"color": 0,
			"children": [0, 1, 2, 3, 4, 5, 6]
		},
		{
			"name": "group",
			"origin": [0, 0, 0],
			"color": 0,
			"children": [7, 8, 9, 10, 11, 12, 13]
		}
	]
}