{"credit":"By KeepMeow","textures":{"0":"./entities/axolotl/axolotl_gold"},"elements":[{"from":[4,0,3],"to":[12,4,13],"faces":{"north":{"uv":[2.5,5.25,4.5,6.25],"texture":"#0"},"east":{"uv":[0,5.25,2.5,6.25],"texture":"#0"},"south":{"uv":[7,5.25,9,6.25],"texture":"#0"},"west":{"uv":[4.5,5.25,7,6.25],"texture":"#0"},"up":{"uv":[2.5,2.75,4.5,5.25],"texture":"#0"},"down":{"uv":[4.5,2.75,6.5,5.25],"texture":"#0"}}},{"from":[4,0,-2],"to":[12,5,3],"faces":{"north":{"uv":[1.25,1.5,3.25,2.75],"texture":"#0"},"east":{"uv":[0,1.5,1.25,2.75],"texture":"#0"},"south":{"uv":[4.5,1.5,6.5,2.75],"texture":"#0"},"west":{"uv":[3.25,1.5,4.5,2.75],"texture":"#0"},"up":{"uv":[1.25,0.25,3.25,1.5],"texture":"#0"},"down":{"uv":[3.25,0.25,5.25,1.5],"texture":"#0"}}},{"from":[8,0,4],"to":[8,5,13],"faces":{"north":{"uv":[0,0,0,5],"texture":"#missing"},"east":{"uv":[2.75,6.5,0.5,7.75],"texture":"#0"},"south":{"uv":[0,0,0,5],"texture":"#missing"},"west":{"uv":[0.5,6.5,2.75,7.75],"texture":"#0"},"up":{"uv":[0,0,0,9],"texture":"#missing"},"down":{"uv":[0,0,0,9],"texture":"#missing"}}},{"from":[8,0,13],"to":[8,5,25],"faces":{"north":{"uv":[0,0,0,5],"texture":"#missing"},"east":{"uv":[0.5,7.75,3.5,9],"texture":"#0"},"south":{"uv":[0,0,0,5],"texture":"#missing"},"west":{"uv":[3.5,7.75,0.5,9],"texture":"#0"},"up":{"uv":[0,0,0,12],"texture":"#missing"},"down":{"uv":[0,0,0,12],"texture":"#missing"}}},{"from":[0.25,0,3],"to":[3.25,7,3],"rotation":{"angle":22.5,"axis":"y","origin":[0,0,0]},"faces":{"north":{"uv":[2.75,10,3.5,11.75],"texture":"#0"},"east":{"uv":[0,0,0,5],"texture":"#missing"},"south":{"uv":[0,10,0.75,11.75],"texture":"#0"},"west":{"uv":[0,0,0,5],"texture":"#missing"},"up":{"uv":[0,0,3,0],"texture":"#missing"},"down":{"uv":[0,0,3,0],"texture":"#missing"}}},{"from":[11.75,0,-3],"to":[14.75,7,-3],"rotation":{"angle":-22.5,"axis":"y","origin":[0,0,0]},"faces":{"north":{"uv":[0,10,0.75,11.75],"texture":"#0"},"east":{"uv":[0,0,0,5],"texture":"#missing"},"south":{"uv":[2.75,10,3.5,11.75],"texture":"#0"},"west":{"uv":[0,0,0,5],"texture":"#missing"},"up":{"uv":[0,0,3,0],"rotation":180,"texture":"#missing"},"down":{"uv":[0,0,3,0],"rotation":180,"texture":"#missing"}}},{"from":[4.5,5.25,0],"to":[11.5,8.25,0],"rotation":{"angle":22.5,"axis":"x","origin":[0,0,0]},"faces":{"north":{"uv":[0.75,9.25,2.75,10],"texture":"#0"},"east":{"uv":[0,0,0,6],"texture":"#missing"},"south":{"uv":[0.75,9.25,2.75,10],"texture":"#0"},"west":{"uv":[0,0,0,6],"texture":"#missing"},"up":{"uv":[0,0,7,0],"texture":"#missing"},"down":{"uv":[0,0,7,0],"texture":"#missing"}}},{"from":[-5.25,0.5,10.5],"to":[-0.25,0.5,13.5],"rotation":{"angle":22.5,"axis":"y","origin":[0,0,0]},"faces":{"north":{"uv":[0,0,3,0],"texture":"#missing"},"east":{"uv":[0,0,5,0],"texture":"#missing"},"south":{"uv":[0,0,3,0],"texture":"#missing"},"west":{"uv":[0,0,5,0],"texture":"#missing"},"up":{"uv":[0.5,3.25,1.25,4.5],"rotation":90,"texture":"#0"},"down":{"uv":[1.25,4.5,2,3.25],"rotation":270,"texture":"#0"}}},{"from":[15.25,0.5,4.5],"to":[20.25,0.5,7.5],"rotation":{"angle":-22.5,"axis":"y","origin":[0,0,0]},"faces":{"north":{"uv":[0,0,3,0],"texture":"#missing"},"east":{"uv":[0,0,5,0],"texture":"#missing"},"south":{"uv":[0,0,3,0],"texture":"#missing"},"west":{"uv":[0,0,5,0],"texture":"#missing"},"up":{"uv":[0.5,3.25,1.25,4.5],"rotation":270,"texture":"#0"},"down":{"uv":[1.25,4.5,2,3.25],"rotation":90,"texture":"#0"}}},{"from":[12,0.5,-3],"to":[17,0.5,0],"rotation":{"angle":-22.5,"axis":"y","origin":[0,0,0]},"faces":{"north":{"uv":[0,0,3,0],"texture":"#missing"},"east":{"uv":[0,0,5,0],"texture":"#missing"},"south":{"uv":[0,0,3,0],"texture":"#missing"},"west":{"uv":[0,0,5,0],"texture":"#missing"},"up":{"uv":[0.5,3.25,1.25,4.5],"rotation":270,"texture":"#0"},"down":{"uv":[2,4.5,1.25,3.25],"rotation":90,"texture":"#0"}}},{"from":[-2.25,0.5,3.25],"to":[2.75,0.5,6.25],"rotation":{"angle":22.5,"axis":"y","origin":[0,0,0]},"faces":{"north":{"uv":[0,0,3,0],"texture":"#missing"},"east":{"uv":[0,0,5,0],"texture":"#missing"},"south":{"uv":[0,0,3,0],"texture":"#missing"},"west":{"uv":[0,0,5,0],"texture":"#missing"},"up":{"uv":[0.5,3.25,1.25,4.5],"rotation":90,"texture":"#0"},"down":{"uv":[1.25,4.5,2,3.25],"rotation":270,"texture":"#0"}}}],"display":{"thirdperson_righthand":{"rotation":[75,45,0],"translation":[0,1.5,1],"scale":[0.375,0.375,0.375]},"thirdperson_lefthand":{"rotation":[75,45,0],"translation":[0,1.5,1],"scale":[0.375,0.375,0.375]},"firstperson_righthand":{"rotation":[0,45,0],"translation":[0,3,0],"scale":[0.4,0.4,0.4]},"firstperson_lefthand":{"rotation":[0,45,0],"translation":[0,3,0],"scale":[0.4,0.4,0.4]},"ground":{"translation":[0,3,0],"scale":[0.25,0.25,0.25]},"gui":{"rotation":[30,225,0],"translation":[0,2.5,0],"scale":[0.625,0.625,0.625]},"head":{"rotation":[0,25,0],"translation":[0,19.25,0],"scale":[1.5,1.5,1.5]},"fixed":{"scale":[0.5,0.5,0.5]}}}