{"credit":"By KeepMeow","texture_size":[32,32],"textures":{"0":"./pets/animation/bee_anim1_3_pet","1":"./pets/animation/bee_anim2_3_pet"},"elements":[{"from":[-1,7.01,5],"to":[6,7.01,11],"faces":{"north":{"uv":[0,0,3.5,0.5],"texture":"#0"},"east":{"uv":[0,0,3,0.5],"texture":"#0"},"south":{"uv":[0,0,3.5,0.5],"texture":"#0"},"west":{"uv":[0,0,3,0.5],"texture":"#0"},"up":{"uv":[0,11.5,3.5,8.5],"texture":"#0"},"down":{"uv":[0,8.5,3.5,11.5],"texture":"#0"}}},{"from":[6,-4.25,5.5],"to":[9,-2.25,5.5],"rotation":{"angle":-22.5,"axis":"x","origin":[0,0,0]},"faces":{"north":{"uv":[9.5,9,11,10],"texture":"#0"},"east":{"uv":[0,0,0.5,1],"texture":"#0"},"south":{"uv":[9.5,9,11,10],"texture":"#0"},"west":{"uv":[0,0,0.5,1],"texture":"#0"},"up":{"uv":[0,0,1.5,0.5],"texture":"#0"},"down":{"uv":[0,0,1.5,0.5],"texture":"#0"}}},{"from":[5,-5,7.25],"to":[10,-3,7.25],"rotation":{"angle":-22.5,"axis":"x","origin":[0,0,0]},"faces":{"north":{"uv":[9,10,11.5,11],"texture":"#0"},"east":{"uv":[0,0,0.5,1],"texture":"#0"},"south":{"uv":[9,10,11.5,11],"texture":"#0"},"west":{"uv":[0,0,0.5,1],"texture":"#0"},"up":{"uv":[0,0,1.5,0.5],"texture":"#0"},"down":{"uv":[0,0,1.5,0.5],"texture":"#0"}}},{"from":[5,-5.75,9.25],"to":[10,-3.75,9.25],"rotation":{"angle":-22.5,"axis":"x","origin":[0,0,0]},"faces":{"north":{"uv":[9,10,11.5,11],"texture":"#0"},"east":{"uv":[0,0,0.5,1],"texture":"#0"},"south":{"uv":[9,10,11.5,11],"texture":"#0"},"west":{"uv":[0,0,0.5,1],"texture":"#0"},"up":{"uv":[0,0,1.5,0.5],"texture":"#0"},"down":{"uv":[0,0,1.5,0.5],"texture":"#0"}}},{"from":[6,5,0],"to":[6,7,3],"faces":{"north":{"uv":[0,0,0.5,1],"texture":"#0"},"east":{"uv":[4.5,3,3,4],"texture":"#0"},"south":{"uv":[0,0,0.5,1],"texture":"#0"},"west":{"uv":[3,3,4.5,4],"texture":"#0"},"up":{"uv":[0,0,0.5,1.5],"texture":"#0"},"down":{"uv":[0,0,0.5,1.5],"texture":"#0"}}},{"from":[9,5,0],"to":[9,7,3],"faces":{"north":{"uv":[0,0,0.5,1],"texture":"#0"},"east":{"uv":[4.5,3,3,4],"texture":"#0"},"south":{"uv":[0,0,0.5,1],"texture":"#0"},"west":{"uv":[3,3,4.5,4],"texture":"#0"},"up":{"uv":[0,0,0.5,1.5],"texture":"#0"},"down":{"uv":[0,0,0.5,1.5],"texture":"#0"}}},{"from":[9,7.01,5],"to":[16,7.01,11],"faces":{"north":{"uv":[0,0,3.5,0.5],"texture":"#0"},"east":{"uv":[0,0,3,0.5],"texture":"#0"},"south":{"uv":[0,0,3.5,0.5],"texture":"#0"},"west":{"uv":[0,0,3,0.5],"texture":"#0"},"up":{"uv":[3.5,11.5,0,8.5],"texture":"#0"},"down":{"uv":[3.5,8.5,0,11.5],"texture":"#0"}}},{"from":[4,0,3],"to":[11,7,13],"faces":{"north":{"uv":[5,5,8.5,8.5],"texture":"#0"},"east":{"uv":[0,5,5,8.5],"texture":"#0"},"south":{"uv":[5,8.5,8.5,12],"texture":"#0"},"west":{"uv":[8.5,5,13.5,8.5],"texture":"#0"},"up":{"uv":[5,5,8.5,0],"texture":"#0"},"down":{"uv":[8.5,0,12,5],"texture":"#0"}}},{"from":[7.5,3,13],"to":[7.5,4,15],"faces":{"north":{"uv":[0,0,0,0.5],"texture":"#0"},"east":{"uv":[1.5,1.5,2.5,2],"texture":"#0"},"south":{"uv":[0,0,0,0.5],"texture":"#0"},"west":{"uv":[1.5,1.5,2.5,2],"texture":"#0"},"up":{"uv":[0,0,0,1],"texture":"#0"},"down":{"uv":[0,0,0,1],"texture":"#0"}}},{"from":[-4.25,8.75,5],"to":[2.75,8.75,11],"rotation":{"angle":-22.5,"axis":"z","origin":[0,0,0]},"faces":{"north":{"uv":[0,0,3.5,0.5],"texture":"#1"},"east":{"uv":[0,0,3,0.5],"texture":"#1"},"south":{"uv":[0,0,3.5,0.5],"texture":"#1"},"west":{"uv":[0,0,3,0.5],"texture":"#1"},"up":{"uv":[0,11.5,3.5,8.5],"texture":"#1"},"down":{"uv":[0,8.5,3.5,11.5],"texture":"#1"}}},{"from":[6,-4.25,5.5],"to":[9,-2.25,5.5],"rotation":{"angle":-22.5,"axis":"x","origin":[0,0,0]},"faces":{"north":{"uv":[9.5,9,11,10],"texture":"#1"},"east":{"uv":[0,0,0.5,1],"texture":"#1"},"south":{"uv":[9.5,9,11,10],"texture":"#1"},"west":{"uv":[0,0,0.5,1],"texture":"#1"},"up":{"uv":[0,0,1.5,0.5],"texture":"#1"},"down":{"uv":[0,0,1.5,0.5],"texture":"#1"}}},{"from":[5,-5,7.25],"to":[10,-3,7.25],"rotation":{"angle":-22.5,"axis":"x","origin":[0,0,0]},"faces":{"north":{"uv":[9,10,11.5,11],"texture":"#1"},"east":{"uv":[0,0,0.5,1],"texture":"#1"},"south":{"uv":[9,10,11.5,11],"texture":"#1"},"west":{"uv":[0,0,0.5,1],"texture":"#1"},"up":{"uv":[0,0,1.5,0.5],"texture":"#1"},"down":{"uv":[0,0,1.5,0.5],"texture":"#1"}}},{"from":[7.5,3,13],"to":[7.5,4,15],"faces":{"north":{"uv":[0,0,0,0.5],"texture":"#1"},"east":{"uv":[1.5,1.5,2.5,2],"texture":"#1"},"south":{"uv":[0,0,0,0.5],"texture":"#1"},"west":{"uv":[1.5,1.5,2.5,2],"texture":"#1"},"up":{"uv":[0,0,0,1],"texture":"#1"},"down":{"uv":[0,0,0,1],"texture":"#1"}}},{"from":[5,-5.75,9.25],"to":[10,-3.75,9.25],"rotation":{"angle":-22.5,"axis":"x","origin":[0,0,0]},"faces":{"north":{"uv":[9,10,11.5,11],"texture":"#1"},"east":{"uv":[0,0,0.5,1],"texture":"#1"},"south":{"uv":[9,10,11.5,11],"texture":"#1"},"west":{"uv":[0,0,0.5,1],"texture":"#1"},"up":{"uv":[0,0,1.5,0.5],"texture":"#1"},"down":{"uv":[0,0,1.5,0.5],"texture":"#1"}}},{"from":[6,5,0],"to":[6,7,3],"faces":{"north":{"uv":[0,0,0.5,1],"texture":"#1"},"east":{"uv":[4.5,3,3,4],"texture":"#1"},"south":{"uv":[0,0,0.5,1],"texture":"#1"},"west":{"uv":[3,3,4.5,4],"texture":"#1"},"up":{"uv":[0,0,0.5,1.5],"texture":"#1"},"down":{"uv":[0,0,0.5,1.5],"texture":"#1"}}},{"from":[9,5,0],"to":[9,7,3],"faces":{"north":{"uv":[0,0,0.5,1],"texture":"#1"},"east":{"uv":[4.5,3,3,4],"texture":"#1"},"south":{"uv":[0,0,0.5,1],"texture":"#1"},"west":{"uv":[3,3,4.5,4],"texture":"#1"},"up":{"uv":[0,0,0.5,1.5],"texture":"#1"},"down":{"uv":[0,0,0.5,1.5],"texture":"#1"}}},{"from":[11,3.01,5],"to":[18,3.01,11],"rotation":{"angle":22.5,"axis":"z","origin":[0,0,0]},"faces":{"north":{"uv":[0,0,3.5,0.5],"texture":"#1"},"east":{"uv":[0,0,3,0.5],"texture":"#1"},"south":{"uv":[0,0,3.5,0.5],"texture":"#1"},"west":{"uv":[0,0,3,0.5],"texture":"#1"},"up":{"uv":[3.5,11.5,0,8.5],"texture":"#1"},"down":{"uv":[3.5,8.5,0,11.5],"texture":"#1"}}},{"from":[4,0,3],"to":[11,7,13],"faces":{"north":{"uv":[5,5,8.5,8.5],"texture":"#1"},"east":{"uv":[0,5,5,8.5],"texture":"#1"},"south":{"uv":[5,8.5,8.5,12],"texture":"#1"},"west":{"uv":[8.5,5,13.5,8.5],"texture":"#1"},"up":{"uv":[5,5,8.5,0],"texture":"#1"},"down":{"uv":[8.5,0,12,5],"texture":"#1"}}}],"display":{"thirdperson_righthand":{"rotation":[75,45,0],"translation":[0,2,0],"scale":[0.375,0.375,0.375]},"thirdperson_lefthand":{"rotation":[75,45,0],"translation":[0,2,0],"scale":[0.375,0.375,0.375]},"firstperson_righthand":{"rotation":[0,45,0],"scale":[0.4,0.4,0.4]},"firstperson_lefthand":{"rotation":[0,45,0],"scale":[0.4,0.4,0.4]},"ground":{"translation":[0,3,0],"scale":[0.25,0.25,0.25]},"gui":{"rotation":[30,225,0],"scale":[0.625,0.625,0.625]},"head":{"translation":[24,16,-16],"scale":[1.5,1.5,1.5]},"fixed":{"scale":[0.5,0.5,0.5]}},"groups":[{"name":"group","origin":[0,0,0],"color":0,"children":[0,1,2,3,4,5,6,7,8]},{"name":"group","origin":[0,0,0],"color":0,"children":[9,10,11,12,13,14,15,16,17]}]}