{"credit":"By KeepMeow","texture_size":[64,32],"textures":{"0":"./pets/static/cave_spider_pet"},"elements":[{"from":[4,7,-4],"to":[12,15,4],"rotation":{"angle":22.5,"axis":"x","origin":[0,0,0]},"faces":{"north":{"uv":[10,6,12,10],"texture":"#0"},"east":{"uv":[8,6,10,10],"texture":"#0"},"south":{"uv":[14,6,16,10],"texture":"#0"},"west":{"uv":[12,6,14,10],"texture":"#0"},"up":{"uv":[12,6,10,2],"texture":"#0"},"down":{"uv":[14,2,12,6],"texture":"#0"}}},{"from":[5,9,0],"to":[11,15,6],"rotation":{"angle":45,"axis":"x","origin":[0,0,0]},"faces":{"north":{"uv":[1.5,3,3,6],"texture":"#0"},"east":{"uv":[0,3,1.5,6],"texture":"#0"},"south":{"uv":[4.5,3,6,6],"texture":"#0"},"west":{"uv":[3,3,4.5,6],"texture":"#0"},"up":{"uv":[3,3,1.5,0],"texture":"#0"},"down":{"uv":[4.5,0,3,3],"texture":"#0"}}},{"from":[3,-13,9],"to":[13,-1,17],"rotation":{"angle":-22.5,"axis":"x","origin":[0,0,0]},"faces":{"north":{"uv":[8,6,5.5,12],"rotation":180,"texture":"#0"},"east":{"uv":[0,12,3,16],"rotation":270,"texture":"#0"},"south":{"uv":[5.5,12,3,6],"texture":"#0"},"west":{"uv":[5.5,12,8.5,16],"rotation":90,"texture":"#0"},"up":{"uv":[3,12,5.5,16],"rotation":180,"texture":"#0"},"down":{"uv":[8.5,12,11,16],"texture":"#0"}}},{"from":[3,6,3],"to":[11,8,5],"rotation":{"angle":-45,"axis":"y","origin":[0,0,0]},"faces":{"north":{"uv":[5,1,7,2],"texture":"#0"},"east":{"uv":[4.5,1,5,2],"texture":"#0"},"south":{"uv":[9.5,1,11.5,2],"texture":"#0"},"west":{"uv":[9,1,9.5,2],"texture":"#0"},"up":{"uv":[5,1,7,0],"texture":"#0"},"down":{"uv":[9,0,11,1],"texture":"#0"}}},{"from":[0.5,6,14],"to":[8.5,8,16],"rotation":{"angle":45,"axis":"y","origin":[0,0,0]},"faces":{"north":{"uv":[5,1,7,2],"texture":"#0"},"east":{"uv":[4.5,1,5,2],"texture":"#0"},"south":{"uv":[9.5,1,11.5,2],"texture":"#0"},"west":{"uv":[9,1,9.5,2],"texture":"#0"},"up":{"uv":[5,1,7,0],"texture":"#0"},"down":{"uv":[9,0,11,1],"texture":"#0"}}},{"from":[0.5,3.5,14],"to":[8.5,5.5,16],"rotation":{"angle":45,"axis":"y","origin":[0,0,0]},"faces":{"north":{"uv":[5,1,7,2],"texture":"#0"},"east":{"uv":[4.5,1,5,2],"texture":"#0"},"south":{"uv":[9.5,1,11.5,2],"texture":"#0"},"west":{"uv":[9,1,9.5,2],"texture":"#0"},"up":{"uv":[5,1,7,0],"texture":"#0"},"down":{"uv":[9,0,11,1],"texture":"#0"}}},{"from":[3,3.5,3],"to":[11,5.5,5],"rotation":{"angle":-45,"axis":"y","origin":[0,0,0]},"faces":{"north":{"uv":[5,1,7,2],"texture":"#0"},"east":{"uv":[4.5,1,5,2],"texture":"#0"},"south":{"uv":[9.5,1,11.5,2],"texture":"#0"},"west":{"uv":[9,1,9.5,2],"texture":"#0"},"up":{"uv":[5,1,7,0],"texture":"#0"},"down":{"uv":[9,0,11,1],"texture":"#0"}}},{"from":[-2,0,9],"to":[6,2,11],"rotation":{"angle":22.5,"axis":"z","origin":[0,0,0]},"faces":{"north":{"uv":[5,1,7,2],"texture":"#0"},"east":{"uv":[4.5,1,5,2],"texture":"#0"},"south":{"uv":[9.5,1,11.5,2],"texture":"#0"},"west":{"uv":[9,1,9.5,2],"texture":"#0"},"up":{"uv":[5,1,7,0],"texture":"#0"},"down":{"uv":[9,0,11,1],"texture":"#0"}}},{"from":[9,6,9],"to":[17,8,11],"rotation":{"angle":-22.5,"axis":"z","origin":[0,0,0]},"faces":{"north":{"uv":[5,1,7,2],"texture":"#0"},"east":{"uv":[4.5,1,5,2],"texture":"#0"},"south":{"uv":[9.5,1,11.5,2],"texture":"#0"},"west":{"uv":[9,1,9.5,2],"texture":"#0"},"up":{"uv":[5,1,7,0],"texture":"#0"},"down":{"uv":[9,0,11,1],"texture":"#0"}}},{"from":[-7,9,8],"to":[1,11,10],"rotation":{"angle":-22.5,"axis":"z","origin":[0,0,0]},"faces":{"north":{"uv":[5,1,7,2],"texture":"#0"},"east":{"uv":[4.5,1,5,2],"texture":"#0"},"south":{"uv":[9.5,1,11.5,2],"texture":"#0"},"west":{"uv":[9,1,9.5,2],"texture":"#0"},"up":{"uv":[5,1,7,0],"texture":"#0"},"down":{"uv":[9,0,11,1],"texture":"#0"}}},{"from":[13.75,2.75,8],"to":[21.75,4.75,10],"rotation":{"angle":22.5,"axis":"z","origin":[0,0,0]},"faces":{"north":{"uv":[5,1,7,2],"texture":"#0"},"east":{"uv":[4.5,1,5,2],"texture":"#0"},"south":{"uv":[9.5,1,11.5,2],"texture":"#0"},"west":{"uv":[9,1,9.5,2],"texture":"#0"},"up":{"uv":[5,1,7,0],"texture":"#0"},"down":{"uv":[9,0,11,1],"texture":"#0"}}},{"from":[0.5,6,-3],"to":[2.5,8,5],"rotation":{"angle":-22.5,"axis":"y","origin":[0,0,0]},"faces":{"north":{"uv":[9,1,9.5,2],"texture":"#0"},"east":{"uv":[7,1,9,2],"texture":"#0"},"south":{"uv":[4.5,1,5,2],"texture":"#0"},"west":{"uv":[11.5,1,13.5,2],"texture":"#0"},"up":{"uv":[7,1,9,0],"rotation":90,"texture":"#0"},"down":{"uv":[11,0,13,1],"rotation":270,"texture":"#0"}}},{"from":[12.5,-1,8],"to":[14.5,1,16],"rotation":{"angle":22.5,"axis":"y","origin":[0,0,0]},"faces":{"north":{"uv":[9,1,9.5,2],"texture":"#0"},"east":{"uv":[7,1,9,2],"texture":"#0"},"south":{"uv":[4.5,1,5,2],"texture":"#0"},"west":{"uv":[11.5,1,13.5,2],"texture":"#0"},"up":{"uv":[7,1,9,0],"rotation":90,"texture":"#0"},"down":{"uv":[11,0,13,1],"rotation":270,"texture":"#0"}}},{"from":[12.5,6,3],"to":[14.5,8,11],"rotation":{"angle":22.5,"axis":"y","origin":[0,0,0]},"faces":{"north":{"uv":[9,1,9.5,2],"texture":"#0"},"east":{"uv":[7,1,9,2],"texture":"#0"},"south":{"uv":[4.5,1,5,2],"texture":"#0"},"west":{"uv":[11.5,1,13.5,2],"texture":"#0"},"up":{"uv":[7,1,9,0],"rotation":90,"texture":"#0"},"down":{"uv":[11,0,13,1],"rotation":270,"texture":"#0"}}},{"from":[15.5,3.5,-3],"to":[17.5,5.5,5],"faces":{"north":{"uv":[9,1,9.5,2],"texture":"#0"},"east":{"uv":[7,1,9,2],"texture":"#0"},"south":{"uv":[4.5,1,5,2],"texture":"#0"},"west":{"uv":[11.5,1,13.5,2],"texture":"#0"},"up":{"uv":[7,1,9,0],"rotation":90,"texture":"#0"},"down":{"uv":[11,0,13,1],"rotation":270,"texture":"#0"}}},{"from":[-1.5,3.5,-3],"to":[0.5,5.5,5],"faces":{"north":{"uv":[9,1,9.5,2],"texture":"#0"},"east":{"uv":[7,1,9,2],"texture":"#0"},"south":{"uv":[4.5,1,5,2],"texture":"#0"},"west":{"uv":[11.5,1,13.5,2],"texture":"#0"},"up":{"uv":[7,1,9,0],"rotation":90,"texture":"#0"},"down":{"uv":[11,0,13,1],"rotation":270,"texture":"#0"}}},{"from":[0.5,-0.8,1.5],"to":[2.5,1.2,9.5],"rotation":{"angle":-22.5,"axis":"y","origin":[0,0,0]},"faces":{"north":{"uv":[9,1,9.5,2],"texture":"#0"},"east":{"uv":[7,1,9,2],"texture":"#0"},"south":{"uv":[4.5,1,5,2],"texture":"#0"},"west":{"uv":[11.5,1,13.5,2],"texture":"#0"},"up":{"uv":[7,1,9,0],"rotation":90,"texture":"#0"},"down":{"uv":[11,0,13,1],"rotation":270,"texture":"#0"}}},{"from":[-7,11,-1],"to":[-5,13,7],"rotation":{"angle":22.5,"axis":"y","origin":[0,0,0]},"faces":{"north":{"uv":[9,1,9.5,2],"texture":"#0"},"east":{"uv":[7,1,9,2],"texture":"#0"},"south":{"uv":[4.5,1,5,2],"texture":"#0"},"west":{"uv":[11.5,1,13.5,2],"texture":"#0"},"up":{"uv":[7,1,9,0],"rotation":90,"texture":"#0"},"down":{"uv":[11,0,13,1],"rotation":270,"texture":"#0"}}},{"from":[19.75,10.75,-7],"to":[21.75,12.75,1],"rotation":{"angle":-22.5,"axis":"y","origin":[0,0,0]},"faces":{"north":{"uv":[9,1,9.5,2],"texture":"#0"},"east":{"uv":[7,1,9,2],"texture":"#0"},"south":{"uv":[4.5,1,5,2],"texture":"#0"},"west":{"uv":[11.5,1,13.5,2],"texture":"#0"},"up":{"uv":[7,1,9,0],"rotation":90,"texture":"#0"},"down":{"uv":[11,0,13,1],"rotation":270,"texture":"#0"}}}],"display":{"thirdperson_righthand":{"rotation":[75,45,0],"translation":[0,2,0],"scale":[0.275,0.275,0.275]},"thirdperson_lefthand":{"rotation":[75,45,0],"translation":[0,2,0],"scale":[0.275,0.275,0.275]},"firstperson_righthand":{"rotation":[0,45,0],"scale":[0.4,0.4,0.4]},"firstperson_lefthand":{"rotation":[0,45,0],"scale":[0.4,0.4,0.4]},"ground":{"translation":[0,4.5,0],"scale":[0.2,0.2,0.2]},"gui":{"rotation":[30,225,0],"translation":[-0.5,1,0],"scale":[0.525,0.525,0.525]},"head":{"translation":[0,9,7]},"fixed":{"scale":[0.5,0.5,0.5]}}}