{"credit":"By KeepMeow","texture_size":[64,32],"textures":{"0":"./entities/chicken"},"elements":[{"from":[5,5,4],"to":[11,11,12],"faces":{"north":{"uv":[3,7.5,1.5,4.5],"rotation":180,"texture":"#0"},"east":{"uv":[0,7.5,1.5,11.5],"rotation":90,"texture":"#0"},"south":{"uv":[4.5,4.5,3,7.5],"texture":"#0"},"west":{"uv":[3,7.5,4.5,11.5],"rotation":270,"texture":"#0"},"up":{"uv":[4.5,7.5,6,11.5],"texture":"#0"},"down":{"uv":[1.5,7.5,3,11.5],"rotation":180,"texture":"#0"}}},{"from":[5.75,7,2.75],"to":[6.75,11,8.75],"rotation":{"angle":-22.5,"axis":"y","origin":[0,0,0]},"faces":{"north":{"uv":[7.5,9.5,7.75,11.5],"texture":"#0"},"east":{"uv":[6,9.5,7.5,11.5],"texture":"#0"},"south":{"uv":[9.25,9.5,9.5,11.5],"texture":"#0"},"west":{"uv":[7.75,9.5,9.25,11.5],"texture":"#0"},"up":{"uv":[7.75,9.5,7.5,6.5],"texture":"#0"},"down":{"uv":[8,6.5,7.75,9.5],"texture":"#0"}}},{"from":[8,7,9],"to":[9,11,15],"rotation":{"angle":22.5,"axis":"y","origin":[0,0,0]},"faces":{"north":{"uv":[7.5,9.5,7.75,11.5],"texture":"#0"},"east":{"uv":[6,9.5,7.5,11.5],"texture":"#0"},"south":{"uv":[9.25,9.5,9.5,11.5],"texture":"#0"},"west":{"uv":[7.75,9.5,9.25,11.5],"texture":"#0"},"up":{"uv":[7.75,9.5,7.5,6.5],"texture":"#0"},"down":{"uv":[8,6.5,7.75,9.5],"texture":"#0"}}},{"from":[8,1.5,4.5],"to":[11,1.5,9.5],"rotation":{"angle":-22.5,"axis":"x","origin":[0,0,0]},"faces":{"north":{"uv":[8.75,0,8,1.5],"rotation":180,"texture":"#0"},"east":{"uv":[6.5,1.5,7.25,4],"rotation":270,"texture":"#0"},"south":{"uv":[8.75,1.5,8,0],"texture":"#0"},"west":{"uv":[8,1.5,8.75,4],"rotation":90,"texture":"#0"},"up":{"uv":[8.75,1.5,9.5,4],"rotation":180,"texture":"#0"},"down":{"uv":[8.75,1.5,9.5,4],"texture":"#0"}}},{"from":[5,1.5,4.5],"to":[8,4.5,4.5],"rotation":{"angle":-22.5,"axis":"x","origin":[0,0,0]},"faces":{"north":{"uv":[8.75,0,8,1.5],"rotation":180,"texture":"#0"},"east":{"uv":[6.5,1.5,7.25,4],"rotation":270,"texture":"#0"},"south":{"uv":[8.75,1.5,8,0],"texture":"#0"},"west":{"uv":[8,1.5,8.75,4],"rotation":90,"texture":"#0"},"up":{"uv":[8.75,1.5,9.5,4],"rotation":180,"texture":"#0"},"down":{"uv":[8.75,1.5,9.5,4],"texture":"#0"}}},{"from":[8,1.5,4.5],"to":[11,4.5,4.5],"rotation":{"angle":-22.5,"axis":"x","origin":[0,0,0]},"faces":{"north":{"uv":[8.75,0,8,1.5],"rotation":180,"texture":"#0"},"east":{"uv":[6.5,1.5,7.25,4],"rotation":270,"texture":"#0"},"south":{"uv":[8.75,1.5,8,0],"texture":"#0"},"west":{"uv":[8,1.5,8.75,4],"rotation":90,"texture":"#0"},"up":{"uv":[8.75,1.5,9.5,4],"rotation":180,"texture":"#0"},"down":{"uv":[8.75,1.5,9.5,4],"texture":"#0"}}},{"from":[5,1.5,4.5],"to":[8,1.5,9.5],"rotation":{"angle":-22.5,"axis":"x","origin":[0,0,0]},"faces":{"north":{"uv":[8.75,0,8,1.5],"rotation":180,"texture":"#0"},"east":{"uv":[6.5,1.5,7.25,4],"rotation":270,"texture":"#0"},"south":{"uv":[8.75,1.5,8,0],"texture":"#0"},"west":{"uv":[8,1.5,8.75,4],"rotation":90,"texture":"#0"},"up":{"uv":[8.75,1.5,9.5,4],"rotation":180,"texture":"#0"},"down":{"uv":[8.75,1.5,9.5,4],"texture":"#0"}}},{"from":[4.75,9,3.5],"to":[6.75,11,5.5],"rotation":{"angle":22.5,"axis":"y","origin":[0,0,0]},"faces":{"north":{"uv":[4,3,4.5,4],"texture":"#0"},"east":{"uv":[3.5,3,4,4],"texture":"#0"},"south":{"uv":[5,3,5.5,4],"texture":"#0"},"west":{"uv":[4.5,3,5,4],"texture":"#0"},"up":{"uv":[4.5,3,4,2],"texture":"#0"},"down":{"uv":[5,2,4.5,3],"texture":"#0"}}},{"from":[3.75,11,2.5],"to":[7.75,13,4.5],"rotation":{"angle":22.5,"axis":"y","origin":[0,0,0]},"faces":{"north":{"uv":[4,1,5,2],"texture":"#0"},"east":{"uv":[3.5,1,4,2],"texture":"#0"},"south":{"uv":[5.5,1,6.5,2],"texture":"#0"},"west":{"uv":[5,1,5.5,2],"texture":"#0"},"up":{"uv":[5,1,4,0],"texture":"#0"},"down":{"uv":[6,0,5,1],"texture":"#0"}}},{"from":[3.75,9,4.5],"to":[7.75,15,7.5],"rotation":{"angle":22.5,"axis":"y","origin":[0,0,0]},"faces":{"north":{"uv":[0.75,1.5,1.75,4.5],"texture":"#0"},"east":{"uv":[0,1.5,0.75,4.5],"texture":"#0"},"south":{"uv":[2.5,1.5,3.5,4.5],"texture":"#0"},"west":{"uv":[1.75,1.5,2.5,4.5],"texture":"#0"},"up":{"uv":[1.75,1.5,0.75,0],"texture":"#0"},"down":{"uv":[2.75,0,1.75,1.5],"texture":"#0"}}}],"display":{"thirdperson_righthand":{"rotation":[75,45,0],"translation":[0,2,0],"scale":[0.375,0.375,0.375]},"thirdperson_lefthand":{"rotation":[75,45,0],"translation":[0,2,0],"scale":[0.375,0.375,0.375]},"firstperson_righthand":{"rotation":[0,45,0],"scale":[0.4,0.4,0.4]},"firstperson_lefthand":{"rotation":[0,45,0],"scale":[0.4,0.4,0.4]},"ground":{"translation":[0,3,0],"scale":[0.25,0.25,0.25]},"gui":{"rotation":[30,225,0],"scale":[0.625,0.625,0.625]},"head":{"translation":[0,12,-2.25],"scale":[1.5,1.5,1.5]},"fixed":{"scale":[0.5,0.5,0.5]}}}