{"credit":"By KeepMeow","texture_size":[128,128],"textures":{"0":"./pets/static/warden_pet","1":"./entities/allay/allay"},"elements":[{"from":[5.5,11,-12],"to":[10.5,16,-7],"rotation":{"angle":0,"axis":"y","origin":[0.5,-2,-18]},"faces":{"north":{"uv":[10,2.5,7.5,5],"texture":"#1"},"east":{"uv":[7.5,2.5,5,5],"texture":"#1"},"south":{"uv":[5,2.5,2.5,5],"texture":"#1"},"west":{"uv":[2.5,2.5,0,5],"texture":"#1"},"up":{"uv":[5,0,2.5,2.5],"texture":"#1"},"down":{"uv":[7.5,0,5,2.5],"texture":"#1"}}},{"from":[6.5,7,-10.5],"to":[9.5,11,-8.5],"rotation":{"angle":0,"axis":"y","origin":[0.5,-2,-18]},"faces":{"north":{"uv":[3.5,6,5,7.5],"texture":"#1"},"east":{"uv":[0,6,1,7.5],"texture":"#1"},"south":{"uv":[1,6,2.5,7.5],"texture":"#1"},"west":{"uv":[2.5,6,3.5,7.5],"texture":"#1"},"up":{"uv":[1,5,2.5,6],"texture":"#1"},"down":{"uv":[2.5,5,4,6],"texture":"#1"}}},{"from":[5.5,-3,-4.5],"to":[6.5,1,-2.5],"rotation":{"angle":-45,"axis":"x","origin":[0.5,-2,-18]},"faces":{"north":{"uv":[14,4,14.5,6],"texture":"#1"},"east":{"uv":[13,4,14,6],"texture":"#1"},"south":{"uv":[12.5,4,13,6],"texture":"#1"},"west":{"uv":[11.5,4,12.5,6],"texture":"#1"},"up":{"uv":[12.5,3,13,4],"texture":"#1"},"down":{"uv":[13,3,13.5,4],"texture":"#1"}}},{"from":[9.5,-3,-4.5],"to":[10.5,1,-2.5],"rotation":{"angle":-45,"axis":"x","origin":[0.5,-2,-18]},"faces":{"north":{"uv":[14,1,14.5,3],"texture":"#1"},"east":{"uv":[13,1,14,3],"texture":"#1"},"south":{"uv":[12.5,1,13,3],"texture":"#1"},"west":{"uv":[11.5,1,12.5,3],"texture":"#1"},"up":{"uv":[12.5,0,13,1],"texture":"#1"},"down":{"uv":[13,0,13.5,1],"texture":"#1"}}},{"from":[6.75,7.5,-15.25],"to":[9.25,12.5,-13.75],"rotation":{"angle":22.5,"axis":"x","origin":[0.5,-2,-18]},"faces":{"north":{"uv":[4,9,5,11.5],"texture":"#1"},"east":{"uv":[1.5,9,2.5,11.5],"texture":"#1"},"south":{"uv":[2.5,9,4,11.5],"texture":"#1"},"west":{"uv":[0,9,1.5,11.5],"texture":"#1"},"up":{"uv":[0,0,0.3125,0.1875],"texture":"#1"},"down":{"uv":[0,0,0.3125,0.1875],"texture":"#1"}}},{"from":[-5.75,7,-10.75],"to":[2.25,12,-10.75],"rotation":{"angle":-22.5,"axis":"z","origin":[0.5,-2,-18]},"faces":{"north":{"uv":[12,11,8,13.5],"texture":"#1"},"east":{"uv":[0,0,0.125,0.625],"texture":"#1"},"south":{"uv":[8,11,12,13.5],"texture":"#1"},"west":{"uv":[0,0,0.125,0.625],"texture":"#1"},"up":{"uv":[0,0,0.125,1],"rotation":270,"texture":"#1"},"down":{"uv":[0,0,0.125,1],"rotation":90,"texture":"#1"}}},{"from":[12.75,1.25,-10.75],"to":[20.75,6.25,-10.75],"rotation":{"angle":22.5,"axis":"z","origin":[0.5,-2,-18]},"faces":{"north":{"uv":[8,11,12,13.5],"texture":"#1"},"east":{"uv":[0,0,0.125,0.625],"texture":"#1"},"south":{"uv":[12,11,8,13.5],"texture":"#1"},"west":{"uv":[0,0,0.125,0.625],"texture":"#1"},"up":{"uv":[0,0,0.125,1],"rotation":90,"texture":"#1"},"down":{"uv":[0,0,0.125,1],"rotation":270,"texture":"#1"}}},{"from":[18,-1,-12],"to":[26,7,16],"rotation":{"angle":22.5,"axis":"y","origin":[18,5,12]},"faces":{"north":{"uv":[7.5,6.25,8.5,7.25],"rotation":180,"texture":"#0"},"east":{"uv":[5.5,7.25,6.5,10.75],"rotation":270,"texture":"#0"},"south":{"uv":[6.5,6.25,7.5,7.25],"texture":"#0"},"west":{"uv":[7.5,7.25,8.5,10.75],"rotation":90,"texture":"#0"},"up":{"uv":[6.5,7.25,7.5,10.75],"rotation":180,"texture":"#0"},"down":{"uv":[8.5,7.25,9.5,10.75],"texture":"#0"}}},{"from":[11,-12,-1],"to":[17,-6,12],"rotation":{"angle":-45,"axis":"x","origin":[8,-12,13]},"faces":{"north":{"uv":[10.25,6,11,6.75],"rotation":180,"texture":"#0"},"east":{"uv":[9.5,6.75,10.25,8.375],"rotation":270,"texture":"#0"},"south":{"uv":[11,6,11.75,6.75],"texture":"#0"},"west":{"uv":[11,6.75,11.75,8.375],"rotation":90,"texture":"#0"},"up":{"uv":[10.25,6.75,11,8.375],"rotation":180,"texture":"#0"},"down":{"uv":[11.75,6.75,12.5,8.375],"texture":"#0"}}},{"from":[-1,-12,-1],"to":[5,-6,12],"rotation":{"angle":-45,"axis":"x","origin":[8,-12,13]},"faces":{"north":{"uv":[10.25,9.5,11,10.25],"rotation":180,"texture":"#0"},"east":{"uv":[9.5,10.25,10.25,11.875],"rotation":270,"texture":"#0"},"south":{"uv":[11,9.5,11.75,10.25],"texture":"#0"},"west":{"uv":[11,10.25,11.75,11.875],"rotation":90,"texture":"#0"},"up":{"uv":[10.25,10.25,11,11.875],"rotation":180,"texture":"#0"},"down":{"uv":[11.75,10.25,12.5,11.875],"texture":"#0"}}},{"from":[-2,-12,7],"to":[18,9,17],"rotation":{"angle":0,"axis":"x","origin":[0,-5,11]},"faces":{"north":{"uv":[1.25,1.375,3.75,4],"texture":"#0"},"east":{"uv":[0,1.375,1.25,4],"texture":"#0"},"south":{"uv":[5,1.375,7.25,4],"texture":"#0"},"west":{"uv":[3.75,1.375,5,4],"texture":"#0"},"up":{"uv":[1.375,1.375,3.625,0.125],"texture":"#0"},"down":{"uv":[3.625,0.125,5.875,1.375],"texture":"#0"}}},{"from":[0,10,6],"to":[16,26,16],"rotation":{"angle":-22.5,"axis":"x","origin":[8,9,12]},"faces":{"north":{"uv":[1.25,5.25,3.25,7.25],"texture":"#0"},"east":{"uv":[0,5.25,1.25,7.25],"texture":"#0"},"south":{"uv":[4.5,5.25,6.5,7.25],"texture":"#0"},"west":{"uv":[3.25,5.25,4.5,7.25],"texture":"#0"},"up":{"uv":[1.25,4,3.25,5.25],"texture":"#0"},"down":{"uv":[3.25,4,5.25,5.25],"texture":"#0"}}},{"from":[16,19,10.5],"to":[26,29,10.5],"rotation":{"angle":-22.5,"axis":"x","origin":[8,9,12]},"faces":{"north":{"uv":[8.5,0.75,7.25,2],"texture":"#0"},"east":{"uv":[0,0,0,1.25],"texture":"#0"},"south":{"uv":[7.25,0.75,8.5,2],"texture":"#0"},"west":{"uv":[0,0,0,1.25],"texture":"#0"},"up":{"uv":[0,0,1.25,0],"texture":"#0"},"down":{"uv":[0,0,1.25,0],"texture":"#0"}}},{"from":[-10,19,10.5],"to":[0,29,10.5],"rotation":{"angle":-22.5,"axis":"x","origin":[8,9,12]},"faces":{"north":{"uv":[7.25,0.75,8.5,2],"texture":"#0"},"east":{"uv":[0,0,0,1.25],"texture":"#0"},"south":{"uv":[8.5,0.75,7.25,2],"texture":"#0"},"west":{"uv":[0,0,0,1.25],"texture":"#0"},"up":{"uv":[0,0,1.25,0],"texture":"#0"},"down":{"uv":[0,0,1.25,0],"texture":"#0"}}},{"from":[-10,-1,-12],"to":[-2,7,16],"rotation":{"angle":-22.5,"axis":"y","origin":[-2,5,12]},"faces":{"north":{"uv":[2,7.25,3,8.25],"rotation":180,"texture":"#0"},"east":{"uv":[0,8.25,1,11.75],"rotation":270,"texture":"#0"},"south":{"uv":[1,7.25,2,8.25],"texture":"#0"},"west":{"uv":[2,8.25,3,11.75],"rotation":90,"texture":"#0"},"up":{"uv":[1,8.25,2,11.75],"rotation":180,"texture":"#0"},"down":{"uv":[3,8.25,4,11.75],"texture":"#0"}}}],"display":{"thirdperson_righthand":{"rotation":[75,45,0],"translation":[0,2,0],"scale":[0.175,0.175,0.175]},"thirdperson_lefthand":{"rotation":[75,45,0],"translation":[0,2,0],"scale":[0.175,0.175,0.175]},"firstperson_righthand":{"rotation":[0,45,0],"scale":[0.2,0.2,0.2]},"firstperson_lefthand":{"rotation":[0,45,0],"scale":[0.2,0.2,0.2]},"ground":{"translation":[0,4,0],"scale":[0.15,0.15,0.15]},"gui":{"rotation":[30,225,0],"translation":[0,1,0],"scale":[0.3,0.3,0.3]},"head":{"translation":[0,36.75,-8],"scale":[1.5,1.5,1.5]},"fixed":{"scale":[0.5,0.5,0.5]}},"groups":[{"name":"group","origin":[0,0,0],"color":0,"children":[0,1,2,3,4,5,6]},{"name":"group","origin":[-2,5,12],"color":0,"children":[7,8,9,10,11,12,13,14]}]}