{"credit":"By KeepMeow","texture_size":[64,64],"textures":{"0":"./entities/zombie/drowned","1":"./entities/zombie/drowned_outer_layer"},"elements":[{"from":[8,3.5,5],"to":[14,9.5,11],"rotation":{"angle":-22.5,"axis":"z","origin":[0,-4,1]},"faces":{"north":{"uv":[2,2,4,4],"rotation":270,"texture":"#0"},"east":{"uv":[4,2,2,0],"rotation":90,"texture":"#0"},"south":{"uv":[6,2,8,4],"rotation":90,"texture":"#0"},"west":{"uv":[6,0,4,2],"rotation":90,"texture":"#0"},"up":{"uv":[4,2,6,4],"rotation":90,"texture":"#0"},"down":{"uv":[0,2,2,4],"rotation":90,"texture":"#0"}}},{"from":[7.75,3.25,4.75],"to":[14.25,9.75,11.25],"rotation":{"angle":-22.5,"axis":"z","origin":[0,-4,1]},"faces":{"north":{"uv":[2,2,4,4],"rotation":270,"texture":"#1"},"east":{"uv":[4,2,2,0],"rotation":90,"texture":"#1"},"south":{"uv":[6,2,8,4],"rotation":90,"texture":"#1"},"west":{"uv":[6,0,4,2],"rotation":90,"texture":"#1"},"up":{"uv":[4,2,6,4],"rotation":90,"texture":"#1"},"down":{"uv":[0,2,2,4],"rotation":90,"texture":"#1"}}},{"from":[5,1.75,6],"to":[11,3.75,10],"rotation":{"angle":0,"axis":"z","origin":[0,-4,1]},"faces":{"north":{"uv":[4,5,5,8],"rotation":270,"texture":"#0"},"east":{"uv":[7,5,5,4],"texture":"#0"},"south":{"uv":[7,5,8,8],"rotation":90,"texture":"#0"},"west":{"uv":[9,4,7,5],"rotation":180,"texture":"#0"},"up":{"uv":[5,5,7,8],"rotation":90,"texture":"#0"},"down":{"uv":[8,5,10,8],"rotation":90,"texture":"#0"}}},{"from":[4.75,1.5,5.75],"to":[11.25,4,10.25],"rotation":{"angle":0,"axis":"z","origin":[0,-4,1]},"faces":{"north":{"uv":[4,5,5,8],"rotation":270,"texture":"#1"},"east":{"uv":[7,5,5,4],"texture":"#1"},"south":{"uv":[7,5,8,8],"rotation":90,"texture":"#1"},"west":{"uv":[9,4,7,5],"rotation":180,"texture":"#1"},"up":{"uv":[5,5,7,8],"rotation":90,"texture":"#1"},"down":{"uv":[8,5,10,8],"rotation":90,"texture":"#1"}}},{"from":[7.75,-3.5,3.25],"to":[14.25,-1,5.75],"rotation":{"angle":22.5,"axis":"z","origin":[0,-7,1]},"faces":{"north":{"uv":[8,13,9,16],"rotation":270,"texture":"#1"},"east":{"uv":[10,13,9,12],"texture":"#1"},"south":{"uv":[10,13,11,16],"rotation":90,"texture":"#1"},"west":{"uv":[11,12,10,13],"rotation":180,"texture":"#1"},"up":{"uv":[9,13,10,16],"rotation":90,"texture":"#1"},"down":{"uv":[11,13,12,16],"rotation":90,"texture":"#1"}}},{"from":[8,-3.25,3.5],"to":[14,-1.25,5.5],"rotation":{"angle":22.5,"axis":"z","origin":[0,-7,1]},"faces":{"north":{"uv":[10,5,11,8],"rotation":270,"texture":"#0"},"east":{"uv":[12,5,11,4],"texture":"#0"},"south":{"uv":[12,5,13,8],"rotation":90,"texture":"#0"},"west":{"uv":[13,4,12,5],"rotation":180,"texture":"#0"},"up":{"uv":[11,5,12,8],"rotation":90,"texture":"#0"},"down":{"uv":[13,5,14,8],"rotation":90,"texture":"#0"}}},{"from":[-0.25,5,10.25],"to":[6.25,7.5,12.75],"rotation":{"angle":-22.5,"axis":"z","origin":[0,-7,1]},"faces":{"north":{"uv":[12,5,13,8],"rotation":270,"texture":"#1"},"east":{"uv":[12,5,11,4],"texture":"#1"},"south":{"uv":[10,5,11,8],"rotation":90,"texture":"#1"},"west":{"uv":[13,4,12,5],"rotation":180,"texture":"#1"},"up":{"uv":[11,5,12,8],"rotation":90,"texture":"#1"},"down":{"uv":[13,5,14,8],"rotation":90,"texture":"#1"}}},{"from":[0,5.25,10.5],"to":[6,7.25,12.5],"rotation":{"angle":-22.5,"axis":"z","origin":[0,-7,1]},"faces":{"north":{"uv":[10,5,11,8],"rotation":270,"texture":"#0"},"east":{"uv":[12,5,11,4],"texture":"#0"},"south":{"uv":[12,5,13,8],"rotation":90,"texture":"#0"},"west":{"uv":[13,4,12,5],"rotation":180,"texture":"#0"},"up":{"uv":[11,5,12,8],"rotation":90,"texture":"#0"},"down":{"uv":[13,5,14,8],"rotation":90,"texture":"#0"}}},{"from":[-0.25,-0.25,6],"to":[5.75,1.75,8],"rotation":{"angle":22.5,"axis":"z","origin":[0,0,0]},"faces":{"north":{"uv":[0,5,1,8],"rotation":270,"texture":"#0"},"east":{"uv":[2,5,1,4],"texture":"#0"},"south":{"uv":[2,5,3,8],"rotation":90,"texture":"#0"},"west":{"uv":[3,4,2,5],"rotation":180,"texture":"#0"},"up":{"uv":[1,5,2,8],"rotation":90,"texture":"#0"},"down":{"uv":[3,5,4,8],"rotation":90,"texture":"#0"}}},{"from":[-0.5,-0.5,5.75],"to":[6,2,8.25],"rotation":{"angle":22.5,"axis":"z","origin":[0,0,0]},"faces":{"north":{"uv":[0,5,1,8],"rotation":270,"texture":"#1"},"east":{"uv":[2,5,1,4],"texture":"#1"},"south":{"uv":[2,5,3,8],"rotation":90,"texture":"#1"},"west":{"uv":[3,4,2,5],"rotation":180,"texture":"#1"},"up":{"uv":[1,5,2,8],"rotation":90,"texture":"#1"},"down":{"uv":[3,5,4,8],"rotation":90,"texture":"#1"}}},{"from":[4.5,0.5,7.75],"to":[7,7,10.25],"rotation":{"angle":22.5,"axis":"z","origin":[0,0,0]},"faces":{"north":{"uv":[4,13,5,16],"rotation":180,"texture":"#1"},"east":{"uv":[5,13,6,16],"rotation":180,"texture":"#1"},"south":{"uv":[6,13,7,16],"rotation":180,"texture":"#1"},"west":{"uv":[7,13,8,16],"rotation":180,"texture":"#1"},"up":{"uv":[7,12,6,13],"rotation":270,"texture":"#1"},"down":{"uv":[6,13,5,12],"rotation":90,"texture":"#1"}}},{"from":[4.75,0.75,8],"to":[6.75,6.75,10],"rotation":{"angle":22.5,"axis":"z","origin":[0,0,0]},"faces":{"north":{"uv":[0.25,5,1.25,8],"rotation":180,"texture":"#0"},"east":{"uv":[1.25,5,2.25,8],"rotation":180,"texture":"#0"},"south":{"uv":[2.25,5,3.25,8],"rotation":180,"texture":"#0"},"west":{"uv":[3.25,5,4.25,8],"rotation":180,"texture":"#0"},"up":{"uv":[3.25,4,2.25,5],"rotation":270,"texture":"#0"},"down":{"uv":[2.25,5,1.25,4],"rotation":90,"texture":"#0"}}}],"display":{"thirdperson_righthand":{"rotation":[75,45,0],"translation":[0,1.5,1],"scale":[0.375,0.375,0.375]},"thirdperson_lefthand":{"rotation":[75,45,0],"translation":[0,1.5,1],"scale":[0.375,0.375,0.375]},"firstperson_righthand":{"rotation":[0,45,0],"translation":[0,1,0],"scale":[0.4,0.4,0.4]},"firstperson_lefthand":{"rotation":[0,45,0],"translation":[0,1,0],"scale":[0.4,0.4,0.4]},"ground":{"translation":[0,3,0],"scale":[0.25,0.25,0.25]},"gui":{"rotation":[30,135,0],"translation":[0,2.5,0],"scale":[0.625,0.625,0.625]},"head":{"translation":[1.25,16.5,-2.75],"scale":[1.5,1.5,1.5]},"fixed":{"scale":[0.5,0.5,0.5]}}}