{"credit":"By KeepMeow","texture_size":[48,32],"textures":{"0":"./entities/fox/fox"},"elements":[{"from":[5,3.5,-5.5],"to":[13,9.5,0.5],"rotation":{"angle":-22.5,"axis":"y","origin":[0,0,0]},"faces":{"north":{"uv":[2.33333,5.5,5,8.5],"texture":"#0"},"east":{"uv":[0.33333,5.5,2.33333,8.5],"texture":"#0"},"south":{"uv":[7,5.5,9.66667,8.5],"texture":"#0"},"west":{"uv":[5,5.5,7,8.5],"texture":"#0"},"up":{"uv":[5,5.5,2.33333,2.5],"texture":"#0"},"down":{"uv":[7.66667,2.5,5,5.5],"texture":"#0"}}},{"from":[5,9.5,-4.5],"to":[7,11.5,-3.5],"rotation":{"angle":-22.5,"axis":"y","origin":[0,0,0]},"faces":{"north":{"uv":[5.33333,1,6,2],"texture":"#0"},"east":{"uv":[5,1,5.33333,2],"texture":"#0"},"south":{"uv":[6.33333,1,7,2],"texture":"#0"},"west":{"uv":[6,1,6.33333,2],"texture":"#0"},"up":{"uv":[6,1,5.33333,0.5],"texture":"#0"},"down":{"uv":[6.66667,0.5,6,1],"texture":"#0"}}},{"from":[11,9.5,-4.5],"to":[13,11.5,-3.5],"rotation":{"angle":-22.5,"axis":"y","origin":[0,0,0]},"faces":{"north":{"uv":[3,1,3.66667,2],"texture":"#0"},"east":{"uv":[2.66667,1,3,2],"texture":"#0"},"south":{"uv":[4,1,4.66667,2],"texture":"#0"},"west":{"uv":[3.66667,1,4,2],"texture":"#0"},"up":{"uv":[3.66667,1,3,0.5],"texture":"#0"},"down":{"uv":[4.33333,0.5,3.66667,1],"texture":"#0"}}},{"from":[7,3.5,-8.5],"to":[11,5.5,-5.5],"rotation":{"angle":-22.5,"axis":"y","origin":[0,0,0]},"faces":{"north":{"uv":[3,10.5,4.33333,11.5],"texture":"#0"},"east":{"uv":[2,10.5,3,11.5],"texture":"#0"},"south":{"uv":[5.33333,10.5,6.66667,11.5],"texture":"#0"},"west":{"uv":[4.33333,10.5,5.33333,11.5],"texture":"#0"},"up":{"uv":[4.33333,10.5,3,9],"texture":"#0"},"down":{"uv":[5.66667,9,4.33333,10.5],"texture":"#0"}}},{"from":[5,4.5,3.5],"to":[11,10.5,14.5],"faces":{"north":{"uv":[12,10.5,10,7.5],"rotation":180,"texture":"#0"},"east":{"uv":[8,10.5,10,16],"rotation":90,"texture":"#0"},"south":{"uv":[14,7.5,12,10.5],"texture":"#0"},"west":{"uv":[12,10.5,14,16],"rotation":270,"texture":"#0"},"up":{"uv":[14,10.5,16,16],"texture":"#0"},"down":{"uv":[10,10.5,12,16],"rotation":180,"texture":"#0"}}},{"from":[9.001,-5,12],"to":[11.001,1,14],"rotation":{"angle":-22.5,"axis":"x","origin":[0,0,0]},"faces":{"north":{"uv":[5,13,5.66667,16],"texture":"#0"},"east":{"uv":[4.33333,13,5,16],"texture":"#0"},"south":{"uv":[6.33333,13,7,16],"texture":"#0"},"west":{"uv":[5.66667,13,6.33333,16],"texture":"#0"},"up":{"uv":[5.66667,13,5,12],"texture":"#0"},"down":{"uv":[6.33333,12,5.66667,13],"texture":"#0"}}},{"from":[4.999,-5,12],"to":[6.999,1,14],"rotation":{"angle":-22.5,"axis":"x","origin":[0,0,0]},"faces":{"north":{"uv":[2,13,2.66667,16],"texture":"#0"},"east":{"uv":[1.33333,13,2,16],"texture":"#0"},"south":{"uv":[3.33333,13,4,16],"texture":"#0"},"west":{"uv":[2.66667,13,3.33333,16],"texture":"#0"},"up":{"uv":[2.66667,13,2,12],"texture":"#0"},"down":{"uv":[3.33333,12,2.66667,13],"texture":"#0"}}},{"from":[9.001,2,2],"to":[11.001,8,4],"rotation":{"angle":22.5,"axis":"x","origin":[0,0,0]},"faces":{"north":{"uv":[5,13,5.66667,16],"texture":"#0"},"east":{"uv":[4.33333,13,5,16],"texture":"#0"},"south":{"uv":[6.33333,13,7,16],"texture":"#0"},"west":{"uv":[5.66667,13,6.33333,16],"texture":"#0"},"up":{"uv":[5.66667,13,5,12],"texture":"#0"},"down":{"uv":[6.33333,12,5.66667,13],"texture":"#0"}}},{"from":[4.999,2,2],"to":[6.999,8,4],"rotation":{"angle":22.5,"axis":"x","origin":[0,0,0]},"faces":{"north":{"uv":[2,13,2.66667,16],"texture":"#0"},"east":{"uv":[1.33333,13,2,16],"texture":"#0"},"south":{"uv":[3.33333,13,4,16],"texture":"#0"},"west":{"uv":[2.66667,13,3.33333,16],"texture":"#0"},"up":{"uv":[2.66667,13,2,12],"texture":"#0"},"down":{"uv":[3.33333,12,2.66667,13],"texture":"#0"}}},{"from":[6,10.5,9.5],"to":[10,15.5,18.5],"rotation":{"angle":22.5,"axis":"x","origin":[0,0,0]},"faces":{"north":{"uv":[13,2.5,11.66667,0],"rotation":180,"texture":"#0"},"east":{"uv":[10,2.5,11.66667,7],"rotation":90,"texture":"#0"},"south":{"uv":[14.33333,0,13,2.5],"texture":"#0"},"west":{"uv":[13,2.5,14.66667,7],"rotation":270,"texture":"#0"},"up":{"uv":[14.66667,2.5,16,7],"texture":"#0"},"down":{"uv":[11.66667,2.5,13,7],"rotation":180,"texture":"#0"}}}],"display":{"thirdperson_righthand":{"rotation":[75,45,0],"translation":[0,2.5,0],"scale":[0.375,0.375,0.375]},"thirdperson_lefthand":{"rotation":[75,45,0],"translation":[0,2.5,0],"scale":[0.375,0.375,0.375]},"firstperson_righthand":{"rotation":[0,45,0],"scale":[0.4,0.4,0.4]},"firstperson_lefthand":{"rotation":[0,45,0],"scale":[0.4,0.4,0.4]},"ground":{"translation":[0,3,0],"scale":[0.25,0.25,0.25]},"gui":{"rotation":[30,225,0],"scale":[0.625,0.625,0.625]},"head":{"translation":[0,12.25,-1],"scale":[1.5,1.5,1.5]},"fixed":{"scale":[0.5,0.5,0.5]}}}