{"credit":"By KeepMeow","texture_size":[64,64],"textures":{"0":"./pets/animation/guardian_anim1_pet","1":"./pets/animation/guardian_anim2_pet","2":"./pets/animation/guardian_anim3_pet","3":"./pets/animation/guardian_anim4_pet"},"elements":[{"from":[7,5.5,-12.5],"to":[9,7.5,-3.5],"rotation":{"angle":-45,"axis":"x","origin":[0,0,0]},"faces":{"north":{"uv":[1,0.5,0.5,0],"rotation":180,"texture":"#0"},"east":{"uv":[0,0.5,0.5,2.75],"rotation":90,"texture":"#0"},"south":{"uv":[1.5,0,1,0.5],"texture":"#0"},"west":{"uv":[1,0.5,1.5,2.75],"rotation":270,"texture":"#0"},"up":{"uv":[1.5,0.5,2,2.75],"texture":"#0"},"down":{"uv":[0.5,0.5,1,2.75],"rotation":180,"texture":"#0"}}},{"from":[2,2,-9],"to":[14,14,7],"faces":{"north":{"uv":[4,4,7,7],"texture":"#0"},"east":{"uv":[0,4,4,7],"texture":"#0"},"south":{"uv":[11,4,14,7],"texture":"#0"},"west":{"uv":[7,4,11,7],"texture":"#0"},"up":{"uv":[7,4,4,0],"texture":"#0"},"down":{"uv":[10,0,7,4],"texture":"#0"}}},{"from":[0,2,-7],"to":[2,14,5],"shade":false,"faces":{"north":{"uv":[3.5,10,3,13],"texture":"#0"},"east":{"uv":[6.5,10,3.5,13],"texture":"#0"},"south":{"uv":[7,10,6.5,13],"texture":"#0"},"west":{"uv":[3,10,0,13],"texture":"#0"},"up":{"uv":[3,10,3.5,7],"texture":"#0"},"down":{"uv":[3.5,7,4,10],"texture":"#0"}}},{"from":[2,14,-7],"to":[14,16,5],"faces":{"north":{"uv":[7,13,10,13.5],"texture":"#0"},"east":{"uv":[4,13,7,13.5],"texture":"#0"},"south":{"uv":[13,13,16,13.5],"texture":"#0"},"west":{"uv":[10,13,13,13.5],"texture":"#0"},"up":{"uv":[10,13,7,10],"texture":"#0"},"down":{"uv":[13,10,10,13],"texture":"#0"}}},{"from":[2,0,-7],"to":[14,2,5],"faces":{"north":{"uv":[7,13,10,13.5],"texture":"#0"},"east":{"uv":[4,13,7,13.5],"texture":"#0"},"south":{"uv":[13,13,16,13.5],"texture":"#0"},"west":{"uv":[10,13,13,13.5],"texture":"#0"},"up":{"uv":[10,13,7,10],"texture":"#0"},"down":{"uv":[13,10,10,13],"texture":"#0"}}},{"from":[14,2,-7],"to":[16,14,5],"faces":{"north":{"uv":[3,10,3.5,13],"texture":"#0"},"east":{"uv":[0,10,3,13],"texture":"#0"},"south":{"uv":[6.5,10,7,13],"texture":"#0"},"west":{"uv":[3.5,10,6.5,13],"texture":"#0"},"up":{"uv":[3.5,10,3,7],"texture":"#0"},"down":{"uv":[4,7,3.5,10],"texture":"#0"}}},{"from":[7,6.5,-9.25],"to":[9,8.5,-8.25],"faces":{"north":{"uv":[2.25,0.25,2.75,0.75],"texture":"#0"},"east":{"uv":[2,0.25,2.25,0.75],"texture":"#0"},"south":{"uv":[3,0.25,3.5,0.75],"texture":"#0"},"west":{"uv":[2.75,0.25,3,0.75],"texture":"#0"},"up":{"uv":[2.75,0.25,2.25,0],"texture":"#0"},"down":{"uv":[3.25,0,2.75,0.25],"texture":"#0"}}},{"from":[8,3.5,23],"to":[8,12.5,32],"faces":{"north":{"uv":[8.5,7,8.75,9.25],"texture":"#0"},"east":{"uv":[6.25,7,8.5,9.25],"texture":"#0"},"south":{"uv":[11,7,11.25,9.25],"texture":"#0"},"west":{"uv":[8.5,7,6.25,9.25],"texture":"#0"},"up":{"uv":[8.75,7,8.5,4.75],"texture":"#0"},"down":{"uv":[9,4.75,8.75,7],"texture":"#0"}}},{"from":[7,7,20],"to":[9,9,26],"faces":{"north":{"uv":[11.75,9.5,12.25,10],"texture":"#0"},"east":{"uv":[10.25,9.5,11.75,10],"texture":"#0"},"south":{"uv":[13.75,9.5,14.25,10],"texture":"#0"},"west":{"uv":[12.25,9.5,13.75,10],"texture":"#0"},"up":{"uv":[12.25,9.5,11.75,8],"texture":"#0"},"down":{"uv":[12.75,8,12.25,9.5],"texture":"#0"}}},{"from":[6,6,7],"to":[10,10,15],"faces":{"north":{"uv":[12,2,13,3],"texture":"#0"},"east":{"uv":[10,2,12,3],"texture":"#0"},"south":{"uv":[15,2,16,3],"texture":"#0"},"west":{"uv":[13,2,15,3],"texture":"#0"},"up":{"uv":[13,2,12,0],"texture":"#0"},"down":{"uv":[14,0,13,2],"texture":"#0"}}},{"from":[6.5,6.5,14],"to":[9.5,9.5,21],"faces":{"north":{"uv":[1.75,15.25,2.5,16],"texture":"#0"},"east":{"uv":[0,15.25,1.75,16],"texture":"#0"},"south":{"uv":[4.25,15.25,5,16],"texture":"#0"},"west":{"uv":[2.5,15.25,4.25,16],"texture":"#0"},"up":{"uv":[2.5,15.25,1.75,13.5],"texture":"#0"},"down":{"uv":[3.25,13.5,2.5,15.25],"texture":"#0"}}},{"from":[5.5,7,13],"to":[7.5,9,22],"rotation":{"angle":45,"axis":"y","origin":[0,0,0]},"faces":{"north":{"uv":[1.5,0,1,0.5],"rotation":180,"texture":"#0"},"east":{"uv":[0,0.5,0.5,2.75],"rotation":270,"texture":"#0"},"south":{"uv":[1,0.5,0.5,0],"texture":"#0"},"west":{"uv":[1,0.5,1.5,2.75],"rotation":90,"texture":"#0"},"up":{"uv":[0.5,0.5,1,2.75],"rotation":180,"texture":"#0"},"down":{"uv":[1.5,0.5,2,2.75],"texture":"#0"}}},{"from":[15,7,4],"to":[24,9,6],"rotation":{"angle":45,"axis":"y","origin":[0,0,0]},"faces":{"north":{"uv":[0,0.5,0.5,2.75],"rotation":270,"texture":"#0"},"east":{"uv":[1,0.5,0.5,0],"texture":"#0"},"south":{"uv":[1,0.5,1.5,2.75],"rotation":90,"texture":"#0"},"west":{"uv":[1.5,0,1,0.5],"rotation":180,"texture":"#0"},"up":{"uv":[0.5,0.5,1,2.75],"rotation":90,"texture":"#0"},"down":{"uv":[1.5,0.5,2,2.75],"rotation":90,"texture":"#0"}}},{"from":[7,4,2],"to":[9,6,11],"rotation":{"angle":45,"axis":"x","origin":[0,0,0]},"faces":{"north":{"uv":[1.5,0,1,0.5],"rotation":180,"texture":"#0"},"east":{"uv":[0,0.5,0.5,2.75],"rotation":270,"texture":"#0"},"south":{"uv":[1,0.5,0.5,0],"texture":"#0"},"west":{"uv":[1,0.5,1.5,2.75],"rotation":90,"texture":"#0"},"up":{"uv":[0.5,0.5,1,2.75],"rotation":180,"texture":"#0"},"down":{"uv":[1.5,0.5,2,2.75],"texture":"#0"}}},{"from":[4,7,2],"to":[6,9,11],"rotation":{"angle":-45,"axis":"y","origin":[0,0,0]},"faces":{"north":{"uv":[1.5,0,1,0.5],"rotation":270,"texture":"#0"},"east":{"uv":[1.5,0.5,2,2.75],"rotation":270,"texture":"#0"},"south":{"uv":[1,0.5,0.5,0],"rotation":270,"texture":"#0"},"west":{"uv":[0.5,0.5,1,2.75],"rotation":90,"texture":"#0"},"up":{"uv":[0,0.5,0.5,2.75],"rotation":180,"texture":"#0"},"down":{"uv":[1,0.5,1.5,2.75],"texture":"#0"}}},{"from":[7,13.5,-7.25],"to":[9,22.5,-5.25],"rotation":{"angle":45,"axis":"x","origin":[0,0,0]},"faces":{"north":{"uv":[0.5,0.5,1,2.75],"texture":"#0"},"east":{"uv":[0,0.5,0.5,2.75],"texture":"#0"},"south":{"uv":[1.5,0.5,2,2.75],"texture":"#0"},"west":{"uv":[1,0.5,1.5,2.75],"texture":"#0"},"up":{"uv":[1,0.5,0.5,0],"texture":"#0"},"down":{"uv":[1.5,0,1,0.5],"texture":"#0"}}},{"from":[-6.25,-1,-2],"to":[2.75,1,0],"rotation":{"angle":45,"axis":"z","origin":[0,0,0]},"faces":{"north":{"uv":[0.5,0.5,1,2.75],"rotation":90,"texture":"#0"},"east":{"uv":[1.5,0,1,0.5],"rotation":270,"texture":"#0"},"south":{"uv":[1.5,0.5,2,2.75],"rotation":270,"texture":"#0"},"west":{"uv":[1,0.5,0.5,0],"rotation":270,"texture":"#0"},"up":{"uv":[0,0.5,0.5,2.75],"rotation":270,"texture":"#0"},"down":{"uv":[1,0.5,1.5,2.75],"rotation":270,"texture":"#0"}}},{"from":[8.5,10.5,-3],"to":[17.5,12.5,-1],"rotation":{"angle":-45,"axis":"z","origin":[0,0,0]},"faces":{"north":{"uv":[0.5,0.5,1,2.75],"rotation":270,"texture":"#0"},"east":{"uv":[1,0.5,0.5,0],"rotation":90,"texture":"#0"},"south":{"uv":[1.5,0.5,2,2.75],"rotation":90,"texture":"#0"},"west":{"uv":[1.5,0,1,0.5],"rotation":90,"texture":"#0"},"up":{"uv":[1,0.5,1.5,2.75],"rotation":90,"texture":"#0"},"down":{"uv":[0,0.5,0.5,2.75],"rotation":90,"texture":"#0"}}},{"from":[-12.5,7,-7.5],"to":[-3.5,9,-5.5],"rotation":{"angle":-45,"axis":"y","origin":[0,0,0]},"faces":{"north":{"uv":[0.5,0.5,1,2.75],"rotation":90,"texture":"#0"},"east":{"uv":[1.5,0,1,0.5],"rotation":270,"texture":"#0"},"south":{"uv":[1.5,0.5,2,2.75],"rotation":270,"texture":"#0"},"west":{"uv":[1,0.5,0.5,0],"rotation":270,"texture":"#0"},"up":{"uv":[0,0.5,0.5,2.75],"rotation":270,"texture":"#0"},"down":{"uv":[1,0.5,1.5,2.75],"rotation":270,"texture":"#0"}}},{"from":[10.25,8,-2],"to":[12.25,17,0],"rotation":{"angle":45,"axis":"z","origin":[0,0,0]},"faces":{"north":{"uv":[0.5,0.5,1,2.75],"texture":"#0"},"east":{"uv":[0,0.5,0.5,2.75],"texture":"#0"},"south":{"uv":[1.5,0.5,2,2.75],"texture":"#0"},"west":{"uv":[1,0.5,1.5,2.75],"texture":"#0"},"up":{"uv":[1,0.5,0.5,0],"texture":"#0"},"down":{"uv":[1.5,0,1,0.5],"texture":"#0"}}},{"from":[7,14.75,4],"to":[9,23.75,6],"rotation":{"angle":-45,"axis":"x","origin":[0,0,0]},"faces":{"north":{"uv":[0.5,0.5,1,2.75],"texture":"#0"},"east":{"uv":[0,0.5,0.5,2.75],"texture":"#0"},"south":{"uv":[1.5,0.5,2,2.75],"texture":"#0"},"west":{"uv":[1,0.5,1.5,2.75],"texture":"#0"},"up":{"uv":[1,0.5,0.5,0],"texture":"#0"},"down":{"uv":[1.5,0,1,0.5],"texture":"#0"}}},{"from":[-1,19.75,-2],"to":[1,28.75,0],"rotation":{"angle":-45,"axis":"z","origin":[0,0,0]},"faces":{"north":{"uv":[0.5,0.5,1,2.75],"texture":"#0"},"east":{"uv":[0,0.5,0.5,2.75],"texture":"#0"},"south":{"uv":[1.5,0.5,2,2.75],"texture":"#0"},"west":{"uv":[1,0.5,1.5,2.75],"texture":"#0"},"up":{"uv":[1,0.5,0.5,0],"texture":"#0"},"down":{"uv":[1.5,0,1,0.5],"texture":"#0"}}},{"from":[7,5.5,-9.5],"to":[9,7.5,-0.5],"rotation":{"angle":-45,"axis":"x","origin":[0,0,0]},"faces":{"north":{"uv":[1,0.5,0.5,0],"rotation":180,"texture":"#1"},"east":{"uv":[0,0.5,0.5,2.75],"rotation":90,"texture":"#1"},"south":{"uv":[1.5,0,1,0.5],"texture":"#1"},"west":{"uv":[1,0.5,1.5,2.75],"rotation":270,"texture":"#1"},"up":{"uv":[1.5,0.5,2,2.75],"texture":"#1"},"down":{"uv":[0.5,0.5,1,2.75],"rotation":180,"texture":"#1"}}},{"from":[2,2,-9],"to":[14,14,7],"faces":{"north":{"uv":[4,4,7,7],"texture":"#1"},"east":{"uv":[0,4,4,7],"texture":"#1"},"south":{"uv":[11,4,14,7],"texture":"#1"},"west":{"uv":[7,4,11,7],"texture":"#1"},"up":{"uv":[7,4,4,0],"texture":"#1"},"down":{"uv":[10,0,7,4],"texture":"#1"}}},{"from":[0,2,-7],"to":[2,14,5],"shade":false,"faces":{"north":{"uv":[3.5,10,3,13],"texture":"#1"},"east":{"uv":[6.5,10,3.5,13],"texture":"#1"},"south":{"uv":[7,10,6.5,13],"texture":"#1"},"west":{"uv":[3,10,0,13],"texture":"#1"},"up":{"uv":[3,10,3.5,7],"texture":"#1"},"down":{"uv":[3.5,7,4,10],"texture":"#1"}}},{"from":[2,14,-7],"to":[14,16,5],"faces":{"north":{"uv":[7,13,10,13.5],"texture":"#1"},"east":{"uv":[4,13,7,13.5],"texture":"#1"},"south":{"uv":[13,13,16,13.5],"texture":"#1"},"west":{"uv":[10,13,13,13.5],"texture":"#1"},"up":{"uv":[10,13,7,10],"texture":"#1"},"down":{"uv":[13,10,10,13],"texture":"#1"}}},{"from":[2,0,-7],"to":[14,2,5],"faces":{"north":{"uv":[7,13,10,13.5],"texture":"#1"},"east":{"uv":[4,13,7,13.5],"texture":"#1"},"south":{"uv":[13,13,16,13.5],"texture":"#1"},"west":{"uv":[10,13,13,13.5],"texture":"#1"},"up":{"uv":[10,13,7,10],"texture":"#1"},"down":{"uv":[13,10,10,13],"texture":"#1"}}},{"from":[14,2,-7],"to":[16,14,5],"faces":{"north":{"uv":[3,10,3.5,13],"texture":"#1"},"east":{"uv":[0,10,3,13],"texture":"#1"},"south":{"uv":[6.5,10,7,13],"texture":"#1"},"west":{"uv":[3.5,10,6.5,13],"texture":"#1"},"up":{"uv":[3.5,10,3,7],"texture":"#1"},"down":{"uv":[4,7,3.5,10],"texture":"#1"}}},{"from":[6,6.5,-9.25],"to":[8,8.5,-8.25],"faces":{"north":{"uv":[2.25,0.25,2.75,0.75],"texture":"#1"},"east":{"uv":[2,0.25,2.25,0.75],"texture":"#1"},"south":{"uv":[3,0.25,3.5,0.75],"texture":"#1"},"west":{"uv":[2.75,0.25,3,0.75],"texture":"#1"},"up":{"uv":[2.75,0.25,2.25,0],"texture":"#1"},"down":{"uv":[3.25,0,2.75,0.25],"texture":"#1"}}},{"from":[18,3.5,19.25],"to":[27,12.5,19.25],"faces":{"north":{"uv":[6.25,7,8.5,9.25],"texture":"#1"},"east":{"uv":[11,7,11.25,9.25],"texture":"#1"},"south":{"uv":[8.5,7,6.25,9.25],"texture":"#1"},"west":{"uv":[8.5,7,8.75,9.25],"texture":"#1"},"up":{"uv":[8.75,7,8.5,4.75],"rotation":270,"texture":"#1"},"down":{"uv":[9,4.75,8.75,7],"rotation":90,"texture":"#1"}}},{"from":[20,7,9.25],"to":[26,9,11.25],"rotation":{"angle":-22.5,"axis":"y","origin":[0,0,0]},"faces":{"north":{"uv":[10.25,9.5,11.75,10],"texture":"#1"},"east":{"uv":[13.75,9.5,14.25,10],"texture":"#1"},"south":{"uv":[12.25,9.5,13.75,10],"texture":"#1"},"west":{"uv":[11.75,9.5,12.25,10],"texture":"#1"},"up":{"uv":[12.25,9.5,11.75,8],"rotation":270,"texture":"#1"},"down":{"uv":[12.75,8,12.25,9.5],"rotation":90,"texture":"#1"}}},{"from":[3,6,8],"to":[7,10,16],"rotation":{"angle":22.5,"axis":"y","origin":[0,0,0]},"faces":{"north":{"uv":[12,2,13,3],"texture":"#1"},"east":{"uv":[10,2,12,3],"texture":"#1"},"south":{"uv":[15,2,16,3],"texture":"#1"},"west":{"uv":[13,2,15,3],"texture":"#1"},"up":{"uv":[13,2,12,0],"texture":"#1"},"down":{"uv":[14,0,13,2],"texture":"#1"}}},{"from":[-3,6.5,16],"to":[0,9.5,23],"rotation":{"angle":45,"axis":"y","origin":[0,0,0]},"faces":{"north":{"uv":[1.75,15.25,2.5,16],"texture":"#1"},"east":{"uv":[0,15.25,1.75,16],"texture":"#1"},"south":{"uv":[4.25,15.25,5,16],"texture":"#1"},"west":{"uv":[2.5,15.25,4.25,16],"texture":"#1"},"up":{"uv":[2.5,15.25,1.75,13.5],"texture":"#1"},"down":{"uv":[3.25,13.5,2.5,15.25],"texture":"#1"}}},{"from":[5.5,7,10],"to":[7.5,9,19],"rotation":{"angle":45,"axis":"y","origin":[0,0,0]},"faces":{"north":{"uv":[1.5,0,1,0.5],"rotation":180,"texture":"#1"},"east":{"uv":[0,0.5,0.5,2.75],"rotation":270,"texture":"#1"},"south":{"uv":[1,0.5,0.5,0],"texture":"#1"},"west":{"uv":[1,0.5,1.5,2.75],"rotation":90,"texture":"#1"},"up":{"uv":[0.5,0.5,1,2.75],"rotation":180,"texture":"#1"},"down":{"uv":[1.5,0.5,2,2.75],"texture":"#1"}}},{"from":[12,7,4],"to":[21,9,6],"rotation":{"angle":45,"axis":"y","origin":[0,0,0]},"faces":{"north":{"uv":[0,0.5,0.5,2.75],"rotation":270,"texture":"#1"},"east":{"uv":[1,0.5,0.5,0],"texture":"#1"},"south":{"uv":[1,0.5,1.5,2.75],"rotation":90,"texture":"#1"},"west":{"uv":[1.5,0,1,0.5],"rotation":180,"texture":"#1"},"up":{"uv":[0.5,0.5,1,2.75],"rotation":90,"texture":"#1"},"down":{"uv":[1.5,0.5,2,2.75],"rotation":90,"texture":"#1"}}},{"from":[7,4,-1],"to":[9,6,8],"rotation":{"angle":45,"axis":"x","origin":[0,0,0]},"faces":{"north":{"uv":[1.5,0,1,0.5],"rotation":180,"texture":"#1"},"east":{"uv":[0,0.5,0.5,2.75],"rotation":270,"texture":"#1"},"south":{"uv":[1,0.5,0.5,0],"texture":"#1"},"west":{"uv":[1,0.5,1.5,2.75],"rotation":90,"texture":"#1"},"up":{"uv":[0.5,0.5,1,2.75],"rotation":180,"texture":"#1"},"down":{"uv":[1.5,0.5,2,2.75],"texture":"#1"}}},{"from":[4,7,-1],"to":[6,9,8],"rotation":{"angle":-45,"axis":"y","origin":[0,0,0]},"faces":{"north":{"uv":[1.5,0,1,0.5],"rotation":270,"texture":"#1"},"east":{"uv":[1.5,0.5,2,2.75],"rotation":270,"texture":"#1"},"south":{"uv":[1,0.5,0.5,0],"rotation":270,"texture":"#1"},"west":{"uv":[0.5,0.5,1,2.75],"rotation":90,"texture":"#1"},"up":{"uv":[0,0.5,0.5,2.75],"rotation":180,"texture":"#1"},"down":{"uv":[1,0.5,1.5,2.75],"texture":"#1"}}},{"from":[7,10.5,-7.25],"to":[9,19.5,-5.25],"rotation":{"angle":45,"axis":"x","origin":[0,0,0]},"faces":{"north":{"uv":[0.5,0.5,1,2.75],"texture":"#1"},"east":{"uv":[0,0.5,0.5,2.75],"texture":"#1"},"south":{"uv":[1.5,0.5,2,2.75],"texture":"#1"},"west":{"uv":[1,0.5,1.5,2.75],"texture":"#1"},"up":{"uv":[1,0.5,0.5,0],"texture":"#1"},"down":{"uv":[1.5,0,1,0.5],"texture":"#1"}}},{"from":[-3.25,-1,-2],"to":[5.75,1,0],"rotation":{"angle":45,"axis":"z","origin":[0,0,0]},"faces":{"north":{"uv":[0.5,0.5,1,2.75],"rotation":90,"texture":"#1"},"east":{"uv":[1.5,0,1,0.5],"rotation":270,"texture":"#1"},"south":{"uv":[1.5,0.5,2,2.75],"rotation":270,"texture":"#1"},"west":{"uv":[1,0.5,0.5,0],"rotation":270,"texture":"#1"},"up":{"uv":[0,0.5,0.5,2.75],"rotation":270,"texture":"#1"},"down":{"uv":[1,0.5,1.5,2.75],"rotation":270,"texture":"#1"}}},{"from":[5.5,10.5,-3],"to":[14.5,12.5,-1],"rotation":{"angle":-45,"axis":"z","origin":[0,0,0]},"faces":{"north":{"uv":[0.5,0.5,1,2.75],"rotation":270,"texture":"#1"},"east":{"uv":[1,0.5,0.5,0],"rotation":90,"texture":"#1"},"south":{"uv":[1.5,0.5,2,2.75],"rotation":90,"texture":"#1"},"west":{"uv":[1.5,0,1,0.5],"rotation":90,"texture":"#1"},"up":{"uv":[1,0.5,1.5,2.75],"rotation":90,"texture":"#1"},"down":{"uv":[0,0.5,0.5,2.75],"rotation":90,"texture":"#1"}}},{"from":[-9.5,7,-7.5],"to":[-0.5,9,-5.5],"rotation":{"angle":-45,"axis":"y","origin":[0,0,0]},"faces":{"north":{"uv":[0.5,0.5,1,2.75],"rotation":90,"texture":"#1"},"east":{"uv":[1.5,0,1,0.5],"rotation":270,"texture":"#1"},"south":{"uv":[1.5,0.5,2,2.75],"rotation":270,"texture":"#1"},"west":{"uv":[1,0.5,0.5,0],"rotation":270,"texture":"#1"},"up":{"uv":[0,0.5,0.5,2.75],"rotation":270,"texture":"#1"},"down":{"uv":[1,0.5,1.5,2.75],"rotation":270,"texture":"#1"}}},{"from":[10.25,5,-2],"to":[12.25,14,0],"rotation":{"angle":45,"axis":"z","origin":[0,0,0]},"faces":{"north":{"uv":[0.5,0.5,1,2.75],"texture":"#1"},"east":{"uv":[0,0.5,0.5,2.75],"texture":"#1"},"south":{"uv":[1.5,0.5,2,2.75],"texture":"#1"},"west":{"uv":[1,0.5,1.5,2.75],"texture":"#1"},"up":{"uv":[1,0.5,0.5,0],"texture":"#1"},"down":{"uv":[1.5,0,1,0.5],"texture":"#1"}}},{"from":[7,11.75,4],"to":[9,20.75,6],"rotation":{"angle":-45,"axis":"x","origin":[0,0,0]},"faces":{"north":{"uv":[0.5,0.5,1,2.75],"texture":"#1"},"east":{"uv":[0,0.5,0.5,2.75],"texture":"#1"},"south":{"uv":[1.5,0.5,2,2.75],"texture":"#1"},"west":{"uv":[1,0.5,1.5,2.75],"texture":"#1"},"up":{"uv":[1,0.5,0.5,0],"texture":"#1"},"down":{"uv":[1.5,0,1,0.5],"texture":"#1"}}},{"from":[-1,16.75,-2],"to":[1,25.75,0],"rotation":{"angle":-45,"axis":"z","origin":[0,0,0]},"faces":{"north":{"uv":[0.5,0.5,1,2.75],"texture":"#1"},"east":{"uv":[0,0.5,0.5,2.75],"texture":"#1"},"south":{"uv":[1.5,0.5,2,2.75],"texture":"#1"},"west":{"uv":[1,0.5,1.5,2.75],"texture":"#1"},"up":{"uv":[1,0.5,0.5,0],"texture":"#1"},"down":{"uv":[1.5,0,1,0.5],"texture":"#1"}}},{"from":[7,5.5,-5.5],"to":[9,7.5,3.5],"rotation":{"angle":-45,"axis":"x","origin":[0,0,0]},"faces":{"north":{"uv":[1,0.5,0.5,0],"rotation":180,"texture":"#2"},"east":{"uv":[0,0.5,0.5,2.75],"rotation":90,"texture":"#2"},"south":{"uv":[1.5,0,1,0.5],"texture":"#2"},"west":{"uv":[1,0.5,1.5,2.75],"rotation":270,"texture":"#2"},"up":{"uv":[1.5,0.5,2,2.75],"texture":"#2"},"down":{"uv":[0.5,0.5,1,2.75],"rotation":180,"texture":"#2"}}},{"from":[2,2,-9],"to":[14,14,7],"faces":{"north":{"uv":[4,4,7,7],"texture":"#2"},"east":{"uv":[0,4,4,7],"texture":"#2"},"south":{"uv":[11,4,14,7],"texture":"#2"},"west":{"uv":[7,4,11,7],"texture":"#2"},"up":{"uv":[7,4,4,0],"texture":"#2"},"down":{"uv":[10,0,7,4],"texture":"#2"}}},{"from":[0,2,-7],"to":[2,14,5],"shade":false,"faces":{"north":{"uv":[3.5,10,3,13],"texture":"#2"},"east":{"uv":[6.5,10,3.5,13],"texture":"#2"},"south":{"uv":[7,10,6.5,13],"texture":"#2"},"west":{"uv":[3,10,0,13],"texture":"#2"},"up":{"uv":[3,10,3.5,7],"texture":"#2"},"down":{"uv":[3.5,7,4,10],"texture":"#2"}}},{"from":[2,14,-7],"to":[14,16,5],"faces":{"north":{"uv":[7,13,10,13.5],"texture":"#2"},"east":{"uv":[4,13,7,13.5],"texture":"#2"},"south":{"uv":[13,13,16,13.5],"texture":"#2"},"west":{"uv":[10,13,13,13.5],"texture":"#2"},"up":{"uv":[10,13,7,10],"texture":"#2"},"down":{"uv":[13,10,10,13],"texture":"#2"}}},{"from":[2,0,-7],"to":[14,2,5],"faces":{"north":{"uv":[7,13,10,13.5],"texture":"#2"},"east":{"uv":[4,13,7,13.5],"texture":"#2"},"south":{"uv":[13,13,16,13.5],"texture":"#2"},"west":{"uv":[10,13,13,13.5],"texture":"#2"},"up":{"uv":[10,13,7,10],"texture":"#2"},"down":{"uv":[13,10,10,13],"texture":"#2"}}},{"from":[14,2,-7],"to":[16,14,5],"faces":{"north":{"uv":[3,10,3.5,13],"texture":"#2"},"east":{"uv":[0,10,3,13],"texture":"#2"},"south":{"uv":[6.5,10,7,13],"texture":"#2"},"west":{"uv":[3.5,10,6.5,13],"texture":"#2"},"up":{"uv":[3.5,10,3,7],"texture":"#2"},"down":{"uv":[4,7,3.5,10],"texture":"#2"}}},{"from":[7,6.5,-9.25],"to":[9,8.5,-8.25],"faces":{"north":{"uv":[2.25,0.25,2.75,0.75],"texture":"#2"},"east":{"uv":[2,0.25,2.25,0.75],"texture":"#2"},"south":{"uv":[3,0.25,3.5,0.75],"texture":"#2"},"west":{"uv":[2.75,0.25,3,0.75],"texture":"#2"},"up":{"uv":[2.75,0.25,2.25,0],"texture":"#2"},"down":{"uv":[3.25,0,2.75,0.25],"texture":"#2"}}},{"from":[8,3.5,23],"to":[8,12.5,32],"faces":{"north":{"uv":[8.5,7,8.75,9.25],"texture":"#2"},"east":{"uv":[6.25,7,8.5,9.25],"texture":"#2"},"south":{"uv":[11,7,11.25,9.25],"texture":"#2"},"west":{"uv":[8.5,7,6.25,9.25],"texture":"#2"},"up":{"uv":[8.75,7,8.5,4.75],"texture":"#2"},"down":{"uv":[9,4.75,8.75,7],"texture":"#2"}}},{"from":[7,7,20],"to":[9,9,26],"faces":{"north":{"uv":[11.75,9.5,12.25,10],"texture":"#2"},"east":{"uv":[10.25,9.5,11.75,10],"texture":"#2"},"south":{"uv":[13.75,9.5,14.25,10],"texture":"#2"},"west":{"uv":[12.25,9.5,13.75,10],"texture":"#2"},"up":{"uv":[12.25,9.5,11.75,8],"texture":"#2"},"down":{"uv":[12.75,8,12.25,9.5],"texture":"#2"}}},{"from":[6,6,7],"to":[10,10,15],"faces":{"north":{"uv":[12,2,13,3],"texture":"#2"},"east":{"uv":[10,2,12,3],"texture":"#2"},"south":{"uv":[15,2,16,3],"texture":"#2"},"west":{"uv":[13,2,15,3],"texture":"#2"},"up":{"uv":[13,2,12,0],"texture":"#2"},"down":{"uv":[14,0,13,2],"texture":"#2"}}},{"from":[6.5,6.5,14],"to":[9.5,9.5,21],"faces":{"north":{"uv":[1.75,15.25,2.5,16],"texture":"#2"},"east":{"uv":[0,15.25,1.75,16],"texture":"#2"},"south":{"uv":[4.25,15.25,5,16],"texture":"#2"},"west":{"uv":[2.5,15.25,4.25,16],"texture":"#2"},"up":{"uv":[2.5,15.25,1.75,13.5],"texture":"#2"},"down":{"uv":[3.25,13.5,2.5,15.25],"texture":"#2"}}},{"from":[5.5,7,6.5],"to":[7.5,9,15.5],"rotation":{"angle":45,"axis":"y","origin":[0,0,0]},"faces":{"north":{"uv":[1.5,0,1,0.5],"rotation":180,"texture":"#2"},"east":{"uv":[0,0.5,0.5,2.75],"rotation":270,"texture":"#2"},"south":{"uv":[1,0.5,0.5,0],"texture":"#2"},"west":{"uv":[1,0.5,1.5,2.75],"rotation":90,"texture":"#2"},"up":{"uv":[0.5,0.5,1,2.75],"rotation":180,"texture":"#2"},"down":{"uv":[1.5,0.5,2,2.75],"texture":"#2"}}},{"from":[8,7,4],"to":[17,9,6],"rotation":{"angle":45,"axis":"y","origin":[0,0,0]},"faces":{"north":{"uv":[0,0.5,0.5,2.75],"rotation":270,"texture":"#2"},"east":{"uv":[1,0.5,0.5,0],"texture":"#2"},"south":{"uv":[1,0.5,1.5,2.75],"rotation":90,"texture":"#2"},"west":{"uv":[1.5,0,1,0.5],"rotation":180,"texture":"#2"},"up":{"uv":[0.5,0.5,1,2.75],"rotation":90,"texture":"#2"},"down":{"uv":[1.5,0.5,2,2.75],"rotation":90,"texture":"#2"}}},{"from":[7,4,-5],"to":[9,6,4],"rotation":{"angle":45,"axis":"x","origin":[0,0,0]},"faces":{"north":{"uv":[1.5,0,1,0.5],"rotation":180,"texture":"#2"},"east":{"uv":[0,0.5,0.5,2.75],"rotation":270,"texture":"#2"},"south":{"uv":[1,0.5,0.5,0],"texture":"#2"},"west":{"uv":[1,0.5,1.5,2.75],"rotation":90,"texture":"#2"},"up":{"uv":[0.5,0.5,1,2.75],"rotation":180,"texture":"#2"},"down":{"uv":[1.5,0.5,2,2.75],"texture":"#2"}}},{"from":[4,7,-5],"to":[6,9,4],"rotation":{"angle":-45,"axis":"y","origin":[0,0,0]},"faces":{"north":{"uv":[1.5,0,1,0.5],"rotation":270,"texture":"#2"},"east":{"uv":[1.5,0.5,2,2.75],"rotation":270,"texture":"#2"},"south":{"uv":[1,0.5,0.5,0],"rotation":270,"texture":"#2"},"west":{"uv":[0.5,0.5,1,2.75],"rotation":90,"texture":"#2"},"up":{"uv":[0,0.5,0.5,2.75],"rotation":180,"texture":"#2"},"down":{"uv":[1,0.5,1.5,2.75],"texture":"#2"}}},{"from":[7,6.5,-7.25],"to":[9,15.5,-5.25],"rotation":{"angle":45,"axis":"x","origin":[0,0,0]},"faces":{"north":{"uv":[0.5,0.5,1,2.75],"texture":"#2"},"east":{"uv":[0,0.5,0.5,2.75],"texture":"#2"},"south":{"uv":[1.5,0.5,2,2.75],"texture":"#2"},"west":{"uv":[1,0.5,1.5,2.75],"texture":"#2"},"up":{"uv":[1,0.5,0.5,0],"texture":"#2"},"down":{"uv":[1.5,0,1,0.5],"texture":"#2"}}},{"from":[0.75,-1,-2],"to":[9.75,1,0],"rotation":{"angle":45,"axis":"z","origin":[0,0,0]},"faces":{"north":{"uv":[0.5,0.5,1,2.75],"rotation":90,"texture":"#2"},"east":{"uv":[1.5,0,1,0.5],"rotation":270,"texture":"#2"},"south":{"uv":[1.5,0.5,2,2.75],"rotation":270,"texture":"#2"},"west":{"uv":[1,0.5,0.5,0],"rotation":270,"texture":"#2"},"up":{"uv":[0,0.5,0.5,2.75],"rotation":270,"texture":"#2"},"down":{"uv":[1,0.5,1.5,2.75],"rotation":270,"texture":"#2"}}},{"from":[1.5,10.5,-3],"to":[10.5,12.5,-1],"rotation":{"angle":-45,"axis":"z","origin":[0,0,0]},"faces":{"north":{"uv":[0.5,0.5,1,2.75],"rotation":270,"texture":"#2"},"east":{"uv":[1,0.5,0.5,0],"rotation":90,"texture":"#2"},"south":{"uv":[1.5,0.5,2,2.75],"rotation":90,"texture":"#2"},"west":{"uv":[1.5,0,1,0.5],"rotation":90,"texture":"#2"},"up":{"uv":[1,0.5,1.5,2.75],"rotation":90,"texture":"#2"},"down":{"uv":[0,0.5,0.5,2.75],"rotation":90,"texture":"#2"}}},{"from":[-5.5,7,-7.5],"to":[3.5,9,-5.5],"rotation":{"angle":-45,"axis":"y","origin":[0,0,0]},"faces":{"north":{"uv":[0.5,0.5,1,2.75],"rotation":90,"texture":"#2"},"east":{"uv":[1.5,0,1,0.5],"rotation":270,"texture":"#2"},"south":{"uv":[1.5,0.5,2,2.75],"rotation":270,"texture":"#2"},"west":{"uv":[1,0.5,0.5,0],"rotation":270,"texture":"#2"},"up":{"uv":[0,0.5,0.5,2.75],"rotation":270,"texture":"#2"},"down":{"uv":[1,0.5,1.5,2.75],"rotation":270,"texture":"#2"}}},{"from":[10.25,1.5,-2],"to":[12.25,10.5,0],"rotation":{"angle":45,"axis":"z","origin":[0,0,0]},"faces":{"north":{"uv":[0.5,0.5,1,2.75],"texture":"#2"},"east":{"uv":[0,0.5,0.5,2.75],"texture":"#2"},"south":{"uv":[1.5,0.5,2,2.75],"texture":"#2"},"west":{"uv":[1,0.5,1.5,2.75],"texture":"#2"},"up":{"uv":[1,0.5,0.5,0],"texture":"#2"},"down":{"uv":[1.5,0,1,0.5],"texture":"#2"}}},{"from":[7,7.75,4],"to":[9,16.75,6],"rotation":{"angle":-45,"axis":"x","origin":[0,0,0]},"faces":{"north":{"uv":[0.5,0.5,1,2.75],"texture":"#2"},"east":{"uv":[0,0.5,0.5,2.75],"texture":"#2"},"south":{"uv":[1.5,0.5,2,2.75],"texture":"#2"},"west":{"uv":[1,0.5,1.5,2.75],"texture":"#2"},"up":{"uv":[1,0.5,0.5,0],"texture":"#2"},"down":{"uv":[1.5,0,1,0.5],"texture":"#2"}}},{"from":[-1,12.75,-2],"to":[1,21.75,0],"rotation":{"angle":-45,"axis":"z","origin":[0,0,0]},"faces":{"north":{"uv":[0.5,0.5,1,2.75],"texture":"#2"},"east":{"uv":[0,0.5,0.5,2.75],"texture":"#2"},"south":{"uv":[1.5,0.5,2,2.75],"texture":"#2"},"west":{"uv":[1,0.5,1.5,2.75],"texture":"#2"},"up":{"uv":[1,0.5,0.5,0],"texture":"#2"},"down":{"uv":[1.5,0,1,0.5],"texture":"#2"}}},{"from":[7,5.5,-9.5],"to":[9,7.5,-0.5],"rotation":{"angle":-45,"axis":"x","origin":[0,0,0]},"faces":{"north":{"uv":[1,0.5,0.5,0],"rotation":180,"texture":"#3"},"east":{"uv":[0,0.5,0.5,2.75],"rotation":90,"texture":"#3"},"south":{"uv":[1.5,0,1,0.5],"texture":"#3"},"west":{"uv":[1,0.5,1.5,2.75],"rotation":270,"texture":"#3"},"up":{"uv":[1.5,0.5,2,2.75],"texture":"#3"},"down":{"uv":[0.5,0.5,1,2.75],"rotation":180,"texture":"#3"}}},{"from":[2,2,-9],"to":[14,14,7],"faces":{"north":{"uv":[4,4,7,7],"texture":"#3"},"east":{"uv":[0,4,4,7],"texture":"#3"},"south":{"uv":[11,4,14,7],"texture":"#3"},"west":{"uv":[7,4,11,7],"texture":"#3"},"up":{"uv":[7,4,4,0],"texture":"#3"},"down":{"uv":[10,0,7,4],"texture":"#3"}}},{"from":[0,2,-7],"to":[2,14,5],"shade":false,"faces":{"north":{"uv":[3.5,10,3,13],"texture":"#3"},"east":{"uv":[6.5,10,3.5,13],"texture":"#3"},"south":{"uv":[7,10,6.5,13],"texture":"#3"},"west":{"uv":[3,10,0,13],"texture":"#3"},"up":{"uv":[3,10,3.5,7],"texture":"#3"},"down":{"uv":[3.5,7,4,10],"texture":"#3"}}},{"from":[2,14,-7],"to":[14,16,5],"faces":{"north":{"uv":[7,13,10,13.5],"texture":"#3"},"east":{"uv":[4,13,7,13.5],"texture":"#3"},"south":{"uv":[13,13,16,13.5],"texture":"#3"},"west":{"uv":[10,13,13,13.5],"texture":"#3"},"up":{"uv":[10,13,7,10],"texture":"#3"},"down":{"uv":[13,10,10,13],"texture":"#3"}}},{"from":[2,0,-7],"to":[14,2,5],"faces":{"north":{"uv":[7,13,10,13.5],"texture":"#3"},"east":{"uv":[4,13,7,13.5],"texture":"#3"},"south":{"uv":[13,13,16,13.5],"texture":"#3"},"west":{"uv":[10,13,13,13.5],"texture":"#3"},"up":{"uv":[10,13,7,10],"texture":"#3"},"down":{"uv":[13,10,10,13],"texture":"#3"}}},{"from":[14,2,-7],"to":[16,14,5],"faces":{"north":{"uv":[3,10,3.5,13],"texture":"#3"},"east":{"uv":[0,10,3,13],"texture":"#3"},"south":{"uv":[6.5,10,7,13],"texture":"#3"},"west":{"uv":[3.5,10,6.5,13],"texture":"#3"},"up":{"uv":[3.5,10,3,7],"texture":"#3"},"down":{"uv":[4,7,3.5,10],"texture":"#3"}}},{"from":[8,6.5,-9.25],"to":[10,8.5,-8.25],"faces":{"north":{"uv":[2.25,0.25,2.75,0.75],"texture":"#3"},"east":{"uv":[2,0.25,2.25,0.75],"texture":"#3"},"south":{"uv":[3,0.25,3.5,0.75],"texture":"#3"},"west":{"uv":[2.75,0.25,3,0.75],"texture":"#3"},"up":{"uv":[2.75,0.25,2.25,0],"texture":"#3"},"down":{"uv":[3.25,0,2.75,0.25],"texture":"#3"}}},{"from":[5.5,7,10],"to":[7.5,9,19],"rotation":{"angle":45,"axis":"y","origin":[0,0,0]},"faces":{"north":{"uv":[1.5,0,1,0.5],"rotation":180,"texture":"#3"},"east":{"uv":[0,0.5,0.5,2.75],"rotation":270,"texture":"#3"},"south":{"uv":[1,0.5,0.5,0],"texture":"#3"},"west":{"uv":[1,0.5,1.5,2.75],"rotation":90,"texture":"#3"},"up":{"uv":[0.5,0.5,1,2.75],"rotation":180,"texture":"#3"},"down":{"uv":[1.5,0.5,2,2.75],"texture":"#3"}}},{"from":[12,7,4],"to":[21,9,6],"rotation":{"angle":45,"axis":"y","origin":[0,0,0]},"faces":{"north":{"uv":[0,0.5,0.5,2.75],"rotation":270,"texture":"#3"},"east":{"uv":[1,0.5,0.5,0],"texture":"#3"},"south":{"uv":[1,0.5,1.5,2.75],"rotation":90,"texture":"#3"},"west":{"uv":[1.5,0,1,0.5],"rotation":180,"texture":"#3"},"up":{"uv":[0.5,0.5,1,2.75],"rotation":90,"texture":"#3"},"down":{"uv":[1.5,0.5,2,2.75],"rotation":90,"texture":"#3"}}},{"from":[7,4,-1],"to":[9,6,8],"rotation":{"angle":45,"axis":"x","origin":[0,0,0]},"faces":{"north":{"uv":[1.5,0,1,0.5],"rotation":180,"texture":"#3"},"east":{"uv":[0,0.5,0.5,2.75],"rotation":270,"texture":"#3"},"south":{"uv":[1,0.5,0.5,0],"texture":"#3"},"west":{"uv":[1,0.5,1.5,2.75],"rotation":90,"texture":"#3"},"up":{"uv":[0.5,0.5,1,2.75],"rotation":180,"texture":"#3"},"down":{"uv":[1.5,0.5,2,2.75],"texture":"#3"}}},{"from":[4,7,-1],"to":[6,9,8],"rotation":{"angle":-45,"axis":"y","origin":[0,0,0]},"faces":{"north":{"uv":[1.5,0,1,0.5],"rotation":270,"texture":"#3"},"east":{"uv":[1.5,0.5,2,2.75],"rotation":270,"texture":"#3"},"south":{"uv":[1,0.5,0.5,0],"rotation":270,"texture":"#3"},"west":{"uv":[0.5,0.5,1,2.75],"rotation":90,"texture":"#3"},"up":{"uv":[0,0.5,0.5,2.75],"rotation":180,"texture":"#3"},"down":{"uv":[1,0.5,1.5,2.75],"texture":"#3"}}},{"from":[7,10.5,-7.25],"to":[9,19.5,-5.25],"rotation":{"angle":45,"axis":"x","origin":[0,0,0]},"faces":{"north":{"uv":[0.5,0.5,1,2.75],"texture":"#3"},"east":{"uv":[0,0.5,0.5,2.75],"texture":"#3"},"south":{"uv":[1.5,0.5,2,2.75],"texture":"#3"},"west":{"uv":[1,0.5,1.5,2.75],"texture":"#3"},"up":{"uv":[1,0.5,0.5,0],"texture":"#3"},"down":{"uv":[1.5,0,1,0.5],"texture":"#3"}}},{"from":[-3.25,-1,-2],"to":[5.75,1,0],"rotation":{"angle":45,"axis":"z","origin":[0,0,0]},"faces":{"north":{"uv":[0.5,0.5,1,2.75],"rotation":90,"texture":"#3"},"east":{"uv":[1.5,0,1,0.5],"rotation":270,"texture":"#3"},"south":{"uv":[1.5,0.5,2,2.75],"rotation":270,"texture":"#3"},"west":{"uv":[1,0.5,0.5,0],"rotation":270,"texture":"#3"},"up":{"uv":[0,0.5,0.5,2.75],"rotation":270,"texture":"#3"},"down":{"uv":[1,0.5,1.5,2.75],"rotation":270,"texture":"#3"}}},{"from":[5.5,10.5,-3],"to":[14.5,12.5,-1],"rotation":{"angle":-45,"axis":"z","origin":[0,0,0]},"faces":{"north":{"uv":[0.5,0.5,1,2.75],"rotation":270,"texture":"#3"},"east":{"uv":[1,0.5,0.5,0],"rotation":90,"texture":"#3"},"south":{"uv":[1.5,0.5,2,2.75],"rotation":90,"texture":"#3"},"west":{"uv":[1.5,0,1,0.5],"rotation":90,"texture":"#3"},"up":{"uv":[1,0.5,1.5,2.75],"rotation":90,"texture":"#3"},"down":{"uv":[0,0.5,0.5,2.75],"rotation":90,"texture":"#3"}}},{"from":[-9.5,7,-7.5],"to":[-0.5,9,-5.5],"rotation":{"angle":-45,"axis":"y","origin":[0,0,0]},"faces":{"north":{"uv":[0.5,0.5,1,2.75],"rotation":90,"texture":"#3"},"east":{"uv":[1.5,0,1,0.5],"rotation":270,"texture":"#3"},"south":{"uv":[1.5,0.5,2,2.75],"rotation":270,"texture":"#3"},"west":{"uv":[1,0.5,0.5,0],"rotation":270,"texture":"#3"},"up":{"uv":[0,0.5,0.5,2.75],"rotation":270,"texture":"#3"},"down":{"uv":[1,0.5,1.5,2.75],"rotation":270,"texture":"#3"}}},{"from":[10.25,5,-2],"to":[12.25,14,0],"rotation":{"angle":45,"axis":"z","origin":[0,0,0]},"faces":{"north":{"uv":[0.5,0.5,1,2.75],"texture":"#3"},"east":{"uv":[0,0.5,0.5,2.75],"texture":"#3"},"south":{"uv":[1.5,0.5,2,2.75],"texture":"#3"},"west":{"uv":[1,0.5,1.5,2.75],"texture":"#3"},"up":{"uv":[1,0.5,0.5,0],"texture":"#3"},"down":{"uv":[1.5,0,1,0.5],"texture":"#3"}}},{"from":[7,11.75,4],"to":[9,20.75,6],"rotation":{"angle":-45,"axis":"x","origin":[0,0,0]},"faces":{"north":{"uv":[0.5,0.5,1,2.75],"texture":"#3"},"east":{"uv":[0,0.5,0.5,2.75],"texture":"#3"},"south":{"uv":[1.5,0.5,2,2.75],"texture":"#3"},"west":{"uv":[1,0.5,1.5,2.75],"texture":"#3"},"up":{"uv":[1,0.5,0.5,0],"texture":"#3"},"down":{"uv":[1.5,0,1,0.5],"texture":"#3"}}},{"from":[-1,16.75,-2],"to":[1,25.75,0],"rotation":{"angle":-45,"axis":"z","origin":[0,0,0]},"faces":{"north":{"uv":[0.5,0.5,1,2.75],"texture":"#3"},"east":{"uv":[0,0.5,0.5,2.75],"texture":"#3"},"south":{"uv":[1.5,0.5,2,2.75],"texture":"#3"},"west":{"uv":[1,0.5,1.5,2.75],"texture":"#3"},"up":{"uv":[1,0.5,0.5,0],"texture":"#3"},"down":{"uv":[1.5,0,1,0.5],"texture":"#3"}}},{"from":[-11.75,3.5,19.5],"to":[-2.75,12.5,19.5],"faces":{"north":{"uv":[8.5,7,6.25,9.25],"texture":"#3"},"east":{"uv":[8.5,7,8.75,9.25],"texture":"#3"},"south":{"uv":[6.25,7,8.5,9.25],"texture":"#3"},"west":{"uv":[11,7,11.25,9.25],"texture":"#3"},"up":{"uv":[8.75,7,8.5,4.75],"rotation":90,"texture":"#3"},"down":{"uv":[9,4.75,8.75,7],"rotation":270,"texture":"#3"}}},{"from":[-11.75,7,15.5],"to":[-5.75,9,17.5],"rotation":{"angle":22.5,"axis":"y","origin":[0,0,0]},"faces":{"north":{"uv":[12.25,9.5,13.75,10],"texture":"#3"},"east":{"uv":[11.75,9.5,12.25,10],"texture":"#3"},"south":{"uv":[10.25,9.5,11.75,10],"texture":"#3"},"west":{"uv":[13.75,9.5,14.25,10],"texture":"#3"},"up":{"uv":[12.25,9.5,11.75,8],"rotation":90,"texture":"#3"},"down":{"uv":[12.75,8,12.25,9.5],"rotation":270,"texture":"#3"}}},{"from":[8,6,2],"to":[12,10,10],"rotation":{"angle":-22.5,"axis":"y","origin":[0,0,0]},"faces":{"north":{"uv":[12,2,13,3],"texture":"#3"},"east":{"uv":[10,2,12,3],"texture":"#3"},"south":{"uv":[15,2,16,3],"texture":"#3"},"west":{"uv":[13,2,15,3],"texture":"#3"},"up":{"uv":[13,2,12,0],"texture":"#3"},"down":{"uv":[14,0,13,2],"texture":"#3"}}},{"from":[11.5,6.5,5],"to":[14.5,9.5,12],"rotation":{"angle":-45,"axis":"y","origin":[0,0,0]},"faces":{"north":{"uv":[1.75,15.25,2.5,16],"texture":"#3"},"east":{"uv":[0,15.25,1.75,16],"texture":"#3"},"south":{"uv":[4.25,15.25,5,16],"texture":"#3"},"west":{"uv":[2.5,15.25,4.25,16],"texture":"#3"},"up":{"uv":[2.5,15.25,1.75,13.5],"texture":"#3"},"down":{"uv":[3.25,13.5,2.5,15.25],"texture":"#3"}}}],"display":{"thirdperson_righthand":{"rotation":[75,45,0],"translation":[2,1,0],"scale":[0.375,0.375,0.375]},"thirdperson_lefthand":{"rotation":[75,45,0],"translation":[2,1,0],"scale":[0.375,0.375,0.375]},"firstperson_righthand":{"rotation":[0,45,0],"translation":[3,0,0],"scale":[0.4,0.4,0.4]},"firstperson_lefthand":{"rotation":[0,45,0],"translation":[3,0,0],"scale":[0.4,0.4,0.4]},"ground":{"translation":[0,4,0],"scale":[0.25,0.25,0.25]},"gui":{"rotation":[30,225,0],"translation":[-0.5,0.5,0],"scale":[0.35,0.35,0.35]},"head":{"translation":[16,24,-8],"scale":[1.3,1.3,1.3]},"fixed":{"scale":[0.5,0.5,0.5]}},"groups":[{"name":"group","origin":[0,0,0],"color":0,"children":[0,1,2,3,4,5,6,7,8,9,10,11,12,13,14,15,16,17,18,19,20,21]},{"name":"group","origin":[0,0,0],"color":0,"children":[22,23,24,25,26,27,28,29,30,31,32,33,34,35,36,37,38,39,40,41,42,43]},{"name":"group","origin":[0,0,0],"color":0,"children":[44,45,46,47,48,49,50,51,52,53,54,55,56,57,58,59,60,61,62,63,64,65]},{"name":"group","origin":[0,0,0],"color":0,"children":[66,67,68,69,70,71,72,73,74,75,76,77,78,79,80,81,82,83,84,85,86,87]}]}