{"credit":"By KeepMeow","texture_size":[128,128],"textures":{"0":"./pets/static/rascal_pet"},"elements":[{"from":[7,5.5,-0.25],"to":[9,6.5,-0.25],"faces":{"north":{"uv":[5.75,0,6,0.125],"texture":"#0"},"east":{"uv":[5.75,0,5.75,0.125],"texture":"#0"},"south":{"uv":[6,0,6.25,0.125],"texture":"#0"},"west":{"uv":[6,0,6,0.125],"texture":"#0"},"up":{"uv":[6,0,5.75,0],"texture":"#0"},"down":{"uv":[6.25,0,6,0],"texture":"#0"}}},{"from":[3.75,2.75,-0.25],"to":[12.25,12.25,8.25],"faces":{"north":{"uv":[4.75,5.75,5.75,6.875],"texture":"#0"},"east":{"uv":[3.75,5.75,4.75,6.875],"texture":"#0"},"south":{"uv":[6.75,5.75,7.75,6.875],"texture":"#0"},"west":{"uv":[5.75,5.75,6.75,6.875],"texture":"#0"},"up":{"uv":[5.75,5.75,4.75,4.75],"texture":"#0"},"down":{"uv":[6.75,4.75,5.75,5.75],"texture":"#0"}}},{"from":[4,5,0],"to":[12,12,8],"faces":{"north":{"uv":[6.25,1,7.25,1.875],"texture":"#0"},"east":{"uv":[5.25,1,6.25,1.875],"texture":"#0"},"south":{"uv":[8.25,1,9.25,1.875],"texture":"#0"},"west":{"uv":[7.25,1,8.25,1.875],"texture":"#0"},"up":{"uv":[7.25,1,6.25,0],"texture":"#0"},"down":{"uv":[8.25,0,7.25,1],"texture":"#0"}}},{"from":[1.75,-1.25,6.75],"to":[14.25,14.25,16.25],"faces":{"north":{"uv":[1.125,1.125,2.625,3],"texture":"#0"},"east":{"uv":[0,1.125,1.125,3],"texture":"#0"},"south":{"uv":[3.75,1.125,5.25,3],"texture":"#0"},"west":{"uv":[2.625,1.125,3.75,3],"texture":"#0"},"up":{"uv":[2.625,1.125,1.125,0],"texture":"#0"},"down":{"uv":[4.125,0,2.625,1.125],"texture":"#0"}}},{"from":[9.75,2.75,7.75],"to":[14.25,7.25,17.25],"rotation":{"angle":22.5,"axis":"y","origin":[0,0,0]},"faces":{"north":{"uv":[9.75,6.875,9.25,7.375],"rotation":180,"texture":"#0"},"east":{"uv":[8.25,7.375,8.75,8.5],"rotation":270,"texture":"#0"},"south":{"uv":[9.25,7.375,8.75,6.875],"texture":"#0"},"west":{"uv":[9.25,7.375,9.75,8.5],"rotation":90,"texture":"#0"},"up":{"uv":[8.75,7.375,9.25,8.5],"rotation":180,"texture":"#0"},"down":{"uv":[9.75,7.375,10.25,8.5],"texture":"#0"}}},{"from":[10,3,8],"to":[14,7,17],"rotation":{"angle":22.5,"axis":"y","origin":[0,0,0]},"faces":{"north":{"uv":[1.5,7.375,1,7.875],"rotation":180,"texture":"#0"},"east":{"uv":[0,7.875,0.5,9],"rotation":270,"texture":"#0"},"south":{"uv":[1,7.875,0.5,7.375],"texture":"#0"},"west":{"uv":[1,7.875,1.5,9],"rotation":90,"texture":"#0"},"up":{"uv":[0.5,7.875,1,9],"rotation":180,"texture":"#0"},"down":{"uv":[1.5,7.875,2,9],"texture":"#0"}}},{"from":[0.75,2.75,1.75],"to":[5.25,7.25,11.25],"rotation":{"angle":-22.5,"axis":"y","origin":[0,0,0]},"faces":{"north":{"uv":[9.75,6.875,9.25,7.375],"rotation":180,"texture":"#0"},"east":{"uv":[8.25,7.375,8.75,8.5],"rotation":270,"texture":"#0"},"south":{"uv":[9.25,7.375,8.75,6.875],"texture":"#0"},"west":{"uv":[9.25,7.375,9.75,8.5],"rotation":90,"texture":"#0"},"up":{"uv":[8.75,7.375,9.25,8.5],"rotation":180,"texture":"#0"},"down":{"uv":[9.75,7.375,10.25,8.5],"texture":"#0"}}},{"from":[1,3,2],"to":[5,7,11],"rotation":{"angle":-22.5,"axis":"y","origin":[0,0,0]},"faces":{"north":{"uv":[7.75,6.875,7.25,7.375],"rotation":180,"texture":"#0"},"east":{"uv":[6.25,7.375,6.75,8.5],"rotation":270,"texture":"#0"},"south":{"uv":[7.25,7.375,6.75,6.875],"texture":"#0"},"west":{"uv":[7.25,7.375,7.75,8.5],"rotation":90,"texture":"#0"},"up":{"uv":[6.75,7.375,7.25,8.5],"rotation":180,"texture":"#0"},"down":{"uv":[7.75,7.375,8.25,8.5],"texture":"#0"}}},{"from":[2.75,8.75,16.25],"to":[9.25,11.25,21.75],"faces":{"north":{"uv":[0.625,6.375,1.375,6.625],"texture":"#0"},"east":{"uv":[0,6.375,0.625,6.625],"texture":"#0"},"south":{"uv":[2,6.375,2.75,6.625],"texture":"#0"},"west":{"uv":[1.375,6.375,2,6.625],"texture":"#0"},"up":{"uv":[1.375,6.375,0.625,5.75],"texture":"#0"},"down":{"uv":[2.125,5.75,1.375,6.375],"texture":"#0"}}},{"from":[3,3,16.5],"to":[9,11,21.5],"faces":{"north":{"uv":[0.625,6.375,1.375,7.375],"texture":"#0"},"east":{"uv":[0,6.375,0.625,7.375],"texture":"#0"},"south":{"uv":[2,6.375,2.75,7.375],"texture":"#0"},"west":{"uv":[1.375,6.375,2,7.375],"texture":"#0"},"up":{"uv":[1.375,6.375,0.625,5.75],"texture":"#0"},"down":{"uv":[2.125,5.75,1.375,6.375],"texture":"#0"}}},{"from":[4,3,8],"to":[12,14,16],"faces":{"north":{"uv":[5.75,3,6.75,4.375],"texture":"#0"},"east":{"uv":[4.75,3,5.75,4.375],"texture":"#0"},"south":{"uv":[7.75,3,8.75,4.375],"texture":"#0"},"west":{"uv":[6.75,3,7.75,4.375],"texture":"#0"},"up":{"uv":[6.75,3,5.75,2],"texture":"#0"},"down":{"uv":[7.75,2,6.75,3],"texture":"#0"}}},{"name":"right_leg","from":[13,-2,-4],"to":[17,2,5],"rotation":{"angle":-45,"axis":"y","origin":[4.5,12,2]},"faces":{"north":{"uv":[5.75,6.875,5.25,7.375],"rotation":180,"texture":"#0"},"east":{"uv":[4.25,7.375,4.75,8.5],"rotation":270,"texture":"#0"},"south":{"uv":[5.25,7.375,4.75,6.875],"texture":"#0"},"west":{"uv":[5.25,7.375,5.75,8.5],"rotation":90,"texture":"#0"},"up":{"uv":[4.75,7.375,5.25,8.5],"rotation":180,"texture":"#0"},"down":{"uv":[5.75,7.375,6.25,8.5],"texture":"#0"}}},{"from":[-3,-2,1],"to":[1,2,10],"rotation":{"angle":45,"axis":"y","origin":[4.5,12,2]},"faces":{"north":{"uv":[3.75,6.875,3.25,7.375],"rotation":180,"texture":"#0"},"east":{"uv":[2.25,7.375,2.75,8.5],"rotation":270,"texture":"#0"},"south":{"uv":[3.25,7.375,2.75,6.875],"texture":"#0"},"west":{"uv":[3.25,7.375,3.75,8.5],"rotation":90,"texture":"#0"},"up":{"uv":[2.75,7.375,3.25,8.5],"rotation":180,"texture":"#0"},"down":{"uv":[3.75,7.375,4.25,8.5],"texture":"#0"}}},{"from":[1.95,-3.05,7.95],"to":[14.05,12.05,15.05],"faces":{"north":{"uv":[0.875,3.875,2.375,5.75],"texture":"#0"},"east":{"uv":[0,3.875,0.875,5.75],"texture":"#0"},"south":{"uv":[3.25,3.875,4.75,5.75],"texture":"#0"},"west":{"uv":[2.375,3.875,3.25,5.75],"texture":"#0"},"up":{"uv":[2.375,3.875,0.875,3],"texture":"#0"},"down":{"uv":[3.875,3,2.375,3.875],"texture":"#0"}}}],"display":{"thirdperson_righthand":{"rotation":[75,45,0],"translation":[0,2.5,0],"scale":[0.25,0.25,0.25]},"thirdperson_lefthand":{"rotation":[75,45,0],"translation":[0,2.5,0],"scale":[0.25,0.25,0.25]},"firstperson_righthand":{"rotation":[0,45,0],"translation":[0,1,0],"scale":[0.35,0.35,0.35]},"firstperson_lefthand":{"rotation":[0,45,0],"translation":[0,1,0],"scale":[0.35,0.35,0.35]},"ground":{"translation":[0,3,0],"scale":[0.2,0.2,0.2]},"gui":{"rotation":[30,225,0],"scale":[0.5,0.5,0.5]},"head":{"translation":[0,12,5],"scale":[1.5,1.5,1.5]},"fixed":{"scale":[0.5,0.5,0.5]}}}