{"credit":"By KeepMeow","texture_size":[64,64],"textures":{"0":"./pets/static/sheep_rainbow"},"elements":[{"from":[5,7.25,-4],"to":[11,13.25,4],"rotation":{"angle":0,"axis":"x","origin":[0,0.25,0]},"faces":{"north":{"uv":[2,2,3.5,3.5],"texture":"#0"},"east":{"uv":[0,2,2,3.5],"texture":"#0"},"south":{"uv":[5.5,2,7,3.5],"texture":"#0"},"west":{"uv":[3.5,2,5.5,3.5],"texture":"#0"},"up":{"uv":[3.5,2,2,0],"texture":"#0"},"down":{"uv":[5,0,3.5,2],"texture":"#0"}}},{"from":[5,1.25,5],"to":[11,6.25,15],"rotation":{"angle":-22.5,"axis":"x","origin":[0,0.25,0]},"faces":{"north":{"uv":[10.75,11.5,8.75,10],"rotation":180,"texture":"#0"},"east":{"uv":[7,11.5,8.5,15.5],"rotation":90,"texture":"#0"},"south":{"uv":[12.75,10,10.75,11.5],"texture":"#0"},"west":{"uv":[10.5,11.5,12,15.5],"rotation":270,"texture":"#0"},"up":{"uv":[12,11.5,14,15.5],"texture":"#0"},"down":{"uv":[8.5,11.5,10.5,15.5],"rotation":180,"texture":"#0"}}},{"from":[4.4,6.65,-2.6],"to":[11.6,13.85,4.6],"rotation":{"angle":0,"axis":"x","origin":[0,0.25,0]},"faces":{"north":{"uv":[1.5,9.5,3,11],"texture":"#0"},"east":{"uv":[0,9.5,1.5,11],"texture":"#0"},"south":{"uv":[4.5,9.5,6,11],"texture":"#0"},"west":{"uv":[3,9.5,4.5,11],"texture":"#0"},"up":{"uv":[3,9.5,1.5,8],"texture":"#0"},"down":{"uv":[4.5,8,3,9.5],"texture":"#0"}}},{"from":[6,2.25,6],"to":[10,5.25,14],"rotation":{"angle":-22.5,"axis":"x","origin":[0,0.25,0]},"faces":{"north":{"uv":[10.5,3.5,8.5,2],"rotation":180,"texture":"#0"},"east":{"uv":[7,3.5,8.5,7.5],"rotation":90,"texture":"#0"},"south":{"uv":[12.5,2,10.5,3.5],"texture":"#0"},"west":{"uv":[10.5,3.5,12,7.5],"rotation":270,"texture":"#0"},"up":{"uv":[12,3.5,14,7.5],"texture":"#0"},"down":{"uv":[8.5,3.5,10.5,7.5],"rotation":180,"texture":"#0"}}},{"from":[5.25,3.75,0.75],"to":[7.75,7.75,3.25],"rotation":{"angle":22.5,"axis":"x","origin":[0,0.25,0]},"faces":{"north":{"uv":[1,13,2,14.5],"texture":"#0"},"east":{"uv":[0,13,1,14.5],"texture":"#0"},"south":{"uv":[3,13,4,14.5],"texture":"#0"},"west":{"uv":[2,13,3,14.5],"texture":"#0"},"up":{"uv":[2,13,1,12],"texture":"#0"},"down":{"uv":[3,12,2,13],"texture":"#0"}}},{"from":[8.25,3.75,0.75],"to":[10.75,7.75,3.25],"rotation":{"angle":22.5,"axis":"x","origin":[0,0.25,0]},"faces":{"north":{"uv":[1,13,2,14.5],"texture":"#0"},"east":{"uv":[0,13,1,14.5],"texture":"#0"},"south":{"uv":[3,13,4,14.5],"texture":"#0"},"west":{"uv":[2,13,3,14.5],"texture":"#0"},"up":{"uv":[2,13,1,12],"texture":"#0"},"down":{"uv":[3,12,2,13],"texture":"#0"}}},{"from":[5.25,2.75,10.25],"to":[7.75,6.75,12.75],"rotation":{"angle":0,"axis":"y","origin":[0,0.25,0]},"faces":{"north":{"uv":[1,13,2,14.5],"texture":"#0"},"east":{"uv":[0,13,1,14.5],"texture":"#0"},"south":{"uv":[3,13,4,14.5],"texture":"#0"},"west":{"uv":[2,13,3,14.5],"texture":"#0"},"up":{"uv":[2,13,1,12],"texture":"#0"},"down":{"uv":[3,12,2,13],"texture":"#0"}}},{"from":[8.25,2.75,10.25],"to":[10.75,6.75,12.75],"rotation":{"angle":0,"axis":"y","origin":[0,0.25,0]},"faces":{"north":{"uv":[1,13,2,14.5],"texture":"#0"},"east":{"uv":[0,13,1,14.5],"texture":"#0"},"south":{"uv":[3,13,4,14.5],"texture":"#0"},"west":{"uv":[2,13,3,14.5],"texture":"#0"},"up":{"uv":[2,13,1,12],"texture":"#0"},"down":{"uv":[3,12,2,13],"texture":"#0"}}},{"from":[8.5,1.25,1],"to":[10.5,7.25,3],"rotation":{"angle":22.5,"axis":"x","origin":[0,0.25,0]},"faces":{"north":{"uv":[1,5,2,8],"texture":"#0"},"east":{"uv":[0,5,1,8],"texture":"#0"},"south":{"uv":[3,5,4,8],"texture":"#0"},"west":{"uv":[2,5,3,8],"texture":"#0"},"up":{"uv":[2,5,1,4],"texture":"#0"},"down":{"uv":[3,4,2,5],"texture":"#0"}}},{"from":[5.5,1.25,1],"to":[7.5,7.25,3],"rotation":{"angle":22.5,"axis":"x","origin":[0,0.25,0]},"faces":{"north":{"uv":[1,5,2,8],"texture":"#0"},"east":{"uv":[0,5,1,8],"texture":"#0"},"south":{"uv":[3,5,4,8],"texture":"#0"},"west":{"uv":[2,5,3,8],"texture":"#0"},"up":{"uv":[2,5,1,4],"texture":"#0"},"down":{"uv":[3,4,2,5],"texture":"#0"}}},{"from":[8.5,0.25,10.5],"to":[10.5,6.25,12.5],"rotation":{"angle":0,"axis":"y","origin":[0,0.25,0]},"faces":{"north":{"uv":[1,5,2,8],"texture":"#0"},"east":{"uv":[0,5,1,8],"texture":"#0"},"south":{"uv":[3,5,4,8],"texture":"#0"},"west":{"uv":[2,5,3,8],"texture":"#0"},"up":{"uv":[2,5,1,4],"texture":"#0"},"down":{"uv":[3,4,2,5],"texture":"#0"}}},{"from":[5.5,0.25,10.5],"to":[7.5,6.25,12.5],"rotation":{"angle":0,"axis":"y","origin":[0,0.25,0]},"faces":{"north":{"uv":[1,5,2,8],"texture":"#0"},"east":{"uv":[0,5,1,8],"texture":"#0"},"south":{"uv":[3,5,4,8],"texture":"#0"},"west":{"uv":[2,5,3,8],"texture":"#0"},"up":{"uv":[2,5,1,4],"texture":"#0"},"down":{"uv":[3,4,2,5],"texture":"#0"}}}],"display":{"thirdperson_righthand":{"rotation":[75,45,0],"translation":[0,2,0],"scale":[0.375,0.375,0.375]},"thirdperson_lefthand":{"rotation":[75,45,0],"translation":[0,2,0],"scale":[0.375,0.375,0.375]},"firstperson_righthand":{"rotation":[0,45,0],"scale":[0.4,0.4,0.4]},"firstperson_lefthand":{"rotation":[0,45,0],"scale":[0.4,0.4,0.4]},"ground":{"translation":[0,3,0],"scale":[0.25,0.25,0.25]},"gui":{"rotation":[30,225,0],"translation":[-1.5,1.5,0],"scale":[0.725,0.725,0.725]},"head":{"translation":[0,19,1],"scale":[1.5,1.5,1.5]},"fixed":{"scale":[0.5,0.5,0.5]}}}