{"credit":"By KeepMeow","texture_size":[64,32],"textures":{"0":"./entities/skeleton/skeleton"},"elements":[{"from":[5,0,5.25],"to":[11,6,11.25],"rotation":{"angle":0,"axis":"z","origin":[0,-4,1]},"faces":{"north":{"uv":[2,8,4,4],"texture":"#0"},"east":{"uv":[0,8,2,4],"texture":"#0"},"south":{"uv":[6,8,8,4],"texture":"#0"},"west":{"uv":[4,8,6,4],"texture":"#0"},"up":{"uv":[6,4,4,0],"texture":"#0"},"down":{"uv":[4,0,2,4],"texture":"#0"}}},{"from":[18,1.5,7.75],"to":[19,7.5,8.75],"rotation":{"angle":45,"axis":"z","origin":[0,-7,1]},"faces":{"north":{"uv":[1,9,1.5,15],"texture":"#0"},"east":{"uv":[0.5,9,1,15],"texture":"#0"},"south":{"uv":[1.5,9,2,15],"texture":"#0"},"west":{"uv":[0,9,0.5,15],"texture":"#0"},"up":{"uv":[1,9,0.5,8],"texture":"#0"},"down":{"uv":[1.5,8,1,9],"texture":"#0"}}},{"from":[13,-2,7.75],"to":[14,4,8.75],"rotation":{"angle":45,"axis":"z","origin":[0,-7,1]},"faces":{"north":{"uv":[11,9,11.5,15],"texture":"#0"},"east":{"uv":[10.5,9,11,15],"texture":"#0"},"south":{"uv":[11.5,9,12,15],"texture":"#0"},"west":{"uv":[10,9,10.5,15],"texture":"#0"},"up":{"uv":[11,9,10.5,8],"texture":"#0"},"down":{"uv":[11.5,8,11,9],"texture":"#0"}}},{"from":[-7.75,12.75,7.75],"to":[-6.75,18.75,8.75],"rotation":{"angle":-45,"axis":"z","origin":[0,-7,1]},"faces":{"north":{"uv":[1,9,1.5,15],"texture":"#0"},"east":{"uv":[0.5,9,1,15],"texture":"#0"},"south":{"uv":[1.5,9,2,15],"texture":"#0"},"west":{"uv":[0,9,0.5,15],"texture":"#0"},"up":{"uv":[1,9,0.5,8],"texture":"#0"},"down":{"uv":[1.5,8,1,9],"texture":"#0"}}},{"from":[-2.75,9.3,7.75],"to":[-1.75,15.3,8.75],"rotation":{"angle":-45,"axis":"z","origin":[0,-7,1]},"faces":{"north":{"uv":[11,9,11.5,15],"texture":"#0"},"east":{"uv":[10.5,9,11,15],"texture":"#0"},"south":{"uv":[11.5,9,12,15],"texture":"#0"},"west":{"uv":[10,9,10.5,15],"texture":"#0"},"up":{"uv":[11,9,10.5,8],"texture":"#0"},"down":{"uv":[11.5,8,11,9],"texture":"#0"}}},{"from":[6,6,7.25],"to":[10,12,7.25],"rotation":{"angle":0,"axis":"x","origin":[0,-4,1]},"faces":{"north":{"uv":[7,16,5,10],"texture":"#0"},"east":{"uv":[4,5,5,8],"texture":"#0"},"south":{"uv":[5,16,7,10],"texture":"#0"},"west":{"uv":[7,8,8,5],"texture":"#0"},"up":{"uv":[7,5,5,4],"texture":"#0"},"down":{"uv":[9,5,7,4],"texture":"#0"}}},{"from":[10,6,7.25],"to":[10,12,9.25],"rotation":{"angle":0,"axis":"x","origin":[0,-4,1]},"faces":{"north":{"uv":[7,10,5,16],"texture":"#0"},"east":{"uv":[5,16,4,10],"texture":"#0"},"south":{"uv":[5,10,7,16],"texture":"#0"},"west":{"uv":[4,16,5,10],"texture":"#0"},"up":{"uv":[7,5,5,4],"texture":"#0"},"down":{"uv":[9,5,7,4],"texture":"#0"}}},{"from":[6,6,7.25],"to":[6,12,9.25],"rotation":{"angle":0,"axis":"x","origin":[0,-4,1]},"faces":{"north":{"uv":[7,10,5,16],"texture":"#0"},"east":{"uv":[8,16,7,10],"texture":"#0"},"south":{"uv":[5,10,7,16],"texture":"#0"},"west":{"uv":[7,16,8,10],"texture":"#0"},"up":{"uv":[7,5,5,4],"texture":"#0"},"down":{"uv":[9,5,7,4],"texture":"#0"}}},{"from":[6,12,7.25],"to":[10,12,9.25],"rotation":{"angle":0,"axis":"x","origin":[0,-4,1]},"faces":{"north":{"uv":[7,10,5,16],"texture":"#0"},"east":{"uv":[4,5,5,8],"texture":"#0"},"south":{"uv":[5,10,7,16],"texture":"#0"},"west":{"uv":[7,8,8,5],"texture":"#0"},"up":{"uv":[9,10,7,8],"texture":"#0"},"down":{"uv":[9,10,7,8],"texture":"#0"}}},{"from":[6,6,9.25],"to":[10,12,9.25],"rotation":{"angle":0,"axis":"x","origin":[0,-4,1]},"faces":{"north":{"uv":[8,16,10,10],"texture":"#0"},"east":{"uv":[4,5,5,8],"texture":"#0"},"south":{"uv":[10,16,8,10],"texture":"#0"},"west":{"uv":[7,8,8,5],"texture":"#0"},"up":{"uv":[7,5,5,4],"texture":"#0"},"down":{"uv":[9,5,7,4],"texture":"#0"}}}],"display":{"thirdperson_righthand":{"rotation":[75,45,0],"translation":[0,1.5,0],"scale":[0.375,0.375,0.375]},"thirdperson_lefthand":{"rotation":[75,45,0],"translation":[0,1.5,0],"scale":[0.375,0.375,0.375]},"firstperson_righthand":{"rotation":[0,45,0],"scale":[0.4,0.4,0.4]},"firstperson_lefthand":{"rotation":[0,225,0],"scale":[0.4,0.4,0.4]},"ground":{"translation":[0,3,0],"scale":[0.25,0.25,0.25]},"gui":{"rotation":[30,225,0],"scale":[0.7,0.7,0.7]},"head":{"translation":[0,19,-0.25],"scale":[1.5,1.5,1.5]},"fixed":{"scale":[0.5,0.5,0.5]}},"groups":[0,1,2,3,4,{"name":"group","origin":[0,-4,1],"color":0,"children":[5,6,7,8,9]}]}