{"credit":"By KeepMeow","texture_size":[64,32],"textures":{"0":"./entities/skeleton/stray","1":"./entities/skeleton/stray_overlay","2":"block/powder_snow"},"elements":[{"from":[6,1,3],"to":[9,4,6],"faces":{"north":{"uv":[0,0,16,16],"texture":"#2"},"east":{"uv":[0,0,16,16],"texture":"#2"},"south":{"uv":[0,0,16,16],"texture":"#2"},"west":{"uv":[0,0,16,16],"texture":"#2"},"up":{"uv":[0,0,16,16],"texture":"#2"},"down":{"uv":[0,0,16,16],"texture":"#2"}}},{"from":[4.6,7,4.75],"to":[10.6,13,10.75],"rotation":{"angle":0,"axis":"x","origin":[0,-4,1]},"faces":{"north":{"uv":[2,4,4,8],"texture":"#0"},"east":{"uv":[0,4,2,8],"texture":"#0"},"south":{"uv":[6,4,8,8],"texture":"#0"},"west":{"uv":[4,4,6,8],"texture":"#0"},"up":{"uv":[4,4,2,0],"texture":"#0"},"down":{"uv":[6,0,4,4],"texture":"#0"}}},{"from":[4.35,6.75,4.5],"to":[10.85,13.25,11],"rotation":{"angle":0,"axis":"x","origin":[0,-4,1]},"faces":{"north":{"uv":[2,4,4,8],"texture":"#1"},"east":{"uv":[0,4,2,8],"texture":"#1"},"south":{"uv":[6,4,8,8],"texture":"#1"},"west":{"uv":[4,4,6,8],"texture":"#1"},"up":{"uv":[4,4,2,0],"texture":"#1"},"down":{"uv":[6,0,4,4],"texture":"#1"}}},{"from":[9.5,1.5,1.25],"to":[11.5,8.5,3.25],"rotation":{"angle":22.5,"axis":"x","origin":[0,-7,1]},"faces":{"north":{"uv":[11,10,12,16],"texture":"#1"},"east":{"uv":[10,10,11,16],"texture":"#1"},"south":{"uv":[13,10,14,16],"texture":"#1"},"west":{"uv":[10,10,11,16],"texture":"#1"},"up":{"uv":[12,10,11,8],"texture":"#1"},"down":{"uv":[13,8,12,10],"texture":"#1"}}},{"from":[10,2,1.75],"to":[11,8,2.75],"rotation":{"angle":22.5,"axis":"x","origin":[0,-7,1]},"faces":{"north":{"uv":[11,9,11.5,15],"texture":"#0"},"east":{"uv":[10.5,9,11,15],"texture":"#0"},"south":{"uv":[11.5,9,12,15],"texture":"#0"},"west":{"uv":[10,9,10.5,15],"texture":"#0"},"up":{"uv":[11,9,10.5,8],"texture":"#0"},"down":{"uv":[11.5,8,11,9],"texture":"#0"}}},{"from":[4.25,2,1.75],"to":[5.25,8,2.75],"rotation":{"angle":22.5,"axis":"x","origin":[0,-7,1]},"faces":{"north":{"uv":[11,9,11.5,15],"texture":"#0"},"east":{"uv":[10.5,9,11,15],"texture":"#0"},"south":{"uv":[11.5,9,12,15],"texture":"#0"},"west":{"uv":[10,9,10.5,15],"texture":"#0"},"up":{"uv":[11,9,10.5,8],"texture":"#0"},"down":{"uv":[11.5,8,11,9],"texture":"#0"}}},{"from":[3.75,1.5,1.25],"to":[5.75,8.5,3.25],"rotation":{"angle":22.5,"axis":"x","origin":[0,-7,1]},"faces":{"north":{"uv":[11,10,12,16],"texture":"#1"},"east":{"uv":[12,10,13,16],"texture":"#1"},"south":{"uv":[13,10,14,16],"texture":"#1"},"west":{"uv":[10,10,11,16],"texture":"#1"},"up":{"uv":[12,10,11,8],"texture":"#1"},"down":{"uv":[13,8,12,10],"texture":"#1"}}},{"from":[9.25,-0.25,-3.25],"to":[11.25,1.75,3.75],"rotation":{"angle":-22.5,"axis":"y","origin":[0,-7,1]},"faces":{"north":{"uv":[3,8,2,10],"rotation":180,"texture":"#1"},"east":{"uv":[0,10,1,16],"rotation":270,"texture":"#1"},"south":{"uv":[2,12,1,10],"texture":"#1"},"west":{"uv":[3,10,4,16],"rotation":90,"texture":"#1"},"up":{"uv":[1,10,2,16],"rotation":180,"texture":"#1"},"down":{"uv":[3,10,4,16],"texture":"#1"}}},{"from":[9.75,0.25,-2.75],"to":[10.75,1.25,3.25],"rotation":{"angle":-22.5,"axis":"y","origin":[0,-7,1]},"faces":{"north":{"uv":[1.5,8,1,9],"rotation":180,"texture":"#0"},"east":{"uv":[0.5,9,1,15],"rotation":270,"texture":"#0"},"south":{"uv":[1,9,0.5,8],"texture":"#0"},"west":{"uv":[0,9,0.5,15],"rotation":90,"texture":"#0"},"up":{"uv":[1,9,1.5,15],"rotation":180,"texture":"#0"},"down":{"uv":[1.5,9,2,15],"texture":"#0"}}},{"from":[3,0.25,3],"to":[4,1.25,9],"rotation":{"angle":22.5,"axis":"y","origin":[0,-7,1]},"faces":{"north":{"uv":[1.5,8,1,9],"rotation":180,"texture":"#0"},"east":{"uv":[0.5,9,1,15],"rotation":270,"texture":"#0"},"south":{"uv":[1,9,0.5,8],"texture":"#0"},"west":{"uv":[0,9,0.5,15],"rotation":90,"texture":"#0"},"up":{"uv":[1,9,1.5,15],"rotation":180,"texture":"#0"},"down":{"uv":[1.5,9,2,15],"texture":"#0"}}},{"from":[2.5,-0.25,2.5],"to":[4.5,1.75,9.5],"rotation":{"angle":22.5,"axis":"y","origin":[0,-7,1]},"faces":{"north":{"uv":[3,8,2,10],"rotation":180,"texture":"#1"},"east":{"uv":[3,10,4,16],"rotation":270,"texture":"#1"},"south":{"uv":[2,12,1,10],"texture":"#1"},"west":{"uv":[0,10,1,16],"rotation":90,"texture":"#1"},"up":{"uv":[1,10,2,16],"rotation":180,"texture":"#1"},"down":{"uv":[3,10,4,16],"texture":"#1"}}},{"from":[5.5,1,8.75],"to":[9.5,7,8.75],"rotation":{"angle":0,"axis":"x","origin":[0,-4,1]},"faces":{"north":{"uv":[8,10,10,16],"texture":"#0"},"east":{"uv":[4,5,5,8],"texture":"#0"},"south":{"uv":[10,10,8,16],"texture":"#0"},"west":{"uv":[7,5,8,8],"texture":"#0"},"up":{"uv":[7,5,5,4],"texture":"#0"},"down":{"uv":[9,4,7,5],"texture":"#0"}}},{"from":[5.5,1,6.75],"to":[5.5,7,8.75],"rotation":{"angle":0,"axis":"x","origin":[0,-4,1]},"faces":{"north":{"uv":[7,10,5,16],"texture":"#0"},"east":{"uv":[8,10,7,16],"texture":"#0"},"south":{"uv":[5,10,7,16],"texture":"#0"},"west":{"uv":[7,10,8,16],"texture":"#0"},"up":{"uv":[7,5,5,4],"texture":"#0"},"down":{"uv":[9,4,7,5],"texture":"#0"}}},{"from":[9.5,1,6.75],"to":[9.5,7,8.75],"rotation":{"angle":0,"axis":"x","origin":[0,-4,1]},"faces":{"north":{"uv":[7,10,5,16],"texture":"#0"},"east":{"uv":[5,10,4,16],"texture":"#0"},"south":{"uv":[5,10,7,16],"texture":"#0"},"west":{"uv":[4,10,5,16],"texture":"#0"},"up":{"uv":[7,5,5,4],"texture":"#0"},"down":{"uv":[9,4,7,5],"texture":"#0"}}},{"from":[5.5,1,6.75],"to":[9.5,7,6.75],"rotation":{"angle":0,"axis":"x","origin":[0,-4,1]},"faces":{"north":{"uv":[7,10,5,16],"texture":"#0"},"east":{"uv":[4,5,5,8],"texture":"#0"},"south":{"uv":[5,10,7,16],"texture":"#0"},"west":{"uv":[7,5,8,8],"texture":"#0"},"up":{"uv":[7,5,5,4],"texture":"#0"},"down":{"uv":[9,4,7,5],"texture":"#0"}}},{"from":[5.25,0.75,6.5],"to":[9.75,7.25,9],"rotation":{"angle":0,"axis":"x","origin":[0,-4,1]},"faces":{"north":{"uv":[7,10,5,16],"texture":"#1"},"east":{"uv":[4,10,5,16],"texture":"#1"},"south":{"uv":[8,10,10,16],"texture":"#1"},"west":{"uv":[7,10,8,16],"texture":"#1"},"up":{"uv":[7,10,5,8],"texture":"#1"},"down":{"uv":[9,8,7,10],"texture":"#1"}}},{"from":[5.5,1,6.75],"to":[9.5,1,8.75],"rotation":{"angle":0,"axis":"x","origin":[0,-4,1]},"faces":{"north":{"uv":[7,10,5,16],"texture":"#0"},"east":{"uv":[4,5,5,8],"texture":"#0"},"south":{"uv":[5,10,7,16],"texture":"#0"},"west":{"uv":[7,5,8,8],"texture":"#0"},"up":{"uv":[9,10,7,8],"texture":"#0"},"down":{"uv":[9,8,7,10],"texture":"#0"}}}],"display":{"thirdperson_righthand":{"rotation":[75,45,0],"translation":[0,1.5,0],"scale":[0.375,0.375,0.375]},"thirdperson_lefthand":{"rotation":[75,45,0],"translation":[0,1.5,0],"scale":[0.375,0.375,0.375]},"firstperson_righthand":{"rotation":[0,45,0],"translation":[0,1,0],"scale":[0.4,0.4,0.4]},"firstperson_lefthand":{"rotation":[0,45,0],"translation":[0,1,0],"scale":[0.4,0.4,0.4]},"ground":{"translation":[0,3,0],"scale":[0.25,0.25,0.25]},"gui":{"rotation":[30,225,0],"translation":[-0.75,1,0],"scale":[0.7,0.7,0.7]},"head":{"rotation":[0,15,0],"translation":[2,19.5,0],"scale":[1.5,1.5,1.5]},"fixed":{"scale":[0.5,0.5,0.5]}},"groups":[0,1,2,3,4,5,6,7,8,9,10,{"name":"group","origin":[0,-4,1],"color":0,"children":[11,12,13,14,15,16]}]}