{"credit":"By KeepMeow","texture_size":[128,128],"textures":{"0":"./pets/static/warden_pet"},"elements":[{"from":[11,-6,22],"to":[17,7,28],"rotation":{"angle":22.5,"axis":"x","origin":[0,7,13]},"faces":{"north":{"uv":[10.25,6.75,11,8.375],"texture":"#0"},"east":{"uv":[9.5,6.75,10.25,8.375],"texture":"#0"},"south":{"uv":[11.75,6.75,12.5,8.375],"texture":"#0"},"west":{"uv":[11,6.75,11.75,8.375],"texture":"#0"},"up":{"uv":[11,6,11.75,6.75],"texture":"#0"},"down":{"uv":[10.25,6,11,6.75],"texture":"#0"}}},{"from":[-1,-6,22],"to":[5,7,28],"rotation":{"angle":22.5,"axis":"x","origin":[0,7,13]},"faces":{"north":{"uv":[10.25,10.25,11,11.875],"texture":"#0"},"east":{"uv":[9.5,10.25,10.25,11.875],"texture":"#0"},"south":{"uv":[11.75,10.25,12.5,11.875],"texture":"#0"},"west":{"uv":[11,10.25,11.75,11.875],"texture":"#0"},"up":{"uv":[11,9.5,11.75,10.25],"texture":"#0"},"down":{"uv":[10.25,9.5,11,10.25],"texture":"#0"}}},{"from":[-2,4,3],"to":[18,14,24],"rotation":{"angle":22.5,"axis":"x","origin":[0,7,13]},"faces":{"north":{"uv":[1.375,1.375,3.625,0.125],"rotation":180,"texture":"#0"},"east":{"uv":[0,1.375,1.25,4],"rotation":90,"texture":"#0"},"south":{"uv":[3.625,0.125,5.875,1.375],"texture":"#0"},"west":{"uv":[3.75,1.375,5,4],"rotation":270,"texture":"#0"},"up":{"uv":[5,1.375,7.25,4],"texture":"#0"},"down":{"uv":[1.25,1.375,3.75,4],"rotation":180,"texture":"#0"}}},{"from":[0,11,-5],"to":[16,27,5],"rotation":{"angle":0,"axis":"y","origin":[0,7,13]},"faces":{"north":{"uv":[1.25,5.25,3.25,7.25],"texture":"#0"},"east":{"uv":[0,5.25,1.25,7.25],"texture":"#0"},"south":{"uv":[4.5,5.25,6.5,7.25],"texture":"#0"},"west":{"uv":[3.25,5.25,4.5,7.25],"texture":"#0"},"up":{"uv":[1.25,4,3.25,5.25],"texture":"#0"},"down":{"uv":[3.25,4,5.25,5.25],"texture":"#0"}}},{"from":[16,20,-0.5],"to":[26,30,-0.5],"rotation":{"angle":0,"axis":"y","origin":[0,7,13]},"faces":{"north":{"uv":[8.5,0.75,7.25,2],"texture":"#0"},"east":{"uv":[0,0,0,1.25],"texture":"#0"},"south":{"uv":[7.25,0.75,8.5,2],"texture":"#0"},"west":{"uv":[0,0,0,1.25],"texture":"#0"},"up":{"uv":[0,0,1.25,0],"texture":"#0"},"down":{"uv":[0,0,1.25,0],"texture":"#0"}}},{"from":[-10,20,-0.5],"to":[0,30,-0.5],"rotation":{"angle":0,"axis":"y","origin":[0,7,13]},"faces":{"north":{"uv":[7.25,0.75,8.5,2],"texture":"#0"},"east":{"uv":[0,0,0,1.25],"texture":"#0"},"south":{"uv":[8.5,0.75,7.25,2],"texture":"#0"},"west":{"uv":[0,0,0,1.25],"texture":"#0"},"up":{"uv":[0,0,1.25,0],"texture":"#0"},"down":{"uv":[0,0,1.25,0],"texture":"#0"}}},{"from":[-7,-13,1],"to":[1,15,9],"rotation":{"angle":22.5,"axis":"z","origin":[0,0,0]},"faces":{"north":{"uv":[1,8.25,2,11.75],"texture":"#0"},"east":{"uv":[0,8.25,1,11.75],"texture":"#0"},"south":{"uv":[3,8.25,4,11.75],"texture":"#0"},"west":{"uv":[2,8.25,3,11.75],"texture":"#0"},"up":{"uv":[1,7.25,2,8.25],"texture":"#0"},"down":{"uv":[2,7.25,3,8.25],"texture":"#0"}}},{"from":[13,-7,1],"to":[21,21,9],"rotation":{"angle":-22.5,"axis":"z","origin":[0,0,0]},"faces":{"north":{"uv":[6.5,7.25,7.5,10.75],"texture":"#0"},"east":{"uv":[5.5,7.25,6.5,10.75],"texture":"#0"},"south":{"uv":[8.5,7.25,9.5,10.75],"texture":"#0"},"west":{"uv":[7.5,7.25,8.5,10.75],"texture":"#0"},"up":{"uv":[6.5,6.25,7.5,7.25],"texture":"#0"},"down":{"uv":[7.5,6.25,8.5,7.25],"texture":"#0"}}}],"display":{"thirdperson_righthand":{"rotation":[75,45,0],"translation":[0,2.5,0],"scale":[0.175,0.175,0.175]},"thirdperson_lefthand":{"rotation":[75,45,0],"translation":[0,2.5,0],"scale":[0.175,0.175,0.175]},"firstperson_righthand":{"rotation":[0,45,0],"scale":[0.2,0.2,0.2]},"firstperson_lefthand":{"rotation":[0,45,0],"scale":[0.2,0.2,0.2]},"ground":{"translation":[0,4,0],"scale":[0.15,0.15,0.15]},"gui":{"rotation":[30,225,0],"translation":[0,1.3,0],"scale":[0.3,0.3,0.3]},"head":{"translation":[0,9,-4.5],"scale":[1.5,1.5,1.5]},"fixed":{"scale":[0.5,0.5,0.5]}}}