{"credit":"By KeepMeow","texture_size":[64,32],"textures":{"0":"./entities/wolf/wolf"},"elements":[{"from":[5,7,-10.5],"to":[11,11,-4.5],"rotation":{"angle":45,"axis":"x","origin":[0,0,0]},"faces":{"north":{"uv":[2.5,2,1,0],"rotation":180,"texture":"#0"},"east":{"uv":[0,2,1,5],"rotation":90,"texture":"#0"},"south":{"uv":[4,0,2.5,2],"texture":"#0"},"west":{"uv":[2.5,2,3.5,5],"rotation":270,"texture":"#0"},"up":{"uv":[3.5,2,5,5],"texture":"#0"},"down":{"uv":[1,2,2.5,5],"rotation":180,"texture":"#0"}}},{"from":[9,9,-12.5],"to":[11,10,-10.5],"rotation":{"angle":45,"axis":"x","origin":[0,0,0]},"faces":{"north":{"uv":[4.75,7.5,4.25,7],"rotation":180,"texture":"#0"},"east":{"uv":[4,7.5,4.25,8.5],"rotation":90,"texture":"#0"},"south":{"uv":[5.25,7,4.75,7.5],"texture":"#0"},"west":{"uv":[4.75,7.5,5,8.5],"rotation":270,"texture":"#0"},"up":{"uv":[5,7.5,5.5,8.5],"texture":"#0"},"down":{"uv":[4.25,7.5,4.75,8.5],"rotation":180,"texture":"#0"}}},{"from":[5,9,-12.5],"to":[7,10,-10.5],"rotation":{"angle":45,"axis":"x","origin":[0,0,0]},"faces":{"north":{"uv":[4.75,7.5,4.25,7],"rotation":180,"texture":"#0"},"east":{"uv":[4,7.5,4.25,8.5],"rotation":90,"texture":"#0"},"south":{"uv":[5.25,7,4.75,7.5],"texture":"#0"},"west":{"uv":[4.75,7.5,5,8.5],"rotation":270,"texture":"#0"},"up":{"uv":[5,7.5,5.5,8.5],"texture":"#0"},"down":{"uv":[4.25,7.5,4.75,8.5],"rotation":180,"texture":"#0"}}},{"from":[6.5,4,-7.52],"to":[9.5,8,-4.52],"rotation":{"angle":45,"axis":"x","origin":[0,0,0]},"faces":{"north":{"uv":[1.75,7,1,5],"rotation":180,"texture":"#0"},"east":{"uv":[0,7,1,8.5],"rotation":90,"texture":"#0"},"south":{"uv":[2.5,5,1.75,7],"texture":"#0"},"west":{"uv":[1.75,7,2.75,8.5],"rotation":270,"texture":"#0"},"up":{"uv":[2.75,7,3.5,8.5],"texture":"#0"},"down":{"uv":[1,7,1.75,8.5],"rotation":180,"texture":"#0"}}},{"from":[5,8,-0.75],"to":[11,14,8.25],"rotation":{"angle":45,"axis":"x","origin":[0,0,0]},"faces":{"north":{"uv":[9,10,7.5,7],"rotation":180,"texture":"#0"},"east":{"uv":[4.5,10,6,14.5],"rotation":90,"texture":"#0"},"south":{"uv":[9,7,7.5,10],"texture":"#0"},"west":{"uv":[7.5,10,9,14.5],"rotation":270,"texture":"#0"},"up":{"uv":[9,10,10.5,14.5],"texture":"#0"},"down":{"uv":[6,10,7.5,14.5],"rotation":180,"texture":"#0"}}},{"from":[4,7,-1],"to":[12,14,5],"rotation":{"angle":22.5,"axis":"x","origin":[0,0,0]},"faces":{"north":{"uv":[11,0,9,3.5],"rotation":180,"texture":"#0"},"east":{"uv":[5.25,3.5,7,6.5],"rotation":270,"texture":"#0"},"south":{"uv":[9,3.5,7,0],"texture":"#0"},"west":{"uv":[9,3.5,10.75,6.5],"rotation":90,"texture":"#0"},"up":{"uv":[7,3.5,9,6.5],"rotation":180,"texture":"#0"},"down":{"uv":[10.75,3.5,12.75,6.5],"texture":"#0"}}},{"from":[8.5,0,4],"to":[10.5,2,12],"faces":{"north":{"uv":[1.5,9,1,10],"rotation":180,"texture":"#0"},"east":{"uv":[0,10,0.5,14],"rotation":270,"texture":"#0"},"south":{"uv":[1,10,0.5,9],"texture":"#0"},"west":{"uv":[1,10,1.5,14],"rotation":90,"texture":"#0"},"up":{"uv":[0.5,10,1,14],"rotation":180,"texture":"#0"},"down":{"uv":[1.5,10,2,14],"texture":"#0"}}},{"from":[5.5,0,4],"to":[7.5,2,12],"faces":{"north":{"uv":[1.5,9,1,10],"rotation":180,"texture":"#0"},"east":{"uv":[0,10,0.5,14],"rotation":270,"texture":"#0"},"south":{"uv":[1,10,0.5,9],"texture":"#0"},"west":{"uv":[1,10,1.5,14],"rotation":90,"texture":"#0"},"up":{"uv":[0.5,10,1,14],"rotation":180,"texture":"#0"},"down":{"uv":[1.5,10,2,14],"texture":"#0"}}},{"from":[8.5,0,0],"to":[10.5,8,2],"rotation":{"angle":22.5,"axis":"x","origin":[0,0,0]},"faces":{"north":{"uv":[0.5,10,1,14],"texture":"#0"},"east":{"uv":[0,10,0.5,14],"texture":"#0"},"south":{"uv":[1.5,10,2,14],"texture":"#0"},"west":{"uv":[1,10,1.5,14],"texture":"#0"},"up":{"uv":[1,10,0.5,9],"texture":"#0"},"down":{"uv":[1.5,9,1,10],"texture":"#0"}}},{"from":[5.5,0,0],"to":[7.5,8,2],"rotation":{"angle":22.5,"axis":"x","origin":[0,0,0]},"faces":{"north":{"uv":[0.5,10,1,14],"texture":"#0"},"east":{"uv":[0,10,0.5,14],"texture":"#0"},"south":{"uv":[1.5,10,2,14],"texture":"#0"},"west":{"uv":[1,10,1.5,14],"texture":"#0"},"up":{"uv":[1,10,0.5,9],"texture":"#0"},"down":{"uv":[1.5,9,1,10],"texture":"#0"}}},{"from":[7,-3,14],"to":[9,-1,22],"rotation":{"angle":-22.5,"axis":"x","origin":[0,0,0]},"faces":{"north":{"uv":[3.25,10,2.75,9],"rotation":180,"texture":"#0"},"east":{"uv":[2.25,10,2.75,14],"rotation":90,"texture":"#0"},"south":{"uv":[3.75,9,3.25,10],"texture":"#0"},"west":{"uv":[3.25,10,3.75,14],"rotation":270,"texture":"#0"},"up":{"uv":[3.75,10,4.25,14],"texture":"#0"},"down":{"uv":[2.75,10,3.25,14],"rotation":180,"texture":"#0"}}}],"display":{"thirdperson_righthand":{"rotation":[75,45,0],"translation":[0,2,0],"scale":[0.375,0.375,0.375]},"thirdperson_lefthand":{"rotation":[75,45,0],"translation":[0,2,0],"scale":[0.375,0.375,0.375]},"firstperson_righthand":{"rotation":[0,45,0],"scale":[0.4,0.4,0.4]},"firstperson_lefthand":{"rotation":[0,45,0],"scale":[0.4,0.4,0.4]},"ground":{"translation":[0,3,0],"scale":[0.25,0.25,0.25]},"gui":{"rotation":[30,225,0],"scale":[0.625,0.625,0.625]},"head":{"translation":[0,19.25,2.5],"scale":[1.5,1.5,1.5]},"fixed":{"scale":[0.5,0.5,0.5]}}}