{
	"credit": "Made with Blockbench",
	"textures": {
		"1": "block/podzol_top",
		"2": "block/lily_of_the_valley",
		"particle": "block/cobblestone",
		"wall": "block/cobblestone"
	},
	"elements": [
		{
			"name": "wall",
			"from": [5, 0, 0],
			"to": [11, 13, 8],
			"faces": {
				"north": {"uv": [5, 3, 11, 16], "texture": "#wall", "cullface": "north"},
				"east": {"uv": [8, 3, 16, 16], "texture": "#wall"},
				"west": {"uv": [0, 3, 8, 16], "texture": "#wall"},
				"up": {"uv": [5, 0, 11, 8], "texture": "#1"},
				"down": {"uv": [5, 8, 11, 16], "texture": "#wall", "cullface": "down"}
			}
		},
		{
			"name": "wall",
			"from": [10, 13, 0],
			"to": [11, 14, 8],
			"rotation": {"angle": 0, "axis": "y", "origin": [8, 9, 8]},
			"faces": {
				"north": {"uv": [5, 2, 6, 3], "texture": "#wall", "cullface": "north"},
				"east": {"uv": [8, 2, 16, 3], "texture": "#wall"},
				"west": {"uv": [0, 2, 8, 3], "texture": "#wall"},
				"up": {"uv": [10, 0, 11, 8], "texture": "#wall"},
				"down": {"uv": [10, 8, 11, 16], "texture": "#wall", "cullface": "down"}
			}
		},
		{
			"name": "wall",
			"from": [5, 13, 0],
			"to": [6, 14, 8],
			"rotation": {"angle": 0, "axis": "y", "origin": [3, 9, 8]},
			"faces": {
				"north": {"uv": [10, 2, 11, 3], "texture": "#wall", "cullface": "north"},
				"east": {"uv": [8, 2, 16, 3], "texture": "#wall"},
				"west": {"uv": [0, 2, 8, 3], "texture": "#wall"},
				"up": {"uv": [5, 0, 6, 8], "texture": "#wall"},
				"down": {"uv": [5, 8, 6, 16], "texture": "#wall", "cullface": "down"}
			}
		},
		{
			"from": [8, 13, 3],
			"to": [8, 14, 4],
			"rotation": {"angle": 0, "axis": "y", "origin": [8, 13.5, 3.5]},
			"faces": {
				"north": {"uv": [0, 0, 0, 2], "texture": "#2"},
				"east": {"uv": [9, 12, 10, 13], "texture": "#2"},
				"south": {"uv": [0, 0, 0, 2], "texture": "#2"},
				"west": {"uv": [9, 12, 10, 13], "texture": "#2"},
				"up": {"uv": [0, 0, 0, 1], "texture": "#2"},
				"down": {"uv": [0, 0, 0, 1], "texture": "#2"}
			}
		},
		{
			"from": [7.5, 13, 3.5],
			"to": [8.5, 14, 3.5],
			"rotation": {"angle": 0, "axis": "y", "origin": [8, 13.5, 3.5]},
			"faces": {
				"north": {"uv": [9, 12, 10, 13], "texture": "#2"},
				"east": {"uv": [0, 0, 0, 2], "texture": "#2"},
				"south": {"uv": [9, 12, 10, 13], "texture": "#2"},
				"west": {"uv": [0, 0, 0, 2], "texture": "#2"},
				"up": {"uv": [0, 0, 0, 1], "rotation": 270, "texture": "#2"},
				"down": {"uv": [0, 0, 0, 1], "rotation": 90, "texture": "#2"}
			}
		},
		{
			"from": [9, 13, 5],
			"to": [9, 14, 6],
			"rotation": {"angle": 0, "axis": "y", "origin": [9, 13.5, 5.5]},
			"faces": {
				"north": {"uv": [0, 0, 0, 2], "texture": "#2"},
				"east": {"uv": [8, 13, 9, 14], "texture": "#2"},
				"south": {"uv": [0, 0, 0, 2], "texture": "#2"},
				"west": {"uv": [8, 13, 9, 14], "texture": "#2"},
				"up": {"uv": [0, 0, 0, 1], "texture": "#2"},
				"down": {"uv": [0, 0, 0, 1], "texture": "#2"}
			}
		},
		{
			"from": [8.5, 13, 5.5],
			"to": [9.5, 14, 5.5],
			"rotation": {"angle": 0, "axis": "y", "origin": [9, 13.5, 5.5]},
			"faces": {
				"north": {"uv": [8, 13, 9, 14], "texture": "#2"},
				"east": {"uv": [0, 0, 0, 2], "texture": "#2"},
				"south": {"uv": [8, 13, 9, 14], "texture": "#2"},
				"west": {"uv": [0, 0, 0, 2], "texture": "#2"},
				"up": {"uv": [0, 0, 0, 1], "rotation": 270, "texture": "#2"},
				"down": {"uv": [0, 0, 0, 1], "rotation": 90, "texture": "#2"}
			}
		},
		{
			"from": [7.5, 13, 6],
			"to": [7.5, 14, 7],
			"rotation": {"angle": 0, "axis": "y", "origin": [7.5, 13.5, 6.5]},
			"faces": {
				"north": {"uv": [0, 0, 0, 2], "texture": "#2"},
				"east": {"uv": [9, 12, 10, 13], "texture": "#2"},
				"south": {"uv": [0, 0, 0, 2], "texture": "#2"},
				"west": {"uv": [9, 12, 10, 13], "texture": "#2"},
				"up": {"uv": [0, 0, 0, 1], "texture": "#2"},
				"down": {"uv": [0, 0, 0, 1], "texture": "#2"}
			}
		},
		{
			"from": [7, 13, 6.5],
			"to": [8, 14, 6.5],
			"rotation": {"angle": 0, "axis": "y", "origin": [7.5, 13.5, 6.5]},
			"faces": {
				"north": {"uv": [9, 12, 10, 13], "texture": "#2"},
				"east": {"uv": [0, 0, 0, 2], "texture": "#2"},
				"south": {"uv": [9, 12, 10, 13], "texture": "#2"},
				"west": {"uv": [0, 0, 0, 2], "texture": "#2"},
				"up": {"uv": [0, 0, 0, 1], "rotation": 270, "texture": "#2"},
				"down": {"uv": [0, 0, 0, 1], "rotation": 90, "texture": "#2"}
			}
		},
		{
			"from": [8.5, 13, 1],
			"to": [8.5, 14, 2],
			"rotation": {"angle": 0, "axis": "y", "origin": [8.5, 13.5, 1.5]},
			"faces": {
				"north": {"uv": [0, 0, 0, 2], "texture": "#2"},
				"east": {"uv": [8, 13, 9, 14], "texture": "#2"},
				"south": {"uv": [0, 0, 0, 2], "texture": "#2"},
				"west": {"uv": [8, 13, 9, 14], "texture": "#2"},
				"up": {"uv": [0, 0, 0, 1], "texture": "#2"},
				"down": {"uv": [0, 0, 0, 1], "texture": "#2"}
			}
		},
		{
			"from": [8, 13, 1.5],
			"to": [9, 14, 1.5],
			"rotation": {"angle": 0, "axis": "y", "origin": [8.5, 13.5, 1.5]},
			"faces": {
				"north": {"uv": [8, 13, 9, 14], "texture": "#2"},
				"east": {"uv": [0, 0, 0, 2], "texture": "#2"},
				"south": {"uv": [8, 13, 9, 14], "texture": "#2"},
				"west": {"uv": [0, 0, 0, 2], "texture": "#2"},
				"up": {"uv": [0, 0, 0, 1], "rotation": 270, "texture": "#2"},
				"down": {"uv": [0, 0, 0, 1], "rotation": 90, "texture": "#2"}
			}
		}
	]
}