{
	"credit": "Made with Blockbench",
	"parent": "block/block",
	"textures": {
		"1": "block/oak_log_top",
		"2": "block/fence_chain",
		"particle": "block/oak_log",
		"texture": "block/oak_log"
	},
	"elements": [
		{
			"name": "top bar",
			"from": [11, 5, 8],
			"to": [12, 6, 8],
			"rotation": {"angle": 0, "axis": "z", "origin": [13.5, 10.5, 8]},
			"faces": {
				"north": {"uv": [13, 0, 14, 1], "rotation": 270, "texture": "#2"},
				"east": {"uv": [0, 0, 1, 1], "rotation": 180, "texture": "#2"},
				"south": {"uv": [13, 2, 14, 3], "rotation": 90, "texture": "#2"},
				"west": {"uv": [0, 0, 1, 1], "texture": "#2"},
				"up": {"uv": [0, 0, 1, 1], "rotation": 90, "texture": "#2"},
				"down": {"uv": [0, 0, 1, 1], "rotation": 90, "texture": "#2"}
			}
		},
		{
			"from": [13, 5, 8],
			"to": [14, 6, 8],
			"rotation": {"angle": 0, "axis": "z", "origin": [13.5, 10.5, 8]},
			"faces": {
				"north": {"uv": [13, 2, 14, 3], "texture": "#2"},
				"east": {"uv": [0, 0, 2, 0], "rotation": 270, "texture": "#2"},
				"south": {"uv": [13, 0, 14, 1], "rotation": 180, "texture": "#2"},
				"west": {"uv": [0, 0, 2, 0], "rotation": 90, "texture": "#2"},
				"up": {"uv": [0, 0, 1, 0], "rotation": 180, "texture": "#2"},
				"down": {"uv": [0, 0, 1, 0], "texture": "#2"}
			}
		},
		{
			"from": [12, 6, 8],
			"to": [13, 7, 8],
			"rotation": {"angle": 0, "axis": "z", "origin": [13.5, 10.5, 8]},
			"faces": {
				"north": {"uv": [12, 1, 13, 2], "texture": "#2"},
				"east": {"uv": [0, 0, 2, 0], "rotation": 270, "texture": "#2"},
				"south": {"uv": [12, 1, 13, 2], "rotation": 180, "texture": "#2"},
				"west": {"uv": [0, 0, 2, 0], "rotation": 90, "texture": "#2"},
				"up": {"uv": [0, 0, 1, 0], "rotation": 180, "texture": "#2"},
				"down": {"uv": [0, 0, 1, 0], "texture": "#2"}
			}
		},
		{
			"name": "top bar",
			"from": [12.5, 7, 8],
			"to": [13.5, 9, 8],
			"rotation": {"angle": 0, "axis": "z", "origin": [13.5, 10.5, 8]},
			"faces": {
				"north": {"uv": [4, 3, 6, 4], "rotation": 90, "texture": "#2"},
				"east": {"uv": [0, 0, 1, 1], "rotation": 180, "texture": "#2"},
				"south": {"uv": [4, 3, 6, 4], "rotation": 90, "texture": "#2"},
				"west": {"uv": [0, 0, 1, 1], "texture": "#2"},
				"up": {"uv": [0, 0, 1, 1], "rotation": 90, "texture": "#2"},
				"down": {"uv": [0, 0, 1, 1], "rotation": 90, "texture": "#2"}
			}
		},
		{
			"from": [13, 7, 7.5],
			"to": [13, 9, 8.5],
			"rotation": {"angle": 0, "axis": "z", "origin": [13.5, 10.5, 8]},
			"faces": {
				"north": {"uv": [0, 0, 2, 0], "rotation": 270, "texture": "#2"},
				"east": {"uv": [4, 3, 6, 4], "rotation": 90, "texture": "#2"},
				"south": {"uv": [0, 0, 2, 0], "rotation": 90, "texture": "#2"},
				"west": {"uv": [4, 3, 6, 4], "rotation": 90, "texture": "#2"},
				"up": {"uv": [0, 0, 1, 0], "rotation": 90, "texture": "#2"},
				"down": {"uv": [0, 0, 1, 0], "rotation": 90, "texture": "#2"}
			}
		},
		{
			"from": [13.5, 9, 7.5],
			"to": [13.5, 11, 8.5],
			"rotation": {"angle": 0, "axis": "z", "origin": [13.5, 10.5, 8]},
			"faces": {
				"north": {"uv": [0, 0, 2, 0], "rotation": 270, "texture": "#2"},
				"east": {"uv": [2, 2, 4, 3], "rotation": 90, "texture": "#2"},
				"south": {"uv": [0, 0, 2, 0], "rotation": 90, "texture": "#2"},
				"west": {"uv": [2, 2, 4, 3], "rotation": 90, "texture": "#2"},
				"up": {"uv": [0, 0, 1, 0], "rotation": 90, "texture": "#2"},
				"down": {"uv": [0, 0, 1, 0], "rotation": 90, "texture": "#2"}
			}
		},
		{
			"name": "top bar",
			"from": [13, 9, 8],
			"to": [14, 11, 8],
			"rotation": {"angle": 0, "axis": "z", "origin": [13.5, 10.5, 8]},
			"faces": {
				"north": {"uv": [2, 2, 4, 3], "rotation": 90, "texture": "#2"},
				"east": {"uv": [0, 0, 1, 1], "rotation": 180, "texture": "#2"},
				"south": {"uv": [2, 2, 4, 3], "rotation": 90, "texture": "#2"},
				"west": {"uv": [0, 0, 1, 1], "texture": "#2"},
				"up": {"uv": [0, 0, 1, 1], "rotation": 90, "texture": "#2"},
				"down": {"uv": [0, 0, 1, 1], "rotation": 90, "texture": "#2"}
			}
		},
		{
			"name": "top bar",
			"from": [2, 9, 8],
			"to": [3, 11, 8],
			"rotation": {"angle": 0, "axis": "z", "origin": [2.5, 10.5, 8]},
			"faces": {
				"north": {"uv": [2, 2, 4, 3], "rotation": 90, "texture": "#2"},
				"east": {"uv": [0, 0, 1, 1], "rotation": 180, "texture": "#2"},
				"south": {"uv": [2, 2, 4, 3], "rotation": 90, "texture": "#2"},
				"west": {"uv": [0, 0, 1, 1], "texture": "#2"},
				"up": {"uv": [0, 0, 1, 1], "rotation": 270, "texture": "#2"},
				"down": {"uv": [0, 0, 1, 1], "rotation": 270, "texture": "#2"}
			}
		},
		{
			"from": [2, 5, 8],
			"to": [3, 6, 8],
			"rotation": {"angle": 0, "axis": "z", "origin": [2.5, 10.5, 8]},
			"faces": {
				"north": {"uv": [14, 2, 15, 3], "rotation": 180, "texture": "#2"},
				"east": {"uv": [0, 0, 2, 0], "rotation": 270, "texture": "#2"},
				"south": {"uv": [14, 0, 15, 1], "texture": "#2"},
				"west": {"uv": [0, 0, 2, 0], "rotation": 90, "texture": "#2"},
				"up": {"uv": [0, 0, 1, 0], "rotation": 180, "texture": "#2"},
				"down": {"uv": [0, 0, 1, 0], "texture": "#2"}
			}
		},
		{
			"from": [3, 6, 8],
			"to": [4, 7, 8],
			"rotation": {"angle": 0, "axis": "z", "origin": [2.5, 10.5, 8]},
			"faces": {
				"north": {"uv": [15, 1, 16, 2], "rotation": 180, "texture": "#2"},
				"east": {"uv": [0, 0, 2, 0], "rotation": 270, "texture": "#2"},
				"south": {"uv": [15, 1, 16, 2], "texture": "#2"},
				"west": {"uv": [0, 0, 2, 0], "rotation": 90, "texture": "#2"},
				"up": {"uv": [0, 0, 1, 0], "rotation": 180, "texture": "#2"},
				"down": {"uv": [0, 0, 1, 0], "texture": "#2"}
			}
		},
		{
			"from": [3, 7, 7.5],
			"to": [3, 9, 8.5],
			"rotation": {"angle": 0, "axis": "z", "origin": [2.5, 10.5, 8]},
			"faces": {
				"north": {"uv": [0, 0, 2, 0], "rotation": 90, "texture": "#2"},
				"east": {"uv": [4, 3, 6, 4], "rotation": 90, "texture": "#2"},
				"south": {"uv": [0, 0, 2, 0], "rotation": 270, "texture": "#2"},
				"west": {"uv": [4, 3, 6, 4], "rotation": 90, "texture": "#2"},
				"up": {"uv": [0, 0, 1, 0], "rotation": 270, "texture": "#2"},
				"down": {"uv": [0, 0, 1, 0], "rotation": 270, "texture": "#2"}
			}
		},
		{
			"name": "top bar",
			"from": [4, 5, 8],
			"to": [5, 6, 8],
			"rotation": {"angle": 0, "axis": "z", "origin": [2.5, 10.5, 8]},
			"faces": {
				"north": {"uv": [14, 0, 15, 1], "rotation": 90, "texture": "#2"},
				"east": {"uv": [0, 0, 1, 1], "rotation": 180, "texture": "#2"},
				"south": {"uv": [14, 2, 15, 3], "rotation": 270, "texture": "#2"},
				"west": {"uv": [0, 0, 1, 1], "texture": "#2"},
				"up": {"uv": [0, 0, 1, 1], "rotation": 270, "texture": "#2"},
				"down": {"uv": [0, 0, 1, 1], "rotation": 270, "texture": "#2"}
			}
		},
		{
			"name": "top bar",
			"from": [2.5, 7, 8],
			"to": [3.5, 9, 8],
			"rotation": {"angle": 0, "axis": "z", "origin": [2.5, 10.5, 8]},
			"faces": {
				"north": {"uv": [4, 3, 6, 4], "rotation": 90, "texture": "#2"},
				"east": {"uv": [0, 0, 1, 1], "rotation": 180, "texture": "#2"},
				"south": {"uv": [4, 3, 6, 4], "rotation": 90, "texture": "#2"},
				"west": {"uv": [0, 0, 1, 1], "texture": "#2"},
				"up": {"uv": [0, 0, 1, 1], "rotation": 270, "texture": "#2"},
				"down": {"uv": [0, 0, 1, 1], "rotation": 270, "texture": "#2"}
			}
		},
		{
			"from": [2.5, 9, 7.5],
			"to": [2.5, 11, 8.5],
			"rotation": {"angle": 0, "axis": "z", "origin": [2.5, 10.5, 8]},
			"faces": {
				"north": {"uv": [0, 0, 2, 0], "rotation": 90, "texture": "#2"},
				"east": {"uv": [2, 2, 4, 3], "rotation": 90, "texture": "#2"},
				"south": {"uv": [0, 0, 2, 0], "rotation": 270, "texture": "#2"},
				"west": {"uv": [2, 2, 4, 3], "rotation": 90, "texture": "#2"},
				"up": {"uv": [0, 0, 1, 0], "rotation": 270, "texture": "#2"},
				"down": {"uv": [0, 0, 1, 0], "rotation": 270, "texture": "#2"}
			}
		},
		{
			"from": [14, 0, 7],
			"to": [16, 13, 9],
			"faces": {
				"north": {"uv": [0, 0, 2, 13], "texture": "#texture"},
				"east": {"uv": [0, 0, 2, 13], "texture": "#texture"},
				"south": {"uv": [0, 0, 2, 13], "texture": "#texture"},
				"west": {"uv": [0, 0, 2, 13], "texture": "#texture"},
				"up": {"uv": [7, 7, 9, 9], "texture": "#1"},
				"down": {"uv": [7, 7, 9, 9], "texture": "#1"}
			}
		},
		{
			"from": [0, 0, 7],
			"to": [2, 13, 9],
			"faces": {
				"north": {"uv": [0, 0, 2, 13], "texture": "#texture"},
				"east": {"uv": [0, 0, 2, 13], "texture": "#texture"},
				"south": {"uv": [0, 0, 2, 13], "texture": "#texture"},
				"west": {"uv": [0, 0, 2, 13], "texture": "#texture"},
				"up": {"uv": [7, 7, 9, 9], "texture": "#1"},
				"down": {"uv": [7, 7, 9, 9], "texture": "#1"}
			}
		}
	],
	"display": {
		"gui": {
			"rotation": [30, 45, 0],
			"translation": [0, -1, 0],
			"scale": [0.8, 0.8, 0.8]
		},
		"head": {
			"translation": [0, -3, -6]
		}
	},
	"groups": [
		{
			"name": "group",
			"origin": [8, 8, 8],
			"children": [
				{
					"name": "group",
					"origin": [8, 8, 8],
					"children": [0, 1, 2, 3, 4, 5, 6]
				},
				{
					"name": "group",
					"origin": [8, 8, 8],
					"children": [7, 8, 9, 10, 11, 12, 13]
				}, 14, 15]
		}
	]
}