{"credit":"By KeepMeow","texture_size":[64,64],"textures":{"1":"./entities/lead_knot","2":"./you/enderfuff"},"elements":[{"from":[3.5,22.55,3.5],"to":[12.7,31.75,12.7],"rotation":{"angle":0,"axis":"y","origin":[8,27,8]},"faces":{"north":{"uv":[10,2,12,4],"texture":"#2"},"east":{"uv":[8,2,10,4],"texture":"#2"},"south":{"uv":[14,2,16,4],"texture":"#2"},"west":{"uv":[12,2,14,4],"texture":"#2"},"up":{"uv":[12,2,10,0],"texture":"#2"},"down":{"uv":[14,0,12,2],"texture":"#2"}}},{"from":[4,23,4],"to":[12.2,31.2,12.2],"rotation":{"angle":0,"axis":"y","origin":[8,27,8]},"faces":{"north":{"uv":[2,2,4,4],"texture":"#2"},"east":{"uv":[0,2,2,4],"texture":"#2"},"south":{"uv":[6,2,8,4],"texture":"#2"},"west":{"uv":[4,2,6,4],"texture":"#2"},"up":{"uv":[4,2,2,0],"texture":"#2"},"down":{"uv":[6,0,4,2],"texture":"#2"}}},{"from":[3.75,10.75,5.75],"to":[12.25,23.25,10.25],"rotation":{"angle":0,"axis":"y","origin":[8,17,8]},"faces":{"north":{"uv":[5,9,7,12],"texture":"#2"},"east":{"uv":[4,9,5,12],"texture":"#2"},"south":{"uv":[8,9,10,12],"texture":"#2"},"west":{"uv":[7,9,8,12],"texture":"#2"},"up":{"uv":[7,9,5,8],"texture":"#2"},"down":{"uv":[9,8,7,9],"texture":"#2"}}},{"from":[4,11,6],"to":[12,23,10],"rotation":{"angle":0,"axis":"y","origin":[8,17,8]},"faces":{"north":{"uv":[5,5,7,8],"texture":"#2"},"east":{"uv":[4,5,5,8],"texture":"#2"},"south":{"uv":[8,5,10,8],"texture":"#2"},"west":{"uv":[7,5,8,8],"texture":"#2"},"up":{"uv":[7,5,5,4],"texture":"#2"},"down":{"uv":[9,4,7,5],"texture":"#2"}}},{"from":[11.75,18.75,-2.25],"to":[15.25,23.25,10.25],"rotation":{"angle":-22.5,"axis":"x","origin":[14,22,8]},"faces":{"north":{"uv":[12.5,8,11.75,9],"rotation":180,"texture":"#2"},"east":{"uv":[10,9,11,12],"rotation":270,"texture":"#2"},"south":{"uv":[11.75,9,11,8],"texture":"#2"},"west":{"uv":[11.75,9,12.75,12],"rotation":90,"texture":"#2"},"up":{"uv":[11,9,11.75,12],"rotation":180,"texture":"#2"},"down":{"uv":[12.75,9,13.5,12],"texture":"#2"}}},{"from":[12,19,-2],"to":[15,23,10],"rotation":{"angle":-22.5,"axis":"x","origin":[14,22,8]},"faces":{"north":{"uv":[12.5,4,11.75,5],"rotation":180,"texture":"#2"},"east":{"uv":[10,5,11,8],"rotation":270,"texture":"#2"},"south":{"uv":[11.75,5,11,4],"texture":"#2"},"west":{"uv":[11.75,5,12.75,8],"rotation":90,"texture":"#2"},"up":{"uv":[11,5,11.75,8],"rotation":180,"texture":"#2"},"down":{"uv":[12.75,5,13.5,8],"texture":"#2"}}},{"from":[0.75,18.75,-2.25],"to":[4.25,23.25,10.25],"rotation":{"angle":-22.5,"axis":"x","origin":[2,22,8]},"faces":{"north":{"uv":[14.5,12,13.75,13],"rotation":180,"texture":"#2"},"east":{"uv":[12,13,13,16],"rotation":270,"texture":"#2"},"south":{"uv":[13.75,13,13,12],"texture":"#2"},"west":{"uv":[13.75,13,14.75,16],"rotation":90,"texture":"#2"},"up":{"uv":[13,13,13.75,16],"rotation":180,"texture":"#2"},"down":{"uv":[14.75,13,15.5,16],"texture":"#2"}}},{"from":[1,19,-2],"to":[4,23,10],"rotation":{"angle":-22.5,"axis":"x","origin":[2,22,8]},"faces":{"north":{"uv":[10.5,12,9.75,13],"rotation":180,"texture":"#2"},"east":{"uv":[8,13,9,16],"rotation":270,"texture":"#2"},"south":{"uv":[9.75,13,9,12],"texture":"#2"},"west":{"uv":[9.75,13,10.75,16],"rotation":90,"texture":"#2"},"up":{"uv":[9,13,9.75,16],"rotation":180,"texture":"#2"},"down":{"uv":[10.75,13,11.5,16],"texture":"#2"}}},{"from":[8.5,8.25,-3],"to":[12.5,12.25,9],"rotation":{"angle":-22.5,"axis":"y","origin":[10,10,8]},"faces":{"north":{"uv":[3,4,2,5],"rotation":180,"texture":"#2"},"east":{"uv":[0,5,1,8],"rotation":270,"texture":"#2"},"south":{"uv":[2,5,1,4],"texture":"#2"},"west":{"uv":[2,5,3,8],"rotation":90,"texture":"#2"},"up":{"uv":[1,5,2,8],"rotation":180,"texture":"#2"},"down":{"uv":[3,5,4,8],"texture":"#2"}}},{"from":[8.25,8,-3.25],"to":[12.75,12.5,9.25],"rotation":{"angle":-22.5,"axis":"y","origin":[10,10,8]},"faces":{"north":{"uv":[3,8,2,9],"rotation":180,"texture":"#2"},"east":{"uv":[0,9,1,12],"rotation":270,"texture":"#2"},"south":{"uv":[2,9,1,8],"texture":"#2"},"west":{"uv":[2,9,3,12],"rotation":90,"texture":"#2"},"up":{"uv":[1,9,2,12],"rotation":180,"texture":"#2"},"down":{"uv":[3,9,4,12],"texture":"#2"}}},{"from":[3.5,8.25,-3],"to":[7.5,12.25,9],"rotation":{"angle":22.5,"axis":"y","origin":[6,10,8]},"faces":{"north":{"uv":[7,12,6,13],"rotation":180,"texture":"#2"},"east":{"uv":[4,13,5,16],"rotation":270,"texture":"#2"},"south":{"uv":[6,13,5,12],"texture":"#2"},"west":{"uv":[6,13,7,16],"rotation":90,"texture":"#2"},"up":{"uv":[5,13,6,16],"rotation":180,"texture":"#2"},"down":{"uv":[7,13,8,16],"texture":"#2"}}},{"from":[3.25,8,-3.25],"to":[7.75,12.5,9.25],"rotation":{"angle":22.5,"axis":"y","origin":[6,10,8]},"faces":{"north":{"uv":[3,12,2,13],"rotation":180,"texture":"#2"},"east":{"uv":[0,13,1,16],"rotation":270,"texture":"#2"},"south":{"uv":[2,13,1,12],"texture":"#2"},"west":{"uv":[2,13,3,16],"rotation":90,"texture":"#2"},"up":{"uv":[1,13,2,16],"rotation":180,"texture":"#2"},"down":{"uv":[3,13,4,16],"texture":"#2"}}},{"from":[3,10.25,10.5],"to":[13,11.25,10.5],"faces":{"north":{"uv":[1.5,6.5,4,7],"texture":"#1"},"east":{"uv":[0,0,0,0.25],"texture":"#1"},"south":{"uv":[1.5,6.5,4,7],"texture":"#1"},"west":{"uv":[0,0,0,0.25],"texture":"#1"},"up":{"uv":[0,0,2.5,0],"texture":"#1"},"down":{"uv":[0,0,2.5,0],"texture":"#1"}}},{"from":[3,16,10.5],"to":[13,17,10.5],"faces":{"north":{"uv":[9.5,3,12,3.5],"texture":"#1"},"east":{"uv":[0,0,0,0.25],"texture":"#1"},"south":{"uv":[9.5,3,12,3.5],"texture":"#1"},"west":{"uv":[0,0,0,0.25],"texture":"#1"},"up":{"uv":[0,0,2.5,0],"texture":"#1"},"down":{"uv":[0,0,2.5,0],"texture":"#1"}}},{"from":[13,16,-3.5],"to":[13,17,10.5],"faces":{"north":{"uv":[0,0,0,0.25],"texture":"#1"},"east":{"uv":[0,3,5.5,3.5],"texture":"#1"},"south":{"uv":[0,0,0,0.25],"texture":"#1"},"west":{"uv":[5.5,3,0,3.5],"texture":"#1"},"up":{"uv":[0,0,0,5.5],"texture":"#1"},"down":{"uv":[0,0,0,5.5],"texture":"#1"}}},{"from":[13,13.5,-9.5],"to":[13,14.5,5.75],"rotation":{"angle":22.5,"axis":"x","origin":[0,0,0]},"faces":{"north":{"uv":[0,0,0,0.25],"texture":"#1"},"east":{"uv":[4.5,6,10,6.5],"texture":"#1"},"south":{"uv":[0,0,0,0.25],"texture":"#1"},"west":{"uv":[10,6,4.5,6.5],"texture":"#1"},"up":{"uv":[0,0,0,5.5],"texture":"#1"},"down":{"uv":[0,0,0,5.5],"texture":"#1"}}},{"from":[3,13.5,-9.5],"to":[3,14.5,5.75],"rotation":{"angle":22.5,"axis":"x","origin":[0,0,0]},"faces":{"north":{"uv":[0,0,0,0.25],"texture":"#1"},"east":{"uv":[6.5,5,12,5.5],"texture":"#1"},"south":{"uv":[0,0,0,0.25],"texture":"#1"},"west":{"uv":[12,5,6.5,5.5],"texture":"#1"},"up":{"uv":[0,0,0,5.5],"texture":"#1"},"down":{"uv":[0,0,0,5.5],"texture":"#1"}}},{"from":[3,16,-3.5],"to":[3,17,10.5],"faces":{"north":{"uv":[0,0,0,0.25],"texture":"#1"},"east":{"uv":[4,6.5,9.5,7],"texture":"#1"},"south":{"uv":[0,0,0,0.25],"texture":"#1"},"west":{"uv":[9.5,6.5,4,7],"texture":"#1"},"up":{"uv":[0,0,0,5.5],"texture":"#1"},"down":{"uv":[0,0,0,5.5],"texture":"#1"}}},{"from":[3,16,-3.5],"to":[13,17,-3.5],"faces":{"north":{"uv":[1.5,5.5,4,6],"texture":"#1"},"east":{"uv":[0,0,0,0.25],"texture":"#1"},"south":{"uv":[1.5,5.5,4,6],"texture":"#1"},"west":{"uv":[0,0,0,0.25],"texture":"#1"},"up":{"uv":[0,0,2.5,0],"texture":"#1"},"down":{"uv":[0,0,2.5,0],"texture":"#1"}}}],"display":{"thirdperson_righthand":{"rotation":[75,45,0],"translation":[0,0,-2],"scale":[0.25,0.25,0.25]},"thirdperson_lefthand":{"rotation":[75,45,0],"translation":[0,0,-2],"scale":[0.25,0.25,0.25]},"firstperson_righthand":{"rotation":[0,45,0],"translation":[1,-1,0],"scale":[0.25,0.25,0.25]},"firstperson_lefthand":{"rotation":[0,45,0],"translation":[1,-1,0],"scale":[0.25,0.25,0.25]},"ground":{"translation":[0,3,0],"scale":[0.15,0.15,0.15]},"gui":{"rotation":[30,225,0],"translation":[-1,-3.75,0],"scale":[0.45,0.45,0.45]},"head":{"translation":[0,-10,9.5],"scale":[1.5,1.5,1.5]},"fixed":{"translation":[0,-3.5,0],"scale":[0.5,0.5,0.5]}}}